:020000040800F2
:1000000030440124E504000829CC000871B8000838
:1000100081CA0008C92E0008E12401080000000080
:10002000000000000000000000000000250400089F
:100030004137000800000000810400082FDA0008A2
:10004000FF040008FF040008FF040008FF04000884
:10005000FF040008FF040008FF040008FF04000874
:10006000FF040008FF040008FF0400083D310008F9
:10007000FF0400084D3100085D3100086D310008B3
:10008000FF040008FF040008FF040008FF04000844
:10009000FF040008FF040008FF040008FF04000834
:1000A000FF040008FF040008FF040008FF04000824
:1000B000FF040008FF040008FF040008FF04000814
:1000C000FF040008FF040008FF040008FF04000804
:1000D000FF04000851FB000861FB0008FF04000852
:1000E000FF040008FF04000800000000FF040008EF
:1000F000FF040008FF040008FF040008FF040008D4
:10010000FF040008FF040008FF040008FF040008C3
:1001100071E60008FF040008FF040008FF0400085F
:10012000FF040008FF040008FF040008FF040008A3
:10013000FF040008FF040008FF040008FF04000893
:1001400000000000000000000000000000000000AF
:10015000FF040008FF040008FF040008FF04000873
:10016000FF040008FF040008FF040008FF04000863
:10017000FF040008FF040008FF040008000000005E
:10018000FF040008FF040008FF040008FF04000843
:10019000FF040008FF040008FF040008FF04000833
:1001A00089BE0008FF040008FF040008FF040008DF
:1001B000FF040008FF040008FF040008FF04000813
:1001C000FF040008FF040008FF040008FF04000803
:1001D000FF04000891CF0008FF040008FF04000896
:1001E000FF040008FF040008FF040008FF040008E3
:1001F000FF040008FF040008FF040008FF040008D3
:10020000FF040008FF040008FF040008FF040008C2
:10021000FF040008FF040008CDDC0008FF0400080C
:10022000FF040008FF040008FF04000800000000AD
:10023000FF040008FF04000800000000FF0400089D
:10024000FF040008FF040008FF040008FF04000882
:10025000FF040008FF040008FF040008FF04000872
:10026000FF040008FF040008FF040008FF04000862
:10027000FF040008FF040008FF040008000000005D
:10028000FF040008FF040008FF040008000000004D
:1002900000000000FF04000800F002F800F0B2F8CF
:1002A0000AA090E8000C82448344AAF10107DA45D1
:1002B00001D100F0A7F8AFF2090EBAE80F0013F071
:1002C000010F18BFFB1A43F001031847E85205005D
:1002D000085305000A444FF0000C10F8013B13F0DE
:1002E000070408BF10F8014B1D1108BF10F8015B8F
:1002F000641E05D010F8016B641E01F8016BF9D182
:1003000013F0080F1EBF10F8014BAD1C0C1B09D1D8
:100310006D1E58BF01F801CBFAD505E014F8016B4A
:1003200001F8016B6D1EF9D59142D6D370470000DC
:100330000023002400250026103A28BF78C1FBD8EE
:10034000520728BF30C148BF0B6070476E2900F0CC
:100350009684702900F0EF87662903F039A4652997
:1003600003F036A4672903F033A4612903F032A413
:1003700003681B0A28BF41F08001692900F08C81C5
:10038000642900F08981752900F086816F2900F0C9
:100390007C87782900F0BB87E92900F01787E429DA
:1003A00000F01487F52900F01187EF2900F0798714
:1003B000F82900F0BA870368DB0928BF41F0800103
:1003C000632901F07982732901F07E82E32901F02B
:1003D0008982F32901F08E82002070471FB543F017
:1003E000EFFB01F04FF804000020002143F0CAFBAE
:1003F000401C60600020002143F0AEFBE0601FBDA8
:1004000010B510BD01F07DFB1146FFF7E7FF3BF093
:1004100043FC01F025FE03B4FFF7F2FF03BC01F03B
:100420001FF800002C4B19680868B0E8F04F80F303
:100430000988BFF36F8F4FF0000080F31188704779
:100440000000000008480068006880F308884FF04A
:10045000000080F3148862B661B6BFF34F8FBFF31C
:100460006F8F00DF00BF00BF08ED00E0DFF80C0079
:10047000016841F470010160704700BF88ED00E041
:10048000EFF30980BFF36F8F134B1A681EF0100F44
:1004900008BF20ED108A20E9F04F106009B44FF03A
:1004A000500080F31188BFF34F8FBFF36F8F42F07E
:1004B0004BFB4FF0000080F3118809BC19680868F5
:1004C000B0E8F04F1EF0100F08BFB0EC108A80F3B8
:1004D0000988BFF36F8F704708030024EFF305808E
:1004E000704700000948804709480047FEE7FEE7DB
:1004F000FEE7FEE7FEE7FEE7FEE7FEE7FEE7FEE7D4
:1005000004480549054A064B70470000D1DB000846
:10051000990200083038012430440124303C012481
:10052000303C012453EA020C00F069802DE9F04BC5
:100530004FF00006002B1FBFB3FA83F503FA05F452
:1005400024FA05F65E4012BF1643B2FA82F502FAAB
:1005500005F4C5F120051EBF22FA05FC44EA0C048F
:10056000203556EA044C4FEA144418BF641C4FF07F
:1005700000084FF00009904271EB030C39D30029B9
:1005800019BFB1FA81F701FA07F6B0FA80F700FA5D
:1005900007F6C7F120071EBF20FA07FC46EA0C0643
:1005A0002037B6FBF4FCA7EB0507103F07F01F0B45
:1005B000CBF120060CFA0BFB2CFA06F644BFB3462F
:1005C0000026202FA4BF5E464FF0000B5BEA060C0E
:1005D00008BF4FF0010B19EB0B09ABFB027C48EB9A
:1005E0000608C01B06FB02CC0BFB03CC71EB0C0115
:1005F000C1E70B46024641464846BDE8F08B13B5BD
:100600004FF000004FF00001AFF30080BDE81C4048
:10061000704700007CB51D4616460C00009001D0C6
:100620002044401E074B7B442A46694601903046D1
:1006300000F04DFD05461CB10020694600F05AFD52
:1006400028467CBDD50A000070B50446856900685F
:10065000C10601D5302600E02026C00707D070BDB6
:10066000D4E9012130469047206A401C20626D1E6B
:10067000F6D570BD70B5044685690078C00707D10E
:1006800070BDD4E9012120209047206A401C2062DF
:100690006D1EF6D570BD00002DE9F0410646002420
:1006A00010687529314616A510D000F054FA0028BC
:1006B00002DA404213A507E031688A0701D512A586
:1006C00002E0490704D511A5012401E000F04CFA2D
:1006D00000210A2206F1240709E0B0FBF2FCB0FB7E
:1006E000F2F302FB1C00303078541846491C0028F5
:1006F000F3D123462A463046BDE8F04100F066BA01
:10070000000000002D0000002B0000002000000071
:100710002DE9F05F894604464FF0000ADFF874B116
:10072000FB44C0F820A02046E1688847002874D028
:10073000252806D0D4E901219047206A401C206278
:10074000F1E700265F462046E168884720280546F5
:1007500007DB312D05D2781910F8200C08B10643BB
:10076000F1E7B00701D526F00406C4F81CA0002765
:10077000C4F818A02A2D09D0284613F033F838B34E
:1007800004EB8708303DC8F8185019E059F8041BED
:10079000204604EB87029161E1688847012F0546F6
:1007A00018D1E069002820DA26F020061DE0D8F8EC
:1007B000180000EB800005EB40003038C8F8180046
:1007C0002046E1688847054613F00CF80028EED172
:1007D000012F0AD02E2D08D12046E16888477F1CC2
:1007E0000546022F46F02006C4DBA069002803DA84
:1007F000404246F00106A061F00701D026F0100645
:100800006C2D0BD0682D09D04C2D39D06A2D35D0E8
:10081000742D35D07A2D33D016E038E0E1682F46BC
:1008200020468847B842054609D16C2F26D04FF4A0
:100830008060E168064320468847054604E06C2F47
:100840001AD04FF4807006430DB3A5F1410019286A
:1008500002D8203546F400664A46294620462660DE
:100860004E46FFF773FD80B101280BD0F61D26F030
:10087000070000F1080956E74020E4E78020D8E7A8
:100880000020D6E706F104094DE7284652E7206A22
:10089000BDE8F09FAC46050070B5064600F04CF987
:1008A0000468054630460A22002100F0A1FD2C60B4
:1008B00070BD40EA0103024630B59B0710D14FF0EE
:1008C000013400E008C208C91D1B9D4315EAC41F7E
:1008D000F8D013F0FF0102F8011B0DD01B0AF8E756
:1008E00011F8013B002B02F8013B05D011F8013B48
:1008F000002B02F8013BF3D130BD10B5431C02E0E0
:1009000010F8011B71B18107FAD14FF0013202C812
:100910008C1A8C4314EAC211F9D0C01A0A0603D00B
:10092000C01E10BDC01A10BD0A0401D0801E10BD2B
:100930000902FCD0401E10BD032A40F2308010F0A6
:10094000030C00F0158011F8013BBCF1020F62446A
:1009500098BF11F801CB00F8013B38BF11F8013BFB
:10096000A2F1040298BF00F801CB38BF00F8013BA8
:1009700011F0030300F02580083AC0F0088051F818
:10098000043B083A51F804CBA0E80810F5E7121D23
:100990005CBF51F8043B40F8043BAFF30080D20742
:1009A00024BF11F8013B11F801CB48BF11F8012B0E
:1009B00024BF00F8013B00F801CB48BF00F8012B31
:1009C000704710B5203AC0F00B80B1E81850203ABB
:1009D000A0E81850B1E81850A0E81850BFF4F5AFDF
:1009E0005FEA027C24BFB1E81850A0E8185044BF69
:1009F00018C918C0BDE810405FEA827C24BF51F8D6
:100A0000043B40F8043B08BF7047D20728BF31F8C9
:100A1000023B48BF11F8012B28BF20F8023B48BF1A
:100A200000F8012B704702F0FF0343EA032242EA79
:100A3000024200F002B84FF000020429C0F0128018
:100A400010F0030C00F01B80CCF1040CBCF1020F81
:100A500018BF00F8012BA8BF20F8022BA1EB0C0156
:100A600000F00DB85FEAC17C24BF00F8012B00F84C
:100A7000012B48BF00F8012B70474FF0000200B572
:100A8000134694469646203922BFA0E80C50A0E8B1
:100A90000C50B1F12001BFF4F7AF090728BFA0E85F
:100AA0000C5048BF0CC05DF804EB890028BF40F82B
:100AB000042B08BF704748BF20F8022B11F0804F6D
:100AC00018BF00F8012B70474FF0013C50F8042B81
:100AD00051F8043B9A4215D1A2EB0C03934313EA5D
:100AE000CC130BD150F8042B51F8043B9A4209D196
:100AF000A2EB0C03934313EACC13E7D04FF00000B2
:100B0000704700BFD01A01BAB1FA81F101F01801A3
:100B100022FA01F0CB40C1F12001DBB2C0B2C01A11
:100B20002CFA01F3D11A914311EAC311E6D17047AF
:100B3000704770477047000000487047CC37012469
:100B400010B5FFF7F9FF006810BD10B50446FFF7B8
:100B5000F3FF046010BD09684A0501D540B2704733
:100B6000C905FCD500B2704709684A0501D5C0B275
:100B70007047C905FCD580B2704770B50C46054674
:100B8000012A05D02878800600D5EA69002302E012
:100B9000012305E05B1C934202D2E05C0028F9D1FE
:100BA000A869E618C01AA861286A1844286228466D
:100BB000FFF74AFD04E0D5E9012114F8010B904745
:100BC000B442F8D32846FFF755FD70BD2DE9F04734
:100BD0000D4699469246044600F1240801688806AD
:100BE00004D5E06921F01001216000E00120A84255
:100BF00001DD471B00E00027A1697A1902EB09001B
:100C0000081AA0612078C00602D42046FFF71CFD18
:100C1000002608E0D4E901211AF806009047206A6E
:100C2000401C761C20624E45F4DB2078C0060AD5B5
:100C30002046FFF709FD06E0D4E901213020904766
:100C4000206A401C2062381EA7F10107F4DC07E08F
:100C5000D4E9012118F805009047206A401C206261
:100C6000281EA5F10105F3DC2046FFF703FD2078DF
:100C7000000602D50220BDE8F0870120FBE71168DD
:100C80000268006A530501D508700AE0D30501D552
:100C9000088006E0130603D5C217C1E9000200E090
:100CA00008600120704770472DE9FF4F0C461E4633
:100CB0004FF0FF378BB0D2E90001DDF860800A9079
:100CC0008A46C1F30A5505B93D46002108464FF052
:100CD0000000BAF1000F00F4400005DA00EB8000DC
:100CE0004FF4400101EA50004FEA9059B9F1010F69
:100CF00000DDB9460A9850EA4A000ED044F610507A
:100D0000A5F2FF3545432F14B8F1000F1ED07542F0
:100D1000291E1EDDC9F100021CE0B8F1010F4FF0E1
:100D2000000001D0302103E0F24305E02154401CD3
:100D3000B042FBDB30460022002121540B99C1F860
:100D40000880C1E900200FB0BDE8F08FBD1B6D1C0D
:100D5000DEE74A4600DA694206A800F03FFE06AB2D
:100D600093E8070003AB83E8070050460A9901F0B7
:100D7000BEFB8DE80700A0F500501F3800900398D7
:100D8000002D0ADD42F21F014A460844002303A950
:100D90000390684601F06AFE09E0A0F500504A465B
:100DA0001F38002303A90390684601F089FE8DE8EF
:100DB00007000004000C03D04FF0FF30410800E0B2
:100DC0001046B8F1000F03D00022009215461EE035
:100DD000751E05D400F05AFB303262556D1EF9D5F0
:100DE000B3460122084302D000227F1C04E0207891
:100DF000302801D100227F1E002A099784D01DE0EF
:100E0000112D07DA00F042FB303262556D1C50EABA
:100E10000102F5D1084302D00098C8B10EE00021CC
:100E2000681E05E0235C625C63542254401E491C2A
:100E30008142F7DBAB46A81B401E0990002004F856
:100E40000B000B98099AC0F80880C0E9002B7AE7DC
:100E500011264FF0000857E72DE9F04F8846044669
:100E6000D21D22F0070191B0D1E90001CDE90A01BC
:100E700011F038FB02460B98C00F01D02D2007E07F
:100E80002068810701D52B2002E0202101EAC00063
:100E9000032A099001D0072A05DB03464146204674
:100EA00000F0C0FC0BE12078800601D5E06900E08D
:100EB0000620B8F1650F814606D0B8F1660F18D04C
:100EC000B8F1670F70D131E00020B9F1110F009037
:100ED00001DB112301E009F101030AAA01A90CA811
:100EE000FFF7E2FEDDE90C70002609F101058346FB
:100EF00047E001204B4600904FF000470AAA01A9A5
:100F00000CA8FFF7D1FEDDE90DB00C995D46002677
:100F100010B909F101000D18B9EB050003D4C0F1B7
:100F2000FF3609F10105A5EB09002BE0B9F1010F2E
:100F300001DA4FF001090020B9F1110F0090484685
:100F400001DD112300E003460AAA01A90CA8FFF75E
:100F5000ABFEDDE90C704D46002683462078000785
:100F60000AD4AB4500DA5D4601A8012D04DD411924
:100F700011F8011C302907D04F4502DA17F1040F90
:100F800004DA012082460FE06D1EEEE7002F02DC3E
:100F9000ED1B3E4403E0781CA84200DD7D1CB81B1D
:100FA00000F1010A4FF000472078000703D4AA455A
:100FB00001DB4FF0FF3A0021B7F1004F0DF143087C
:100FC0008DF8431024D002202B23002F01DA7F421A
:100FD0002D230A21021EA0F1010000DC5FB197FB66
:100FE000F1FC97FBF1F201FB1C7C17460CF1300C75
:100FF00008F801CDEEE7A8F101000370218809058A
:1010000001D5452100E06521A0F1010800F8011C8F
:1010100009980FA9A1EB0807FF1D00B10120411994
:1010200001EBEA70A1693844081A401EA0612078DB
:10103000C00602D42046FFF707FB099828B1D4E97F
:1010400001219047206A401C20622078C00622D5EA
:101050002046FFF7F9FA1EE0002E04DBB34502DD5F
:1010600001A8805D00E03020D4E901219047206A8A
:10107000401C2062761CAAF101005FEA000A0AD136
:1010800000F000FAC0680168405CD4E90121904793
:10109000206A401C2062281EA5F10105DCDC07E067
:1010A000D4E9012118F8010B9047206A401C206206
:1010B000381EA7F10107F3DC2046FFF7DBFA032017
:1010C00011B041E601694A1C02610878704700B519
:1010D0008FB0CDE901310021059105497944CDE971
:1010E000031011466846FFF713FB0FB000BD000068
:1010F000E5FFFFFF0A6802F8010B0A607047D1E9BB
:1011000000239A4202D2531C0B60107070470000FB
:101110002DE9FF5F15468A460446DFF8AC80F844A7
:101120000027D8E900103E46CDE9001010E03AF85B
:1011300016106A4602A800F0C3FC411C07D02178B3
:10114000890603D5E269391891420DD80744761C07
:101150002078800602D5E069B84205DDAE42E6DBC4
:101160003AF816000028E2D1A069C01BA061204611
:10117000FFF76AFAD8E90010CDE90010002017E067
:101180003AF818106A4602A800F09AFCB0F1FF3F46
:1011900081460BD000250DF1080B05E0D4E90121B3
:1011A0001BF8050090476D1C4D45F7D308F1010071
:1011B000B0428046E4DB206A384420622046FFF7D4
:1011C00059FABDE8FF9F0000C23C05002DE9F0413F
:1011D0008046D21D22F007020025D2E90002F5293F
:1011E00015A614D0011E72F1000106DA0023D0EB1F
:1011F000030063EB020211A608E0D8F800108B0789
:1012000001D50FA602E0490701D50EA6012511461A
:10121000002408F1240704E000F038F930323A5590
:10122000641C50EA0102F7D12B4632462146404663
:10123000BDE8F041FFF7CABC000000002D0000002F
:101240002B0000002000000030B4002100F1240435
:1012500008E002F00705D208303542EA4372DB08A5
:101260006554491C52EA0305F3D10468002310A217
:10127000250707D5A40600D421B1C46901230DA216
:10128000641EC46130BCFFF7A1BC10B50446214602
:101290001068FFF769FC02462046BDE810400023B5
:1012A000D2E7D21D22F00701D1E90023CCE70000EC
:1012B0000000000030000000F0B40D460188090570
:1012C00002D5214C7C4402E01F4C7C440E340021AA
:1012D00000F1240608E002F00F071209E75D42EA78
:1012E00003721B097754491C52EA0307F3D10278B1
:1012F0000023120704D5702D06D009B10223113442
:101300002246F0BCFFF762BC01231034F8E770B549
:1013100004460D4621461068FFF726FC0246294682
:101320002046BDE870400023C6E7D21D22F0070327
:10133000D3E90023C0E70368126843F02003036089
:101340000823C3610023B7E7243B05000FB4002343
:1013500000B589B00CA900910B99CB60214B7B445F
:101360000693214B7B44079304236FF00042CDE9A1
:1013700001321E4A7A446B4608920246002042F02F
:101380008BFC09B05DF814FB70B506464FF0FF30DA
:1013900015460C46324686B00091CDE901016946FA
:1013A0000020049004A8FFF7D1FF024604982118FA
:1013B00025B108B1084600E02046286004980028BE
:1013C0000DD0002A02DD0098884208D03246081B62
:1013D00069460094CDE9010404A8FFF7B7FF06B001
:1013E00070BD00009B050000B30500009F010000D8
:1013F0002DE9F04791460F4680460446002614F832
:10140000015B2DB100F036F80068405DC007F6D1F1
:101410002B2D02D02D2D18D0641E4A463946204669
:1014200000F08CFA27B13968A14201D1C7F80080D9
:101430004FF0020471050BD54042002803DDFFF791
:101440007BFB0460A007BDE8F08746F48066E4E714
:101450000028F8DAFFF770FB04606FF00040F2E755
:1014600001491820ABBEFEE7260002000048704785
:10147000CC37012410B500F005F8001D10BD00BFE9
:101480000527040000487047EC37012430B5B0F15F
:101490000A024FEA900E71F100034EEA817EB0EB32
:1014A0000E0061EB91014FEA101E4EEA017E10EB37
:1014B0000E0041EB11114FEA102E4EEA016E10EBB7
:1014C0000E0041EB11214FEA104E4EEA014E10EB97
:1014D0000E0041EB1141401841F100014FEAD000EC
:1014E00040EA41704FEAD10110EB80054FEA8104D8
:1014F00044EA907444EB01046D1944EB0404521B5C
:10150000A3414FF0000348BF0A3200D530BD401C54
:1015100041F1000130BD10B50446FFF7ABFF006894
:10152000005D00F0010010BD2DE9F04F04460D46AE
:10153000D21D22F0070089B0D0E90097484639460D
:1015400010F0D0FF0246F80F01D02D2307E02068ED
:10155000810701D52B2302E0202101EAC0038DF889
:1015600020300BB1012000E00020032A824601D088
:10157000072A04DB2946204600F054F93FE1207891
:10158000800601D40D2500E0E569C7F30A560D2D4C
:1015900049DA00214FEA175B08464FF00000002FA0
:1015A00000F4400007DA00EB80004FF4400100EB4C
:1015B000D07001EA60008115012901DD4FF0FF3193
:1015C00000224FEA850CBCF1180F06D31346ACF18C
:1015D00018004FF08052C24003E04FF4801323FA0A
:1015E0000CF30CF10C0CBCF1200F04D3ACF1200C6B
:1015F00009FA0CF001E007FA0CF000294FF000485E
:1016000001DD18B90FE00ED140450CD319EB0209EA
:101610005F4121B9404502D19F4329EA0209BBEB52
:10162000175F00D0761C2088000502D57B487844DF
:1016300002E07A487844193808AA302302F80A30C0
:10164000037C0AF10101002E0AF1020A53546A4692
:1016500002DC4FF0300101E04FF031014FF00108A2
:101660008DF8001002D0A6F2FF3603E059EA4701D8
:1016700000D06B4E002D02DC2178090704D54FF015
:1016800002082E218DF80110C44600210BE0C7F39B
:1016900003433F01C35C491C6D1E02F80830052955
:1016A00008F1010801DA002DF1DC00210CE000EB6B
:1016B0001973491C1B786D1E082902F808304FEA7F
:1016C000091908F1010801DA002DF0DC21688B0608
:1016D00002D516E0A8F10108E04505DD02EB08039C
:1016E00013F8013C302BF5D0B8F1000F09DD02EB07
:1016F000080313F8013C2E2B03D1090701D4A8F1EC
:101700000108002D05DD3E2102F808106D1E08F1CC
:101710000108407C002E02F8080008F1010804DAF4
:101720002D20764202F8080002E02B2002F8080083
:101730000A214FF47A70864208F101080BDB96FB10
:10174000F0F3303302F8083096FBF0F308F10108AB
:1017500000FB136601E0642E0CDB642096FBF0F3C3
:10176000303302F8083096FBF0F308F1010800FB73
:10177000136601E00A2E06DB96FBF1F0303002F82A
:10178000080008F1010896FBF1F001FB1060303011
:1017900002F80800A16908F1010808EB050202EB54
:1017A0000A00081AA0612078C00602D42046FEF77D
:1017B0004BFF216A08AE01EB0A00206204E0D4E985
:1017C000012116F8010B9047BAF1010AF7D22078EF
:1017D000C00602D52046FEF737FF6E4609E016F830
:1017E000010B3E280FD0D4E901219047206A401C0C
:1017F0002062B8F10108F2D22046FEF73BFF09B0A3
:101800000320BDE8F08F206A2844206203E0D4E979
:101810000121302090476D1EEBD3F8E7D939050040
:1018200002FCFFFF2DE9F0411F4604460326016834
:10183000072A01F4006004DB08B116A505E016A52F
:1018400003E008B115A500E015A521F01000206007
:10185000A069C01EA0610FB1401EA0612046FEF726
:10186000F3FE4FB1D4E9012138469047206A401C6D
:101870002062C01C206206E0206AFAE7D4E9012158
:1018800015F8010B9047761EF8D22046FEF7F2FEBF
:10189000BDE8F0814E414E006E616E00494E46003B
:1018A000696E660010B5436913B1AFF3008001E0C3
:1018B000FFF763F9012010BD127800F124010A70CE
:1018C00000224A700122EDE711684FF0FF32E9E78C
:1018D00010B5436913B1AFF3008001E0FFF718FCC6
:1018E000012010BD128800F1240182840022C284EC
:1018F0000122EDE711684FF0FF32E9E7426842B19B
:10190000016811F8013B23B1521EC0E900121846CC
:1019100070470121C160881E704742685AB1C36890
:10192000016843B983688B4205D0491E521CC0E947
:101930000012002070474FF0FF3070472DE9F05F34
:10194000824615468B4600270AF10104B946007805
:10195000302801D09DB113E014F8010B012778283D
:1019600003D0582801D045B10AE00DB1102D07D1A0
:10197000002714F8010B102502E0082500E00A25D5
:101980000026B0460EE005FB080005FB06F1012726
:101990001FFA80F801EB1046B6F5803F00D3B94638
:1019A00014F8010B294600F0D1F80028EBDABBF15E
:1019B000000F05D00FB1641E00E05446CBF8004084
:1019C000B9F1000F06D0FFF7B7F802210160C81E79
:1019D000BDE8F09F48EA0640FAE700002DE9F0472D
:1019E000814616468AB0354878440DC88DE80D000A
:1019F00032487844801C03AC0DC884E80D0041F6E1
:101A00009B300844372190FBF1F290FBF1F5A5F1F2
:101A1000800501FB12041B3C02D56442012000E05A
:101A20000020DFF898A080460027FA44AAF1BE0AF9
:101A30000EE0E0070AD03246684607EB4701012373
:101A40000AEB810101F03CF88DE8070064107F1C6F
:101A5000002CEED1194F7F44AE3F19E0E80715D0B6
:101A600007EB04100DF1180A90E80E008AE80E004A
:101A7000C068F04201D1981908903246012306A9A6
:101A800003A801F01DF803AB83E807006D10641C88
:101A9000002DE3D14FF0010332466946B8F1000F43
:101AA00003A802D000F0E2FF01E001F009F8C9E963
:101AB0000001C9F808200AB0BDE8F087B03605007B
:101AC00070B516460C460546FFF7D4FC036893F83C
:101AD0000101012806D0FF2C0FD8185D68B1012044
:101AE0002C7070BDD3F807013246214603F207136C
:101AF00003442846BDE8704018474FF0FF3070BDE2
:101B000070477546FFF7B2FCAE460500694653467E
:101B100020F00700854618B020B5FEF7F1FCBDE8BF
:101B200020404FF000064FF000074FF000084FF044
:101B3000000B21F00701AC46ACE8C009ACE8C009D5
:101B4000ACE8C009ACE8C0098D4670473A2800D21D
:101B5000303820F02002412A01D3A2F13700884218
:101B600001D34FF0FF3070472DE9FF4F06468BB091
:101B70000878FF2806D0491C2D2805D000244FF0F6
:101B8000000908E000200CE00124F8E709EB8903D4
:101B9000491C00EB43090878FF28F7D114B1C9F1BB
:101BA00000008146107800252C46AA4629462D289B
:101BB00001D02B2804D1521C2D2813D0002082469E
:101BC0008B461078FF280FD04FF0000C0A21521CD2
:101BD000A5FB017804FB018105FB0C11C5194BEB3A
:101BE0000104EEE70120EAE7002108464FF000007B
:101BF000BAF1000F02D000EB80004008C0F381571B
:101C0000012F01DD4FF0FF370E9955EA040009EB73
:101C100001080BD04FF0020918F5FA7F16DA4FEAE7
:101C2000CA70002F706008DD012007E04FEACA701B
:101C3000C6E900B00FB0BDE8F08F00203060FEF7BD
:101C40007BFFC0F800901821084616E0B8F5FA7F2F
:101C500018DD002F02DAF748784401E0F6487844AE
:101C6000D0E90010C6E9001040EACA707060FEF7C3
:101C700063FFC0F80090142108460FB0BDE8F04F94
:101C800041F0A3BF002108464FF00000B8F1000169
:101C9000099002DAC7F1000200E03A4601DAC8F121
:101CA000000106A8FFF79AFE06AB93E8070003AB16
:101CB00083E8070044F23E005BEA040100905846C6
:101CC00004D144F21E012C465D460091210C09040A
:101CD000014306D10099240444EA15442D04103927
:101CE000009104F07F41014306D10099240244EAA7
:101CF00015642D020839009104F07041014306D1AA
:101D00000099240144EA15742D01091F009104F083
:101D10004041014306D10099A40044EA9574AD0006
:101D2000891E009104F00041084304D100986D1908
:101D30006441401E00904FF001033A466846B8F1F6
:101D4000000FCDE9014503A902DD00F0CEFE01E060
:101D500000F0A1FEBAF1000F04460D4601D084F058
:101D60000044002108464FF00000099940F2FF7737
:101D7000484010F00C0F07D124F00040284303D056
:101D8000C4F30A50B84212D1FEF7D6FEC0F8009054
:101D9000C4F30A50B8420AD1A8487844D0E90010E8
:101DA000C6E9001004F000410843706042E7C6E94C
:101DB00000543FE72DE9FF4F1F464FF0000A4FF058
:101DC000FF38454691B0D7E90146CDF83CA0FFF772
:101DD00059FBC0680168405C1090B96912986D1C8D
:101DE0008847396A814688470028F6D1B9F1FF3F14
:101DF0000AD0002E24F4D06411DDB9F12B0F08D0E5
:101E0000B9F12D0F0BD102E0404615B013E744F4B1
:101E10008064B96912986D1C8847761E81466005FA
:101E200004A901D52D2000E02B20002E01F1010B8B
:101E30000DF130088DF810003FDDB9F1690F08D0C1
:101E4000B9F1490F05D0B9F16E0F02D0B9F14E0FBB
:101E50001CD13B4601A8009580E85002DDE9121232
:101E60006FF0020041F01CFFC11CCED10EE0B96939
:101E700012986D1C884781461398761E44F40074AE
:101E800005600F98401C002E0F9016DDB9F1300F41
:101E9000EDD0B9F1780F02D0B9F1580F0DD10F98EC
:101EA00001280AD13B46CDE90054DDE91212001F9A
:101EB000029641F0F3FEC11CA7D1109989453ED18D
:101EC00044F0800406E01399681CAAF1010A44F466
:101ED00000740860B9696D1C1298761E8847302816
:101EE0008146F0D02BE01099894505D1200603D416
:101EF000761E44F0800418E0484611F073FC08B3E5
:101F0000761E0DF123018B4544F4007408D2A9F12B
:101F100030000BF8010B200607D5AAF1010003E001
:101F2000200602D40AF101008246A00502D51399C9
:101F3000681C0860B96912986D1C88478146002E9C
:101F4000D1DC53E0002E51DDB9F1650F02D0B9F1BB
:101F5000450F4BD1A00549D5B9696D1C1298761E65
:101F600024F440748847002E81460CDD2B2804D0D1
:101F7000B9F12D0F07D144F48074B96912986D1C22
:101F80008847761E8146E00501D52D2100E02B21F2
:101F900008F8011BCDF8008021E0761E0DF1390113
:101FA000884544F400740CD2A9F1300010F0FF0011
:101FB00088F8000002D10099884509D908F1010884
:101FC00006E0E00501D51E4801E042F20F708246AE
:101FD000B96912986D1C8847814613980560002ED8
:101FE00004DD484611F0FEFB0028D6D1F9691298AD
:101FF0008847FF2053468BF8000088F80000002037
:102000000A900B9004AA0CA90AA8FFF7ADFDA00541
:1020100002D46FF00100F8E614F0240F12D0E007AC
:102020001CD13868DDE90A12031D3B600068C0E975
:10203000001213E0803905007239050036380500BA
:10204000F1D8FFFF0AA9684611F09EFAE00705D112
:102050003868009A011D3960006802602846D4E69D
:1020600010B50446AFF300802046BDE81040FEF7EF
:10207000D2B900002DE9FF4F1F464FF03C0987B051
:102080004FF00042DDE9141001F10108DDF858A01D
:1020900002EA40500390002005908346054604461E
:1020A0000490B969461E08988847AAF1010A02906F
:1020B000BAF1000F3BDD02982E2815D01021FFF752
:1020C00045FD00282EDB4FF0010B0599014317D089
:1020D000B9F1000F0BDB4A46C11700F0F5F90543D3
:1020E0000C43A9F1040905E0012004900BE008B1BC
:1020F00045F0010501200590049820B9361D02E045
:10210000049800B1361FB969089808F1010888479A
:10211000BBF1000FAAF1010A0290C9D00999C1F8D8
:102120000080C5E70298702808D0502806D0F969C9
:1021300008988847BBF1000F14D04FE000200290B0
:102140000120BBF1000F049009D0B969089808F18B
:1021500001088847AAF10109B9F1000F07DCF96904
:10216000089888476FF001000BB0BDE8F08F2B286E
:1021700004D02D280CD14FF0FF300490B969089895
:1021800008F101088847A9F10109B9F1000FE6DD5E
:10219000411CE4D00A21FFF7D9FC0028DFDB0299BB
:1021A00008F1010801EB810100EB41000290B969DF
:1021B000089888470A21FFF7C9FC099AA9F1010983
:1021C000B9F1000FC2F8008001DD0028E7DAF969F3
:1021D000089888470499029800FB016655EA0400B4
:1021E00004D004F04041090002D006E0039898E0D2
:1021F000A40044EA9574AD00B61E04F00041080046
:1022000002D16D196441761E159810F0240F03D089
:102210004FF00B095C4803E04FF028096FF07D0098
:102220008246564507DAAAEB06018944B9F1410F07
:1022300001DD4FF0410901200021A9F1010200F068
:1022400043F9024628400B462140084301D00121B2
:1022500000E00021501E029143F1FF31284021404F
:10226000084301D0012000E000200299834651EA92
:102270000B014FD0002108464FF00000039900F4F5
:10228000400039B100EB80004FF4400100EBD0700A
:1022900001EA60008015012802DD4FF0FF3000E008
:1022A00013D0401C36D0029860B3BBF1000F0CD1A4
:1022B0004A460120002100F007F928402140084348
:1022C00001D0012000E00020E0B101204A460021B9
:1022D00000F0FAF8034640190A4661412D1A8C4174
:1022E00011D3B9F1400F09DD159810F0240F02D079
:1022F000AAF1340603E0AAF1170600E0761C0025D7
:102300004FF0004406E05B1E42F1FF3220EA030575
:1023100021EA0204CAF10100B04206DA1B4903981F
:1023200008430190002000900EE0039AC4F3D321EB
:10233000E80A0A43164940EA44500A433146CDE9C7
:102340000002684611F0D4F9159810F0240F0BD054
:102350001598C00715D13868DDE90012031D3B60F0
:102360000068C0E900120CE002A8694611F00CF9FF
:102370001598C00705D13868029A011D39600068B8
:1023800002604046F0E6000002FCFFFF0000F07F24
:102390000000F03F2DE9FF4F92461D4685B04FF0FB
:1023A0000041DDE9124BDDE914727F1E01EA4B505A
:1023B000414940F0FF4940EA0108002122F0200095
:1023C0004928049102D04E2828D04CE03BA0012699
:1023D00007C88DE80700A9690698641C88477F1E16
:1023E000014606D41DF8060018B121F020018142F3
:1023F0000BD0E96906988847032E34D0082E32D0D6
:102400006FF0010009B0BDE8F08F761C032E01D0FB
:10241000082EE0D1601CCAF80000DCE7A969069824
:10242000641C88477F1E2AD420F02000412826D132
:10243000A9690698641C88477F1E20D420F02000DC
:102440004E281CD1A9690698641C88477F1E48F451
:10245000002849F48009CAF8004001D4282806D091
:10246000E969069888475FEACB7012D022E0A96933
:102470000698641C88477F1E01D4002803DAE969A6
:1024800006988847BCE72928F1D1641CCAF80040A7
:10249000E9E71BF0240F07D028680499031D2B607F
:1024A0000068C0E9001805E02868021D2A6000687D
:1024B000C0F800902046A5E70000F07F494E46494D
:1024C0004E49545900000000B2F120030AD5C2F170
:1024D000200301FA02F120FA03F300FA02F041EAC4
:1024E0000301704700FA03F14FF0000070475FEA04
:1024F000400C08BF91F0000F4FEA8C234FEAC12235
:1025000043EA51514FEA1C5018BF00F5F0404FEA22
:10251000300018BF41F000415FEA6C5C00F0298098
:10252000BCF1FF3F08BF40F080407047130C06BF6E
:1025300012044FF0100C4FF0000C130E04BF1202E7
:102540000CF1080C130F04BF12010CF1040C930FD3
:1025500004BF92000CF1020CD30F04BF52000CF127
:10256000010C11464FF00002A0F11F00A0EB0C007F
:10257000704711F0004F08BF704731F000413FF441
:10258000D5AF0B0C06BF09044FF0100C4FF0000C38
:102590000B0E04BF09020CF1080C0B0F04BF09015C
:1025A0000CF1040C8B0F04BF89000CF1020CCB0F53
:1025B00004BF49000CF1010CCCF12003A0EB0C008E
:1025C00022FA03F302FA0CF241EA030100F10100DE
:1025D000704720F07F4C80EA030023F07F47ACEB8C
:1025E000070303F57C5300F0004003F1FF032DE9DE
:1025F00080494FEA154B09B44FEA144325EA0B4EC4
:1026000024EA03480FF2042606EB132749083E7814
:102610005FEA320203FB0667C7F5000707FB06F611
:102620004FEA54374FEAD64606F1020607FB066C1E
:10263000CCF1005C4FEA1C472CEA074C07FB06F480
:102640000CFB06F504EB15464FEA961634BF002046
:102650004FF000404FEAD13706FB07FC4FEA1C4C15
:102660000CFB0BF7D21B03FB0CF761EB07010CFB18
:102670000EF7B0EB074072EB17420CFB08F734BFC4
:10268000A2EB0742B2EB074261EB17414FEA0C4461
:102690004FEA910706FB07FC4FEA1C4C0CFB0BF7BB
:1026A000B0EBC74072EB573203FB0CF734BFA2EB21
:1026B000C742B2EBC74261EB57310CFB0EF7B0EBF0
:1026C000C70072EB57720CFB08F734BFA2EBC702CE
:1026D000B2EBC70261EB5771039F4FEA816141EA98
:1026E000921104EBCC044FEAD1374FEA826206FB29
:1026F00007FC42EA90124FEA80604FEA1C4C0CFB48
:102700000BF7D21B03FB0CF761EB07010CFB0EF779
:10271000B0EB074072EB17420CFB08F734BFA2EB9B
:102720000742B2EB074261EB17414FEA8C554FEA83
:10273000910704EB9C2406FB07FC4FEA1C4C0CFBA6
:102740000BF7B0EBC74072EB573203FB0CF734BF0B
:10275000A2EBC742B2EBC74261EB57310CFB0EF75D
:10276000B0EBC70072EB57720CFB08F734BFA2EB5B
:10277000C702B2EBC70261EB577115EB4C254FEA6C
:10278000816141EA92114FEA82624FEAD13742EA0F
:10279000901206FB07FC44F100044FEA80604FEA08
:1027A0001C4C0CFB0BF7D21B03FB0CF761EB070176
:1027B0000CFB0EF7B0EB074072EB17420CFB08F76F
:1027C00034BFA2EB0742B2EB074261EB174115EBB6
:1027D0001C154FEA813141EA92414FEA823242EAC6
:1027E00090424FEA80304FEA0C7644F1000448EA08
:1027F00003434EEA0B484FF0000EB2EB080C71EBAE
:10280000030724BF624639464EEB0E0E4FF0000B15
:102810000018524149414BEB0B0BB2EB080C71EB2A
:1028200003077BF1000B24BF624639464EEB0E0EC8
:102830004FF0000B0018524149414BEB0B0BB2EB30
:10284000080C71EB03077BF1000B24BF624639468D
:102850004EEB0E0E51EA020718BF46F0010616EBCA
:102860000E7655F1000254F1000103D5BDE889014F
:10287000BDE80088BDE88901BDE80048B6195241AD
:1028800041EB0101A3F10103704780807F7E7D7CD5
:102890007B7A7978777676757473727171706F6EF2
:1028A0006E6D6C6C6B6A6A6968686766666564649D
:1028B000636362616160605F5F5E5E5D5D5C5C5B27
:1028C0005B5A5A5959585857575656555555545496
:1028D000535352525251515050504F4F4F4E4E4DF4
:1028E0004D4D4C4C4C4B4B4B4A4A4A494949484840
:1028F0004847474747464646454545444444444380
:1029000043434342424242414141000046EA0646B7
:10291000A3F570534FEA164646EA42564FEAD222D2
:1029200042EA415210B54FEAD121A3F1010300F070
:102930002FF820F0004000F1020C00F0004701EBFE
:1029400000501146BCF5006F40EA070000D210BDF0
:10295000BAF1000F0AD01CB503B44FF004004FF0D9
:1029600004014FF000000FBCBDE810404FF0000123
:10297000BBF1010FB9BF04484FF0FF3103480021FC
:1029800040EA070010BD00BFFFFFEF7F0000F07FAF
:10299000002B9C4630D477002BD01CB54FEA37076C
:1029A00003B44FF010004FF01001BAF1000F06D041
:1029B000BCF1000FDCBF40F0080040F008014FF010
:1029C00000000FBCBDE810400BF1010BBBF1010F83
:1029D00008BF5FEA170722BF12F1010211F10101DE
:1029E0004FF0004143F1000300F0004043EA0000D3
:1029F0007047F9D35708D0E746EA064613F1400F6F
:102A00004FEA16461FDD13F1200FDFBF16430A46BB
:102A1000002120335B42BED0C3F1200746EA0646C0
:102A200002FA07F74FEA164646EA0706C3F12007FF
:102A300022FA03F201FA07F721FA03F14FF000033B
:102A400042EA0702A7E746EA020646EA06464FEAD6
:102A5000164646EA0106BCBF46EA0646360C4FF06B
:102A600000034FF000024FF0000194E72DE9804C85
:102A70009A46934670B491E8380007C831EA400C92
:102A800048BF34EA430C03D5FFF7A3FDFFF780FFEF
:102A9000F0BCBDE8008C2DE9804C9A46934670B49A
:102AA00091E8380007C831EA400C48BF34EA430CCB
:102AB00003D5FFF78EFDFFF729FFF0BCBDE8008CC2
:102AC0002DE9804C9A46934670B491E8380007C8C7
:102AD00010F0804F08BF13F0804F03D100F01AF8B8
:102AE000FFF756FFF0BCBDE8008C2DE9804C9A46FC
:102AF000934670B491E8380007C810F0804F08BFC3
:102B000013F0804F03D100F005F8FFF7FFFEF0BC93
:102B1000BDE8008C20F07F4780EA030023F07F4C63
:102B200007EB0C03A3F57C5300F00040A3F1FE0378
:102B300092F0000F00F0B38095F0000F00F0778066
:102B40002DE901494FEA11404FEA144621EA0048B5
:102B500000FB06FC24EA064708FB06F607FB08F81C
:102B600000FB07F718EB06484CEB164C4FEA124BEC
:102B700018EB07484FEA15464CEB174022EA0B4E7C
:102B80000BFB06FC25EA06470EFB06F607FB0EFECE
:102B90000BFB07F71EEB064E4CEB164C4FF00006F6
:102BA0001EEB074E4CEB174B18EB0B0840F10000E7
:102BB00018EB0E0B58EB000840F100008F1A4FF095
:102BC00000013CBFC943661B14BFB5EB040C0021D8
:102BD0003CBFC943F61B4FEA17444EEA8E0E27EA64
:102BE00004454FEA1C4704FB07622CEA074C05FB2F
:102BF00007F70CFB05F604FB0CFC16EB074642EB53
:102C0000174216EB0C4642EB1C421BEB060658EB38
:102C10000202414146EA9E0601D5BDE80189B61986
:102C2000524141EB0101A3F10103BDE801894FEAE3
:102C300014454FEA114724EA054621EA074C05FBF3
:102C400007F406FB07F70CFB06F105FB0CFC11EB88
:102C5000074144EB17444FEA124711EB0C4144EB98
:102C60001C4422EA074C05FB07F206FB07F70CFBA6
:102C700006F605FB0CFC16EB074642EB174216EB7B
:102C80000C4642EB1C456A1854F1000148BF7047DE
:102C9000B619524141EB0101A3F10103704795F0D0
:102CA000000F37D04FEA11424FEA144721EA02469B
:102CB00024EA074C02FB07F106FB07F70CFB06F4BE
:102CC00002FB0CFC14EB074441EB17414FEA15479C
:102CD00014EB0C4441EB1C4125EA074C02FB07F5C1
:102CE00006FB07F70CFB06F602FB0CFC16EB07468F
:102CF00045EB174516EB0C4645EB1C42121951F1FA
:102D0000000148BF7047B619524141EB0101A3F1E0
:102D1000010370474FEA14454FEA114724EA05467C
:102D200021EA074C05FB07F106FB07F70CFB06F24F
:102D30004FF0000605FB0CFC12EB074241EB17417C
:102D400012EB0C4251EB1C4148BF7047921841EB0B
:102D50000101A3F10103704710B504464FF48072DE
:102D600021460248FDF72DFE10BD00008812012407
:102D7000024908780021014A11707047B00300240D
:102D800010B5174804781748006838B103F0ACF85C
:102D900014490968401AB0F5967F00D95324622C73
:102DA00014D008DC422C10D0462C0BD04C2C0FD069
:102DB000522C13D10FE0662C05D06C2C09D0722C4C
:102DC0000CD109E000BF012010BD00BF0220FBE7CD
:102DD00000BF0320F8E700BF0420F5E70020F3E779
:102DE000A8030024AC0300245320044908700020E9
:102DF000034908600349087070470000A8030024D5
:102E0000AC030024B003002470B504460E4604B1A0
:102E100006B970BD00254CE0605D622834D010DC3E
:102E2000492822D006DC42282DD0462829D0472820
:102E30003BD115E04C2828D0522828D0532834D133
:102E400027E06C2822D006DC66281BD0672808D033
:102E500069282AD10AE072281AD0732825D119E0EE
:102E600000BF01201549087020E000BF022013496F
:102E7000087053201249087003F036F811490860B1
:102E800014E000BF00BF00BF00BF00BF00BF00BF15
:102E900000BF00BF605D0A49087003F025F80949CA
:102EA000086002200549087000E000BF00BF681CF0
:102EB00085B2B542B0DB00BFABE70000B003002431
:102EC000A8030024AC03002400BFFEE70346042B44
:102ED00015D007DC7BB1012B0ED0022B0DD0032BBC
:102EE00012D10BE0202B0BD0212B0AD0222B09D0A2
:102EF000232B09D107E008E007E006E005E004E045
:102F000003E002E001E000E000BF00BF00207047E6
:102F10000020704710B50022044905480DF0C1F8A3
:102F2000044903480DF0AEF8002010BDA02601248E
:102F3000C41B0124A01E012470B504460D46074998
:102F400028680860012006490870214605480DF0F0
:102F500099F804480DF062F8002070BDC403002405
:102F6000C0030024C41B012410B503460C460021F5
:102F7000084610BD00B52DED108B89B0B0EE409B1A
:102F8000B0EE41ABB0EE42BBB0EE43CB3CEE4A0BF1
:102F90009FED361B20EE010B9FED361B80EE012BC3
:102FA000B0EE42DB9FED310B29EE000B9FED311BA4
:102FB00080EE012B8DED062B9FED2C0B2BEE000BE5
:102FC0009FED2C1B80EE012B8DED042BB0EE4D0BF5
:102FD0000FF0BEFEB0EE40EB9DED040B0FF040FD98
:102FE0002EEE000B8DED020B9DED060B0FF038FD64
:102FF000B0EE40EB9DED040B0FF0AAFE2EEE00EBC1
:103000009DED060B0FF0A4FEB0EE40FB9DED040B12
:103010000FF026FD2FEE00FBB0EE4D0B0FF020FD64
:103020000FEE40EB8DED00EB9DED001B9DED020BD7
:103030000FF016FC9FED0F1B20EE010B9FED0B1BFD
:1030400080EE012BB0EE428BB5EEC08BF1EE10FAA4
:1030500005D29FED0A0B38EE000BB0EE408BB7EEB9
:10306000C80B09B0BDEC108B00BD00000000006073
:10307000FB210940000000000080664000000000C5
:103080000080764010B52DED0E8BB0EE408BB0EE8B
:10309000419BB0EE42ABB0EE43BB3AEE480B9FED26
:1030A000151B20EE010BB0EE40DB9FED140B28EE5C
:1030B000000B9FED141B80EE012BB0EE42EBB0EE47
:1030C0004E0B0FF0CDFC3BEE491B9FED0A2B21EE82
:1030D000021B20EE010BB0EE40CB2DEE0D1B0CEED3
:1030E0000C1BB0EE410B0FF055FFB7EEC00BBDEC63
:1030F0000E8B10BD00000000802DFB400000006022
:10310000FB210940000000000080664070B50546C4
:103110000C4605B970BD14B1012C00D0FAE7284661
:1031200009F0BEFD284614F0D7FB85F8104114B90C
:10313000284614F0C5FB00BFECE7000010B50248BC
:1031400001F0E2FA10BD00003C09002410B502486D
:1031500001F0DAFA10BD00004C08002410B5024856
:1031600001F0D2FA10BD0000C408002410B50248D6
:1031700001F0CAFA10BD0000B40900240146374A24
:103180000868904249D0354A18320868904244D0C5
:10319000324A3032086890423FD0304A483208689C
:1031A00090423AD02D4A60320868904235D02B4A7E
:1031B00078320868904230D0284A903208689042AD
:1031C0002BD0264AA8320868904226D0244A0868A4
:1031D000904222D0224A1832086890421DD0204ADC
:1031E00030320868904218D01D4A48320868904230
:1031F00013D01B4A6032086890420ED0184A7832C9
:103200000868904209D0164A90320868904204D06B
:10321000134AA8320868904201D1012000E0002042
:10322000B0B10A78103A1823B2FBF3F000F00702AD
:103230000C4B9A5CCA65032805D90A686FF309022A
:10324000121D8A6503E00A686FF309028A6503E0CC
:10325000086820F0FF008865886D70471000024004
:103260001004024000F7040810B502682B4C0368F4
:10327000A34222D0294C14340368A3421DD0274C0A
:1032800028340368A34218D0244C3C340368A3427A
:1032900013D0224C50340368A3420ED01F4C643428
:1032A0000368A34209D01D4C78340368A34204D0BC
:1032B0001A4C8C340368A34201D1012300E000239F
:1032C0008BB10378083B1424B3FBF4F1144B03EBEC
:1032D00081030366124B8033436601F01F04012310
:1032E000A340836618E00378103B1824B3FBF4F185
:1032F0000C4B9A4204D80B4BA83B9A4200D308319E
:10330000094B03EB81030366074B8033436601F0EF
:103310001F040123A340836610BD00000854025817
:1033200000580258B8040240000802400179A9B3CD
:10333000082940D8204B02689A4222D01E4B1433F1
:1033400002689A421DD01C4B283302689A4218D05A
:10335000194B3C3302689A4213D0174B5033026822
:103360009A420ED0144B643302689A4209D0124B31
:10337000783302689A4204D00F4B8C3302689A4229
:1033800001D1012200E000224AB14A1E0B4B03EB9F
:103390008202C266094A4032026708E00BE04A1E18
:1033A000074B03EB8202C266054A403202674A1E9F
:1033B000012393404367704708540258005902584C
:1033C00000090240014600208A69D2B98A6A32B1F6
:1033D000012A0DD0022A03D0032A10D10EE000BF2B
:1033E000CA6A02F08072B2F1807F00D1012007E04A
:1033F000CA6AB2F1C07F00D1012001E000E000BF45
:1034000036E08A69B2F5005F1BD18A6A32B1012ABF
:1034100007D0022A03D0032A11D10AE000BF0120FD
:103420000EE0CA6A02F08072B2F1807F00D1012002
:1034300006E0CA6AB2F1C07F00D1012000E000BFFF
:1034400016E08A6A32B1012A05D0022A04D0032A82
:103450000CD103E000BF00BF012008E0CA6A02F0FF
:103460008072B2F1807F00D1012000E000BF00BF78
:1034700070470000F0B5856D846D984F0668BE42B8
:1034800070D0964F18370668BE426BD0934F3037D6
:103490000668BE4266D0914F48370668BE4261D08A
:1034A0008E4F60370668BE425CD08C4F7837066816
:1034B000BE4257D0894F90370668BE4252D0874FE0
:1034C000A8370668BE424DD0854F0668BE4249D037
:1034D000834F18370668BE4244D0814F30370668A4
:1034E000BE423FD07E4F48370668BE423AD07C4F3E
:1034F00060370668BE4235D0794F78370668BE42DD
:1035000030D0774F90370668BE422BD0744FA83723
:103510000668BE4226D0734F0668BE4222D0714F65
:1035200014370668BE421DD06E4F28370668BE426B
:1035300018D06C4F3C370668BE4213D0694F5037E5
:103540000668BE420ED0674F64370668BE4209D097
:10355000644F78370668BE4204D0624F8C370668E5
:10356000BE4201D1012600E000263EB1D0E9197625
:103570007E60C66E16B1D0E91C767E60574F066835
:10358000BE4249D0554F18370668BE4244D0534F0B
:1035900030370668BE423FD0504F48370668BE42BB
:1035A0003AD04E4F60370668BE4235D04B4F783721
:1035B0000668BE4230D0494F90370668BE422BD0D5
:1035C000464FA8370668BE4226D0454F0668BE4221
:1035D00022D0434F18370668BE421DD0404F3037C7
:1035E0000668BE4218D03E4F48370668BE4213D028
:1035F0003B4F60370668BE420ED0394F78370668B9
:10360000BE4209D0364F90370668BE4204D0344FD0
:10361000A8370668BE4201D1012600E00026DEB1CF
:1036200090F85C6006F01F073F26BE40AE6006685B
:10363000366826F4802607683E60066873608668F0
:10364000402E04D10668B2600668F16044E0066866
:10365000B1600668F2603FE0224F0668BE4222D0A9
:10366000204F14370668BE421DD01E4F283706680B
:10367000BE4218D01B4F3C370668BE4213D0194FCC
:1036800050370668BE420ED0164F64370668BE42F9
:1036900009D0144F78370668BE4204D0114F8C37DA
:1036A0000668BE4201D1012600E00026A6B190F8CE
:1036B0005C6006F01F070126BE4066600668736006
:1036C0008668402E04D10668B2600668F16003E0A7
:1036D0000668B1600668F260F0BD000010000240AC
:1036E000100402400854025810B5044620782428DB
:1036F00000D010BDE078472808D12079472805D1AF
:103700006079412802D1E01D00F026F9E0785428C4
:1037100008D12079482805D16079532802D1E01DCD
:1037200000F0F4F9E078482808D12079502805D134
:103730006079522802D1E01D00F08AF900BFD8E775
:103740007047000010B500210F4806F01BFD042152
:103750000D4806F017FD00210C4806F013FD04216A
:103760000A4806F00FFD0021094806F00BFD042170
:10377000074806F007FD0021064806F003FD042176
:10378000044806F0FFFC10BD140500246005002469
:10379000AC050024F8050024014651B91A48006818
:1037A000406A02B20020184B1B685862504200B2B7
:1037B000704701290AD115480068406A02B200200A
:1037C000124B1B685862504200B2F1E702290AD13D
:1037D0000F480068406A02B200200D4B1B68586217
:1037E000504200B2E4E703290AD10A480068406A5F
:1037F00002B20020074B1B685862504200B2D7E764
:1038000000BF0020D4E70000140500246005002458
:10381000AC050024F805002472B600BFFEE702469E
:103820000868B0B9D1E901031843CB6818430B69A4
:1038300018434B6918438B691843CB6918430B6ACB
:1038400018434B6A184313686FF30E031843106054
:1038500019E0D1E9070318434B6A1843136823F4AE
:10386000F84318431060D1E901031843CB681843AB
:103870000B6918434B6918438B69184353686FF3FE
:103880000E0318435060002070470246506943F60B
:10389000FE73984340EA410050610020704710B524
:1038A0000346D1E9000420438C68641E40EA4410BA
:1038B000CC6840EA44201C696FF31504204318616A
:1038C000002010BD30B50346FAB90868401E4C68A8
:1038D000641E40EA04148868401E44EA0024C86854
:1038E000401E44EA0034088A401E44EA0044888AA4
:1038F000401E44EA0054087E401E44EA00609C6872
:1039000004F070442043986022E0C868401E04031D
:10391000888A401E44EA00509C680E4D2C4020438B
:1039200098600868401E4C68641E40EA0414886869
:10393000401E44EA0024088A401E44EA0044087EEF
:10394000401E44EA0060DC6804F070442043D86004
:10395000002030BDFF0F0FFF30B591B004460025A9
:1039600015E001A840F8254004E014F8011B09B94E
:1039700011B030BD20780D2D01D12A2100E02C217D
:103980008842F2D1002004F8010B681CC5B20E2D4C
:10399000E7DB01A840F8254001980FF045F82B48D7
:1039A00080ED000B02980FF03FF8284880ED020BE5
:1039B000039800782549087404980FF035F82348D7
:1039C00080ED060B05980078204981F820000698C4
:1039D0000078303881F821000798FCF75DFF1B491B
:1039E00081F8220008980FF01FF8B7EEC00B1748B7
:1039F00080ED090A09980FF017F8B7EEC00B1348CD
:103A000080ED0A0A2C300A99FCF753FF0B980FF04F
:103A10000BF8B7EEC00B0D4880ED0D0A38300C994D
:103A2000FCF747FF0D980EF0FFFFB7EEC00B0748FD
:103A300080ED100A44300E99FCF73BFF03484C30F0
:103A40000F99FCF736FF00BF92E700002012012417
:103A500030B591B00446002515E001A840F8254096
:103A600004E014F8011B09B911B030BD2078072D0E
:103A700001D12A2100E02C218842F2D1002004F853
:103A8000010B681CC5B2082DE7DB01A840F82540F2
:103A900001980EF0C9FF1C4880ED000B02980EF053
:103AA000C3FFB7EEC00B184880ED020A03980EF072
:103AB000BBFFB7EEC00B144880ED030A04980EF06C
:103AC000B3FFB7EEC00B104880ED040A05980078EC
:103AD00030380D4908750698FCF7DEFE0A4948752E
:103AE00007980EF0A1FFB7EEC00B074880ED060A5D
:103AF0001C300899FCF7DDFE034824300999FCF7D7
:103B0000D8FE00BFB0E700008813012430B589B0AB
:103B10000446002515E001A840F8254004E014F80B
:103B2000011B09B909B030BD2078012D01D12A212E
:103B300000E02C218842F2D1002004F8010B681C1F
:103B4000C5B2022DE7DB01A840F8254001980EF030
:103B50006BFFB7EEC00B094880ED000A02980EF02B
:103B600063FFBCEEC00B10EE100A04490871034855
:103B7000401D0399FCF79DFE00BFD3E77812012496
:103B800010B5012438E04FF4FA7038F001FF2046F8
:103B9000611CCCB20C282ED2DFE800F02D06070BFA
:103BA0000F13171B1F23272B25E017A000F0B4F8D5
:103BB00021E017A000F0B0F81DE01AA000F0ACF86A
:103BC00019E01EA000F0A8F815E01FA000F0A4F86E
:103BD00011E020A000F0A0F80DE021A000F09CF87A
:103BE00009E022A000F098F805E00EA000F094F89B
:103BF00001E0002400BF00BF002CC4D14FF4FA70D4
:103C000038F0C6FE10BD0000756E6C6F670D0A00BF
:103C10006D6F646520626173652074696D6520361F
:103C2000300D0A006D6F646520726F7665722061D9
:103C300075746F6D6F746976650D0A0067706767DC
:103C40006120310D0A000000677074687320310D27
:103C50000A00000061677269636220310D0A00008A
:103C6000677068707220310D0A000000736176651C
:103C7000636F6E6669670D0A000000002DE9F04170
:103C800005460E460EB9BDE8F081002400271DE070
:103C9000285DAA2818D1601C285C442814D1A01CD7
:103CA000285CB52810D1301BB0F5007F02DD4FF441
:103CB000007000E0301B024629191648FCF73CFE54
:103CC0001448FFF749F804E0601C84B2B01EA0421B
:103CD000DEDC00BF002418E0285D242800D12F1965
:103CE000002C10DD601E285C0D280CD1285D0A28F0
:103CF00009D147B10021601E2954002028553846BB
:103D0000FFF7F2FC0027601C84B2B442E4DB00BF82
:103D1000B9E70000B813012470B504462046FCF74B
:103D2000ECFD85B2C8232A462146024807F097FCDD
:103D300070BD0000B80700242DE9F04107460D468C
:103D400016464FF001080AF03DFB384600F068F8CF
:103D5000E0B90AF037FBBB200AF0A6FB012815D119
:103D600000240DE0681EA04204D100200AF0FCFAF5
:103D7000305503E001200AF0F7FA3055601CC4B258
:103D8000AC42EFDB0AF040FB4FF000080AF03CFBCE
:103D90004046BDE8F081000010B50AF0CFFB0022DC
:103DA0004FF40061114802F093F8012291020F488C
:103DB00002F08EF842F210700AF024FA00224FF45A
:103DC00080610A4802F084F809480AF01BFA0122CF
:103DD0009102064802F07CF806480AF013FA0AF04D
:103DE00097FB44F620600AF00DFA10BD002002583F
:103DF000F04902003057050070B506460C460AF03F
:103E0000E1FA304600F00CF828B920460AF04CFBE5
:103E1000012800D001250AF0F7FA0025284670BDD8
:103E200070B504460AF0CEFABA200AF03DFB01282C
:103E30000AD120120AF038FB012805D1E0B20AF0BD
:103E400033FB012800D001250025284670BD000065
:103E5000004870472012012400487047881301244D
:103E600070B50A480468001D0568001D06683444E2
:103E700054B108220649204607F09DFE0422044959
:103E80001031284607F097FE70BD000000E8F11FD2
:103E9000220400242DE9F041044602F025F8804672
:103EA00014B90120BDE8F08194F83500022808D04B
:103EB0008020606500BF002084F8340000BF01202E
:103EC000F0E7FE492068884249D0FC491831206853
:103ED000884244D0F9493031206888423FD0F749C0
:103EE0004831206888423AD0F449603120688842DD
:103EF00035D0F24978312068884230D0EF4990318E
:103F0000206888422BD0ED49A8312068884226D00D
:103F1000EB492068884222D0E9491831206888425C
:103F20001DD0E74930312068884218D0E449483133
:103F30002068884213D0E2496031206888420ED060
:103F4000DF4978312068884209D0DD499031206806
:103F5000884204D0DA49A8312068884201D1012082
:103F600000E0002068B12068006820F01E00216891
:103F700008602068406920F0800021684861256859
:103F800006E02068006820F00E00216808602568BF
:103F9000CA492068884270D0C849183120688842D0
:103FA0006BD0C64930312068884266D0C349483159
:103FB0002068884261D0C1496031206888425CD065
:103FC000BE4978312068884257D0BC49903120687A
:103FD000884252D0B949A831206888424DD0B849AA
:103FE0002068884249D0B64918312068884244D0B8
:103FF000B3493031206888423FD0B1494831206808
:1040000088423AD0AE4960312068884235D0AC4908
:1040100078312068884230D0A949903120688842A0
:104020002BD0A749A8312068884226D0A54920680E
:10403000884222D0A3491431206888421DD0A1496A
:1040400028312068884218D09E493C312068884237
:1040500013D09C495031206888420ED09949643170
:104060002068884209D0974978312068884204D076
:1040700094498C312068884201D1012000E0002061
:1040800028B1206E006820F48070216E08608B4992
:104090002068884249D0894918312068884244D034
:1040A00086493031206888423FD0844948312068B1
:1040B00088423AD0814960312068884235D07F49B2
:1040C00078312068884230D07C499031206888421D
:1040D0002BD07A49A8312068884226D078492068B8
:1040E000884222D076491831206888421DD0744910
:1040F00030312068884218D07149483120688842A0
:1041000013D06F496031206888420ED06C497831F5
:104110002068884209D06A4990312068884204D0DA
:104120006749A8312068884206D12068006820F0DD
:1041300001002168086005E02068006820F00100A7
:104140002168086011E001F0CFFEA0EB080005280F
:104150000BD920206065032084F8350000BF0020C3
:1041600084F8340000BF01209CE6286800F00100BC
:104170000028E8D151492068884249D04F49183178
:104180002068884244D04D493031206888423FD071
:104190004A494831206888423AD04849603120680D
:1041A000884235D0454978312068884230D043492B
:1041B0009031206888422BD04049A831206888423D
:1041C00026D03F492068884222D03D4918312068D6
:1041D00088421DD03A4930312068884218D0384989
:1041E00048312068884213D03549603120688842C0
:1041F0000ED0334978312068884209D03049903157
:104200002068884204D02E49A8312068884201D114
:10421000012000E0002040B1A66D94F85C0000F0A1
:104220001F013F208840B06007E0A76D94F85C0054
:1042300000F01F01012088407860204920688842F2
:1042400076D01E4918312068884271D01B49303120
:10425000206888426CD0194948312068884267D06C
:10426000164960312068884262D01449783120684C
:1042700088425DD0114990312068884258D00F495A
:10428000A8312068884253D00D49206888424FD019
:104290000B491831206888424AD0094930312068DA
:1042A000884245D0064948312068884240D00449B8
:1042B0006031206888423BD0014905E0100002408F
:1042C00010040240085402587831206888422FD0E8
:1042D0002549206888422BD023491831206888421C
:1042E00026D022492068884222D0204914312068F3
:1042F00088421DD01D4928312068884218D01B49AA
:104300003C312068884213D01849503120688842D7
:104310000ED0164964312068884209D0134978319B
:104320002068884204D011498C312068884201D12C
:10433000012000E0002068B1D4E919104860E06E67
:1043400040B1E06E006820F48070E16E0860D4E94E
:104350001C104860012084F8350000BF002084F85C
:10436000340000BF00BF9DE5A0040240085402587D
:1043700070B504460CB9012070BD94F835000228D0
:1043800003D0802060650120F6E7DC492068884280
:1043900049D0DA4918312068884244D0D7493031B1
:1043A000206888423FD0D5494831206888423AD0B9
:1043B000D24960312068884235D0D04978312068B0
:1043C000884230D0CD499031206888422BD0CB49EB
:1043D000A8312068884226D0C9492068884222D066
:1043E000C7491831206888421DD0C549303120683E
:1043F000884218D0C24948312068884213D0C04949
:104400006031206888420ED0BD49783120688842EA
:1044100009D0BB4990312068884204D0B849A831FE
:104420002068884201D1012000E00020F0B3042080
:1044300084F83500B149206888424BD0AF49183123
:104440002068884246D0AD4930312068884241D04A
:10445000AA494831206888423CD0A8496031206888
:10446000884237D0A54978312068884232D0A349A4
:104470009031206888422DD0A049A8312068884218
:1044800028D09F492068884224D09D49183120684F
:1044900088421FD09A493031206888421AD0984902
:1044A00048312068884215D0954900E020E060310D
:1044B000206888420ED0924978312068884209D01D
:1044C0008F4990312068884204D08D49A8312068F6
:1044D000884206D12068006820F001002168086049
:1044E00009E12068006820F001002168086002E10D
:1044F0002068006820F00E00216808607F4920686D
:10450000884249D07D4918312068884244D07B498F
:104510003031206888423FD078494831206888424D
:104520003AD0764960312068884235D07349783175
:104530002068884230D071499031206888422BD061
:104540006E49A8312068884226D06D49206888428B
:1045500022D06B491831206888421DD0684930311B
:104560002068884218D0664948312068884213D0B4
:1045700063496031206888420ED0614978312068F3
:10458000884209D05E4990312068884204D05C4955
:10459000A8312068884206D12068006820F0010018
:1045A0002168086005E02068006820F001002168AB
:1045B000086052492068884270D0504918312068FC
:1045C00088426BD04D4930312068884266D04B49D3
:1045D00048312068884261D048496031206888426B
:1045E0005CD0464978312068884257D043499031A1
:1045F0002068884252D04149A831206888424DD075
:104600003F492068884249D03D4918312068884296
:1046100044D03B493031206888423FD03849483146
:10462000206888423AD0364960312068884235D0C7
:10463000334978312068884230D031499031206840
:1046400088422BD02E49A8312068884226D02D4997
:104650002068884222D02B491431206888421DD01E
:10466000284928312068884218D026493C312068E2
:10467000884213D023495031206888420ED0214906
:1046800064312068884209D01E4978312068884208
:1046900004D01C498C312068884201D1012000E0FF
:1046A0000020D8B1206E006820F48070216E086070
:1046B000A56D94F85C0000F01F010120884068603F
:1046C000D4E919104860E06E40B1E06E006820F453
:1046D0008070E16E0860D4E91C104860012084F805
:1046E000350000BF002084F8340000BF206D10B1F9
:1046F0002046216D884700203EE600001000024061
:1047000010040240085402582DE9F84F04460020D6
:104710000090FE4800684FF41651B0FBF1FAA66D08
:10472000D4F858803768D8F80090F9492068884252
:1047300049D0F74918312068884244D0F4493031D3
:10474000206888423FD0F2494831206888423AD0F8
:10475000EF4960312068884235D0ED4978312068D2
:10476000884230D0EA499031206888422BD0E8490D
:10477000A8312068884226D0E6492068884222D0A5
:10478000E4491831206888421DD0E2493031206860
:10479000884218D0DF4948312068884213D0DD496B
:1047A0006031206888420ED0DA497831206888422A
:1047B00009D0D84990312068884204D0D549A83121
:1047C0002068884201D1012000E0002000287DD02F
:1047D00094F85C0000F01F01082088403840002851
:1047E00068D0CB492068884249D0C949183120682F
:1047F000884244D0C6493031206888423FD0C449FD
:104800004831206888423AD0C149603120688842E6
:1048100035D0BF4978312068884230D0BC499031CA
:10482000206888422BD0BA49A8312068884226D017
:10483000B8492068884222D0B64918312068884299
:104840001DD0B44930312068884218D0B149483170
:104850002068884213D0AF496031206888420ED06A
:10486000AC4978312068884209D0AA499031206843
:10487000884204D0A749A8312068884204D1206822
:10488000006800F0040003E02068006800F0080001
:1048900080B12068006820F004002168086094F866
:1048A0005C0000F01F0108208840B060606D40F09F
:1048B0000100606594F85C0000F01F010120884051
:1048C0003840E8B392492068884200E0B7E24BD014
:1048D0008F4918312068884246D08D493031206890
:1048E000884241D08A494831206888423CD0884972
:1048F00060312068884237D0854978312068884205
:1049000032D083499031206888422DD08049A83127
:104910002068884228D07F492068884224D07D4979
:104920001831206888421FD07A4930312068884287
:104930001AD0784948312068884215D0754900E07E
:1049400026E06031206888420ED0724978312068B4
:10495000884209D06F4990312068884204D06D495F
:10496000A8312068884204D12068406900F08000A6
:1049700002E020680068002050B194F85C0000F06C
:104980001F0101208840B060606D40F0020060654A
:1049900094F85C0000F01F01042088403840E8B320
:1049A0005B49206888424BD05949183120688842B9
:1049B00046D0574930312068884241D05449483167
:1049C000206888423CD0524960312068884237D004
:1049D0004F4978312068884232D04D499031206863
:1049E00088422DD04A49A8312068884228D04949B8
:1049F0002068884224D047491831206888421FD057
:104A000044493031206888421AD0424948312068F0
:104A1000884215D03F496031206800E024E0884298
:104A20000ED03C4978312068884209D0394990310C
:104A30002068884204D03749A8312068884204D1D0
:104A40002068006800F0020002E020680068002092
:104A500050B194F85C0000F01F0104208840B06061
:104A6000606D40F00400606594F85C0000F01F0188
:104A7000102088403840E8B325492068884251D04A
:104A800023491831206888424CD0214930312068B0
:104A9000884247D01E4948312068884242D01C498C
:104AA0006031206888423DD01949783120688842B9
:104AB00038D0174990312068884233D01449A83142
:104AC000206888422ED01349206888422AD0114994
:104AD00018312068884225D00E493031206888423C
:104AE00020D00C494831206888421BD009496031E8
:104AF000206800E04DE0884214D0064978312068F3
:104B000088420FD003499031206805E098000024C6
:104B10001000024010040240884203D0FE49206881
:104B2000884204D12068006800F0080003E0206893
:104B3000006800F0040060B394F85C0000F01F010E
:104B400010208840B0602068006800F4802080B1A8
:104B50002068006800F4002028B9206CC8B1204605
:104B6000216C884715E0A06C98B12046A16C88475D
:104B70000FE02068006800F4807028B920680068A1
:104B800020F0080021680860206C10B12046216CDC
:104B9000884794F85C0000F01F01202088403840CE
:104BA00000287DD0DD492068884249D0DB49183192
:104BB0002068884244D0D9493031206888423FD0AB
:104BC000D6494831206888423AD0D44960312068BB
:104BD000884235D0D14978312068884230D0CF49D9
:104BE0009031206888422BD0CC49A8312068884277
:104BF00026D0C949A8392068884221D0C6499039B1
:104C0000206888421CD0C44978392068884217D06F
:104C1000C14960392068884212D0BF4948392068AC
:104C200088420DD0BC4930392068884208D0BA4942
:104C300018392068884203D0B7492068884204D1D7
:104C40002068006800F0100003E02068006800F0B1
:104C5000020028B394F85C0000F01F012020884077
:104C6000B06094F8350004282DD12068006820F049
:104C70001600216808602068406920F080002168E3
:104C80004861206C08B9A06C28B12068006820F049
:104C900008002168086094F85C0000F01F0100E043
:104CA0003FE03F208840B060012084F8350000BF1D
:104CB000002084F8340000BF206D10B12046216D23
:104CC0008847BDE8F88F2068006800F4802080B134
:104CD0002068006800F4002028B9606C08B3204602
:104CE000616C88471DE0E06BD8B12046E16B8847D6
:104CF00017E02068006800F4807068B920680068D8
:104D000020F0100021680860012084F8350000BF01
:104D1000002084F8340000BFE06B10B12046E16B46
:104D20008847606D00287AD0606D00F00100E8B31C
:104D3000042084F835007949206888424BD07749AF
:104D400018312068884246D0744930312068884242
:104D500041D072494831206888423CD06F49603167
:104D60002068884237D06D4978312068884232D037
:104D70006A499031206888422DD06849A83120685E
:104D8000884228D06449A8392068884223D06249E3
:104D90009039206888421ED05F497839206888425F
:104DA00019D05D4960392068884200E040E012D0A7
:104DB00059494839206888420DD057493039206810
:104DC000884208D0544918392068884203D0524993
:104DD0002068884206D12068006820F00100216820
:104DE000086005E02068006820F001002168086084
:104DF00000BF0098401C0090504500D905E0206895
:104E0000006800F001000028F3D100BF20680068AE
:104E100000F0010020B1032084F8350003E00DE02C
:104E2000012084F8350000BF002084F8340000BF62
:104E3000E06C002802D02046E16C8847D9E138496F
:104E40002068884222D036491431206888421DD01B
:104E5000334928312068884218D031493C312068D4
:104E6000884213D02E495031206888420ED02C49F8
:104E700064312068884209D0294978312068884205
:104E800004D027498C312068884201D1012000E0FC
:104E900000200028D2D02068056894F85C0000F05B
:104EA0001F010420884000EA0900D8B305F004007F
:104EB000C0B394F85C0000F01F0104208840C8F8DB
:104EC000040005F4004080B105F4803030B9A06CD6
:104ED0000028B3D02046A16C88478AE1206C0028C6
:104EE000ACD02046216C884783E105F02000E8BB68
:104EF0000A492068884253D00849183120688842FE
:104F00004ED0064930312068884249D003494831A3
:104F10002068884244D006E0B804024010000240F5
:104F2000085402584FE0B44960312068884237D0B5
:104F3000B14978312068884232D0AF499031206839
:104F400088422DD0AC49A8312068884228D0AB498E
:104F50002068884224D0A9491831206888421FD08F
:104F6000A6493031206888421AD000E025E0A349E4
:104F700048312068884213D0A049603120688842B7
:104F80000ED09E4978312068884209D09B499031E3
:104F90002068884204D09949A8312068884206D107
:104FA0002068006820F008002168086005E020689B
:104FB000006820F0040021680860206C10B32046CF
:104FC000216C884715E194F85C0000F01F01022075
:104FD000884000EA0900E8B305F00200D0B394F875
:104FE0005C0000F01F0102208840C8F8040005F4AE
:104FF000004070B105F4803028B9606C10B12046D3
:10500000616C8847F5E0E06BF0B32046E16B8847C0
:10501000EFE005F02000C0BB7749206888424ED001
:10502000754918312068884249D073493031206869
:10503000884244D070494831206888423FD06E4948
:105040006031206888423AD06B49783120688842C4
:1050500035D000E04EE068499031206888422ED07B
:105060006549A8312068884229D06449206888426F
:1050700025D0624918312068884220D05F493031FC
:10508000206888421BD001E06EE02DE05B4948318A
:105090002068884213D059496031206888420ED078
:1050A000564978312068884209D0544990312068A7
:1050B000884204D05149A8312068884206D120682E
:1050C000006820F014002168086005E0206800688E
:1050D00020F00A0021680860012084F8350000BF34
:1050E000002084F8340000BFE06BE8B32046E16B99
:1050F00088477EE094F85C0000F01F01082088409B
:1051000000EA090080B305F0080068B33A49206856
:1051100088424BD0384918312068884246D03649F9
:1051200030312068884241D0334948312068884274
:105130003CD0314960312068884237D02E497831DF
:105140002068884232D02C499031206888422DD086
:105150002949A8312068884228D0284920688842F7
:1051600024D02649183100E043E0206888421DD051
:10517000224930312068884218D0204948312068BF
:10518000884213D01D496031206888420ED01B49E7
:1051900078312068884209D01849903120688842C7
:1051A00004D01649A8312068884206D120680068DA
:1051B00020F01C002168086005E02068006820F0ED
:1051C0000E002168086094F85C0000F01F010120C7
:1051D0008840C8F804000120606584F8350000BFED
:1051E000002084F8340000BFE06C10B12046E16C70
:1051F000884700BF65E5000010000240100402402F
:105200002DE9F041044600F06FFE804614B90120FC
:10521000BDE8F081FE492068884249D0FC49183138
:105220002068884244D0FA493031206888423FD013
:10523000F7494831206888423AD0F5496031206802
:10524000884235D0F24978312068884230D0F04920
:105250009031206888422BD0ED49A83120688842DF
:1052600026D0EC492068884222D0EA4918312068CB
:1052700088421DD0E74930312068884218D0E5497E
:1052800048312068884213D0E24960312068884262
:105290000ED0E04978312068884209D0DD4990314C
:1052A0002068884204D0DB49A8312068884201D1B7
:1052B000012000E00020002873D0606A00B100BF28
:1052C000022084F8350000BF002084F8340000BFBD
:1052D000CF492068884249D0CD491831206888429A
:1052E00044D0CB493031206888423FD0C84948314A
:1052F000206888423AD0C64960312068884235D05B
:10530000C34978312068884230D0C1499031206843
:1053100088422BD0BE49A8312068884226D0BD499A
:105320002068884222D0BB491831206888421DD0AD
:10533000B84930312068884218D0B64948312068D1
:10534000884213D0B3496031206888420ED0B149F9
:1053500078312068884209D0AE499031206888426F
:1053600004D0AC49A8312068884206D12068006882
:1053700020F001002168086005E02068006820F046
:105380000100216808600DE000F0AEFDA0EB080010
:10539000052807D920206065032084F83500012006
:1053A00036E76AE02068006800F001000028EBD1D1
:1053B0002068056898480540D4E90201084321693E
:1053C000084361690843A1690843E1690843216A08
:1053D00008430543606A042803D1D4E90B0108435C
:1053E00005438E4800686FF30F00B0F1005F1DD3D6
:1053F0006068292802D360682E2811D960683F2888
:1054000002D3606842280BD96068472802D36068DD
:10541000482805D960684F2804D36068522801D80D
:10542000012000E0002008B145F4801520680560E7
:105430002068456925F00705606A0543606A04280D
:105440000DD1A06A0543E06A48B12046FDF7BAFFD6
:1054500028B140206065012084F83500D8E6206836
:1054600045612046FDF78AFE064694F85C0000F090
:105470001F013F208840B0609EE069492068884253
:1054800022D067491431206888421DD064492831F0
:105490002068884218D062493C312068884213D085
:1054A0005F495031206888420ED05D4964312068E0
:1054B000884209D05A4978312068884204D0584936
:1054C0008C312068884201D1012000E00020E0B347
:1054D00053492068884222D05149143120688842BB
:1054E0001DD04F4928312068884218D04C493C31A2
:1054F0002068884213D04A495031206888420ED033
:10550000474964312068884209D04549783120688C
:10551000884204D042498C312068884201D1012060
:1055200000E0002000B100BF022084F8350000BF79
:10553000002084F8340000BF206805683948054021
:10554000A068402802D1102106E02EE0A068802843
:1055500001D1C10100E00021E06841EAD0012069E9
:1055600041EAD001606941EAD001A06941EAD00175
:10557000E06941EAD001206A41EA10100543206841
:10558000056027492068401A1421B0FBF1F0800023
:10559000E0652046FDF7F2FD074694F85C0000F058
:1055A0001F0101208840786006E0402060650320EC
:1055B00084F8350001202BE61549206888427FD009
:1055C00013491831206888427AD011493031206857
:1055D000884275D00E4948312068884270D00C4905
:1055E0006031206888426BD0094978312068884250
:1055F00066D0074990312068884261D00449A831BB
:10560000206888425CD003492068884258D00BE06B
:1056100010000240100402403F8010FE0010005CA9
:10562000085402580F00FEFF3B4918312068884299
:1056300046D0394930312068884241D03649483116
:10564000206888423CD0344960312068884237D095
:10565000314978312068884232D02F499031206812
:1056600088422DD02C49A8312068884228D02B4967
:105670002068884224D029491431206888421FD0EC
:1056800026492831206888421AD024493C312068B4
:10569000884215D0214950312068884210D01F49D6
:1056A0006431206888420BD01C49783120688842D8
:1056B00006D01A498C312068884200E000E001D110
:1056C000012000E0002000B32046FDF7CDFDA068DA
:1056D000802801D1002060602079216E0860D4E923
:1056E00019104860606860B16068082809D82046D1
:1056F000FDF71CFE0020E16E0860D4E91C10486034
:1057000003E00020E06620676067002060650120FC
:1057100084F8350000207BE510040240085402584C
:105720002DE9F04104460D4616461F464FF000088D
:1057300014B90120BDE8F08100BF94F834000128BD
:1057400001D10220F6E7012084F8340000BF94F86C
:10575000350001287ED1022084F8350000206065E4
:10576000E4492068884249D0E249183120688842DB
:1057700044D0E0493031206888423FD0DD4948318B
:10578000206888423AD0DB4960312068884235D0B1
:10579000D84978312068884230D0D6499031206885
:1057A00088422BD0D349A8312068884226D0D249DC
:1057B0002068884222D0D0491831206888421DD004
:1057C000CD4930312068884218D0CB494831206813
:1057D000884213D0C8496031206888420ED0C6493B
:1057E00078312068884209D0C349903120688842C6
:1057F00004D0C149A8312068884206D120680068D9
:1058000020F001002168086005E02068006820F0B1
:105810000100216808603B46324629462046FDF7D4
:1058200029FEB449206888424BD0B249183120681B
:10583000884246D0AF4930312068884241D0AD49D6
:105840004831206888423CD0AA49603120688842AB
:1058500037D000E042E1A74978312068884230D053
:10586000A4499031206888422BD0A249A8312068F1
:10587000884226D0A0492068884222D09E4918310B
:10588000206888421DD09C4930312068884218D059
:10589000994948312068884213D09749603120687F
:1058A00088420ED0944978312068884209D09249C4
:1058B00090312068884204D08F49A83120688842FE
:1058C00001D1012000E0002080B12068006820F0B4
:1058D0001E0040F0160021680860206CB0B12068FE
:1058E000006840F00800216808600FE02068006848
:1058F00020F00E0040F00A0021680860206C28B1FA
:105900002068006840F00400216808607949206838
:10591000884270D077491831206888426BD0754929
:1059200030312068884266D0724948312068884208
:1059300061D070496031206888425CD06D4978310F
:105940002068884257D06B4990312068884252D0F5
:105950006849A831206888424DD06749206888424C
:1059600049D0654918312068884244D062493031B5
:10597000206888423FD060494831206888423AD048
:105980005D4960312068884235D05B4978312068B4
:10599000884230D058499031206888422BD05649EF
:1059A000A8312068884226D054492068884222D0F5
:1059B00052491431206888421DD05049283120684E
:1059C000884218D04D493C312068884213D04B4959
:1059D0005031206888420ED048496431206888429E
:1059E00009D0464978312068884204D043498C3137
:1059F0002068884201D1012000E0002090B1206E93
:105A0000006800F4803028B1206E006840F4807097
:105A1000216E0860E06E28B1E06E006840F480708E
:105A2000E16E086033492068884249D03149183115
:105A30002068884244D02F493031206888423FD0C6
:105A40002C494831206888423AD02A496031206880
:105A5000884235D0274978312068884230D025499E
:105A60009031206888422BD02249A8312068884292
:105A700026D021492068884222D01F491831206849
:105A800088421DD01C4930312068884218D01A49FC
:105A900048312068884213D0174960312068884215
:105AA0000ED0154978312068884209D012499031CA
:105AB0002068884204D01049A8312068884206D165
:105AC0002068006840F001002168086010E020684C
:105AD000006840F001002168086009E04FF40060B0
:105AE000606500BF002084F8340000BF4FF001085B
:105AF00040461FE6100002401004024008540258BD
:105B000070B5044600F0F0F906462546681C10B151
:105B100004480078054400BF00F0E6F9801BA84265
:105B2000FAD370BDA800002400B587B0142102A8E4
:105B3000FAF7A3FF00BF5C48006840F480505A4960
:105B400008600846006800F48050019000BF00BF64
:105B500000BF55480C30006840F0040052490C3139
:105B600008600846006800F00400019000BF00BF14
:105B700000BF0846006840F008000860084600685A
:105B800000F00800019000BF00BF00BF0846006899
:105B900040F0100008600846006800F01000019016
:105BA00000BF00BF00BF0846006840F0200008604A
:105BB0000846006800F02000019000BF00BF00BF51
:105BC0000846006840F0400008600846006800F0A1
:105BD0004000019000BF00BF00BF0846006840F0D1
:105BE000800008600846006800F08000019000BF57
:105BF00000BF4FF63F000290022003900020049067
:105C0000032005900C20069002A9284800F05AF8BD
:105C10000C200290022003900020049003200590A5
:105C20000C20069002A9224800F04CF848F23710E8
:105C300002900220039000200490032005900C2085
:105C4000069002A91B4800F03DF84FF683700290C1
:105C50000220039000200490032005900C20069061
:105C600002A9154800F02EF84CF2037002900220B1
:105C7000039000200490032005900C20069002A9B8
:105C80000E4800F01FF8012002900220039000202F
:105C90000490032005900C20069002A9084800F00B
:105CA00011F807B000BD0000D44402580014025897
:105CB000001C02580018025800100258000C02582C
:105CC00000080258F8B502460B4600216F4DD7E098
:105CD00001278F401E6806EA0704002C72D01E7947
:105CE00006F00306012E04D01E7906F00306022EEC
:105CF00013D190684F000326BE40B0434F00DE68CA
:105D0000BE4030439060506801268E40B0431E79FB
:105D1000C6F300168E40304350601E7906F003062D
:105D2000032E09D0D0684F000326BE40B0434F0079
:105D30009E68BE403043D0601E7906F00306022EF6
:105D400013D1CF0802F1200656F827004E07F70EB0
:105D50000F26BE40B0434F07FF0E1E69BE403043C2
:105D6000CF0802F1200646F8270010684F000326EE
:105D7000BE40B0431E7906F003064F00BE403043DC
:105D800010605E6806F44036002E78D000BF404EAA
:105D9000366846F002063E4F3E603E46366806F0E4
:105DA0000206009600BF00BF3A4E8F0856F8270043
:105DB0008E07370F0F26BE40B043374EB24202D196
:105DC00000262EE05BE0354EB24201D1012628E0EC
:105DD000334EB24201D1022623E0324EB24201D10B
:105DE00003261EE0304EB24201D1042619E02F4EA8
:105DF000B24201D1052614E02D4EB24201D1062651
:105E00000FE02C4EB24201D107260AE02A4EB242E0
:105E100001D1082605E0294EB24201D1092600E051
:105E20000A268F073F0FBE4030431A4E8F0846F8B0
:105E300027004FF0B0463068A0435E6806F4801635
:105E400006B120434FF0B04630607068A0435E68F2
:105E500006F4001606B120434FF0B0467060686843
:105E6000A0435E6806F4003606B1204368602868E7
:105E7000A0435E6806F4803606B120432860491CC2
:105E80001E68CE40002E7FF423AFF8BD800000587E
:105E9000F444025808040058000002580004025854
:105EA00000080258000C0258001002580014025852
:105EB00000180258001C0258002002580024025802
:105EC000024613690B400BB1012000E0002070472F
:105ED0000AB1816101E00B048361704701480068E9
:105EE000000C70470010005C01480068704700001B
:105EF000A0000024024692F8410020282DD100BFC6
:105F000092F84000012801D102207047012082F858
:105F1000400000BF242082F841001068006820F093
:105F20000100136818601068006820F4805013683E
:105F300018601068006808431368186010680068EB
:105F400040F0010013681860202082F8410000BF73
:105F5000002082F8400000BFD7E70220D5E710B547
:105F600002460B4692F8410020282AD100BF92F841
:105F70004000012801D1022010BD012082F840001C
:105F800000BF242082F841001068006820F0010062
:105F9000146820601068016821F4706141EA0321EF
:105FA000106801601068006840F00100146820600B
:105FB000202082F8410000BF002082F8400000BF8E
:105FC000DAE70220D8E7000010B504460CB901203A
:105FD00010BD94F8410028B9002084F84000204604
:105FE00000F024F9242084F841002068006820F0A3
:105FF000010021680860606820F070602168086115
:106000002068806820F4004021688860E0680128EA
:1060100005D1A06840F400402168886004E0A068D1
:1060200040F4044021688860E068022802D18002C0
:106030002168486020684068134908432168486027
:106040002068C06820F400402168C860D4E90401D9
:106050000843A16940EA01202168C860D4E907012A
:106060000843216808602068006840F0010021684A
:10607000086000206064202084F841000020206334
:1060800084F8420000BFA3E7008000022DE9FC5F16
:106090000446894692469B46DDE90C780E9E94F8AC
:1060A000410020287ED117B1B8F1000F05D14FF47F
:1060B000007060640120BDE8FC9F00BF94F84000C0
:1060C000012801D10220F6E7012084F8400000BF3A
:1060D000FFF70AFF054619230122D1032046009548
:1060E00005F0CEFC08B10120E5E7222084F841004C
:1060F000402084F84200002060646762A4F82A808F
:1061000060635B46524649462046CDE9006505F08E
:106110005DFC30B100BF002084F8400000BF0120CA
:10612000C9E7608DFF280CD9FF2020853D480090ED
:1061300094F828204FF080734946204605F084FCEF
:106140000BE0608D20853748009094F828204FF0B0
:1061500000734946204605F077FC00BF3346002215
:1061600004212046009505F08BFC08B10120A2E730
:106170002068406A616A0870606A401C6062208D15
:10618000401E2085608D401E6085608D48B3208D47
:1061900038BB3346002280212046009505F070FC74
:1061A00018B100E03CE0012085E7608DFF280CD9A4
:1061B000FF2020850020009094F828204FF0807365
:1061C0004946204605F040FC0BE0608D208500200C
:1061D000009094F828204FF000734946204605F0BF
:1061E00033FC608D0028B9D12A463146204605F09F
:1061F00080FC08B101205EE720202168C86120688A
:1062000040680949084021684860202084F841001E
:10621000002084F8420000BF84F8400000BF4AE735
:10622000022048E70024008000E800FE10B5B8B066
:106230000446142132A8FAF720FCC02102A8FAF77C
:106240001CFC1E492068884236D108210020CDE977
:106250000210239002A801F0C1FD08B1FDF7DCFA9D
:1062600000BF1748006840F0020015490860084662
:10627000006800F00200019000BF00BF4FF44070C2
:1062800032901220339000203490359004203690C4
:1062900032A90C48FFF716FD00BF09480830006816
:1062A00040F400100649083108600846006800F410
:1062B0000010019000BF00BF38B010BD0054004076
:1062C000E044025800040258034800680349097872
:1062D0000844014908607047A0000024A800002479
:1062E00010B5032000F0C4FB02F03CFE1049096821
:1062F000C1F303210F4A515C01F01F0120FA01F4A0
:106300000B48006800F00F001146085C00F01F0009
:1063100024FA00F008490860084804600F2000F0E3
:106320000FF808B1012010BD00F038FB0020FAE79B
:1063300018440258F0F604089C0000249800002439
:1063400070B58AB00446102C0AD20022214676206D
:1063500000F050FB762000F039FB1948046002E0A1
:1063600001200AB070BD00BF1648006840F48020CC
:10637000144908600846006800F48020009000BFBF
:1063800000BF01A902A802F06DFD02F0D9FD450091
:106390000D48B5FBF0F0461E0C480D49086040F270
:1063A000E7310B48C160466000210161816003F064
:1063B0004DFC18B9064803F099FCD2E70120D0E75C
:1063C000A4000024F044025840420F00004801405D
:1063D000C804002470B504460E46154600BF94F864
:1063E000A000012801D1022070BD012084F8A00086
:1063F00000BF022084F8A10005EB850101EBC50276
:1064000004F1380101EB820034223146FAF7D9FA5F
:106410002A463146204605F03FFD012021684862AA
:1064200084F8A10000BF002084F8A00000BF00BFD6
:10643000DAE7704770B504462068856B2068466BC4
:1064400005F00400E0B106F00400C8B12068406B1C
:1064500020F004002168486304202168C863D4F850
:10646000A40040F00100C4F8A400042084F8A100B6
:1064700000BF002084F8A00000BF2046FFF7D9FF2E
:1064800005F00200E0B106F00200C8B12068406BE0
:1064900020F002002168486302202168C863D4F814
:1064A000A40040F00200C4F8A400042084F8A10075
:1064B00000BF002084F8A00000BF2046FFF7B9FF0E
:1064C00005F00100A8B106F0010090B12068406B12
:1064D00020F001002168486301202168C86384F826
:1064E000A10000BF002084F8A00000BF204600F0FB
:1064F000A7F805F00800B0B106F0080098B12068D0
:10650000406B20F008002168486308202168C863B8
:10651000012084F8A10000BF002084F8A00000BF83
:10652000204600F0D5F970BD70B504460CB90120C5
:1065300070BD94F8A10028B9002084F8A00020467E
:1065400000F08CF8022084F8A1002068806920F017
:10655000704021688861D4E901010843E16808437B
:106560002169084321688969084321688861206896
:1065700080683249084021688860A08A0504206844
:106580008068A16929430843216888602068C06841
:106590002A4908402168C860A08B05042068C068AB
:1065A000216A294308432168C8602068006923499B
:1065B000084021680861A08C050420680069A16A70
:1065C0002943084321680861206840691B49084045
:1065D00021684861A08D050420684069216B29432A
:1065E00008432168486194F83500050294F83600A4
:1065F00006042068C06A00F07F402168C86246EA4D
:10660000050094F8341008432168C96A08432168DA
:10661000C8622068406B40F006002168486320682B
:10662000806940F00100216888610020C4F8A4005E
:10663000012084F8A10000207AE7000000F800F0B3
:1066400010B504462068406A40F0010021684862A5
:106650000021204600F012F910BD000030B587B0CF
:1066600004460025142102A8FAF707FA7C4920689D
:1066700088427CD100BF7B48006840F0080079491F
:1066800008600846006800F00800019000BF00BFE5
:1066900000BF081F006840F48060091F08600846BA
:1066A000006800F48060019000BF00BF00BF084692
:1066B000006840F0400008600846006800F04000B4
:1066C000019000BF00BF00BF0846006840F40070A2
:1066D00008600846006800F40070019000BF00BF29
:1066E00000BF0846006840F0800008600846006867
:1066F00000F08000019000BF00BF00BF08460068A6
:1067000040F4807008600846006800F480700190D2
:1067100000BF00BF00BF0846006840F0800008606E
:106720000846006800F08000019000BF00BF002014
:10673000039004904FF40040029002A94A48FFF7EA
:10674000C1FA8020029002A94848FFF7BBFA4FF433
:106750008050029002A94548FFF7B4FA4FF4004177
:106760004148FFF7ADFB68B98021404800E075E083
:10677000FFF7A6FB30B94FF480513C48FFF7A0FB70
:1067800000B90125FE200290022003900020049011
:10679000032005900E20069002A93548FFF792FAD3
:1067A0004FF48060029002200390002004900320A8
:1067B00005900920069002A92E48FFF783FA4FF2B0
:1067C000FF300290022003900020049003200590E7
:1067D0000E20069002A92548FFF774FA4FF40040F6
:1067E00002900220039000200490032005900E20C8
:1067F000069002A92048FFF765FA4FF47040029016
:106800000220039000200490032005900E200690A3
:1068100002A91548FFF756FA1020029002200390B3
:1068200000200490032005900920069002A9124838
:10683000FFF748FA402002900120039000200490C6
:10684000059002A90C48FFF73DFA002240210A48B2
:10685000FFF73EFB012D01D105F004FA07B030BD72
:1068600000100050E444025800200258002402584E
:106870000028025800180258001C0258024600BFA7
:1068800092F8A000012801D102207047012082F86F
:10689000A00000BF022082F8A1001068406B20F029
:1068A000010013685863094801641068406B40F0A8
:1068B000010013685863012082F8A10000BF002086
:1068C00082F8A00000BF00BFDFE70000001000500A
:1068D000704700004178154A11600178F9B1121D26
:1068E00041681160017B0907C27A41EA0261827A3C
:1068F00041EAC241427B41EA8241827B41EA424114
:10690000C27B41EA0241427A41EA0221027A41EA2B
:10691000420102781143054A0832116005E0002166
:10692000024A121D1160121D1160704798ED00E0BF
:1069300000BF00BF00BFBFF35F8F00BF00BF00BF3D
:106940000548006820F480300349086000200249AF
:10695000703108607047000024ED00E040F0010154
:106960000D4A11600C497039096841F480310A4AB6
:10697000703A116000BF00BF00BFBFF34F8F00BF70
:1069800000BF00BF00BF00BF00BFBFF36F8F00BFDD
:1069900000BF00BF7047000094ED00E008B500BFE5
:1069A0000948006840F0020007490860084600688E
:1069B00000F00200009000BF00BF00220F21901ED7
:1069C00000F018F808BD0000F444025801460846DB
:1069D00000280DDB00BF00BF00F01F0301229A401A
:1069E00043099B0003F1E023C3F8002100BF00BF6F
:1069F00000BF70472DE9F05F80460D4616460BF04C
:106A00009DFD074639462A46334601F00700C0F18E
:106A1000070ABAF1040F02D94FF0040A01E0C0F1ED
:106A2000070AD14600F1040ABAF1070F02D24FF06B
:106A3000000A01E0A0F1030AD4464FF0010A0AFA65
:106A400009FAAAF1010A0AEA020A0AFA0CFA4FF054
:106A5000010B0BFA0CFBABF1010B0BEA030B4AEA3F
:106A60000B04214640460BF071FDBDE8F09F00008D
:106A700000BF00F00702064B19684FF6FF031940EC
:106A8000044B0B4343EA0221014B196000BF7047DE
:106A90000CED00E00000FA0501460A680120C1F88B
:106AA0000005002081F8F404906940F000609061D6
:106AB000506D024B184350650020704703000010D2
:106AC000704702461068416200207047F0B50346E7
:106AD00015461868446A21B944EA05401E68B06248
:106AE00019E01868806A04EB1044002208E0186876
:106AF00000F5827050F8220004EB1044501CC2B222
:106B0000481E9042F3D844EA0547186800F58270A1
:106B10004E1E40F826700020F0BD10B50446D4F893
:106B2000080509F0DBFF10BD70B504460D4605EB06
:106B3000C50304F13C0101EB8301CA682946D4F87E
:106B4000080509F0BEFE70BD70B504460D4605EBA4
:106B5000C50304F51F7101EB8301CA682946D4F807
:106B6000080509F036FF70BD10B50446D4F80805D5
:106B700009F0B7FF10BD2DE9F04104460D4605F0C0
:106B80008000802808D105F00F0000EBC00104F15F
:106B90003C0000EB810607E005F00F0000EBC001B0
:106BA00004F51F7000EB8106314620680BF0E4F914
:106BB00007463846BDE8F08170B504460E4606F03B
:106BC000800080280AD106F00F0000EBC00104F11C
:106BD0003C0000EB81050120687009E006F00F0021
:106BE00000EBC00104F51F7000EB81050020687008
:106BF00006F00F00287000BF94F8BC04012801D1F2
:106C0000022070BD012084F8BC0400BF2946206822
:106C10000AF04EFD00BF002084F8BC0400BF00BF96
:106C2000EFE770B504460E4606F00F006168884233
:106C300001D9012070BD06F0800080280AD106F03D
:106C40000F0000EBC00104F13C0000EB81050120C6
:106C5000687009E006F00F0000EBC00104F51F703A
:106C600000EB8105002068700020A87006F00F007E
:106C7000287000BF94F8BC04012801D10220D9E794
:106C8000012084F8BC0400BF294620680AF006FFF2
:106C900000BF002084F8BC0400BF00BFCAE7024662
:106CA00001F00F0000EBC00302F51F7000EB830042
:106CB000406970472DE9F04705460E4690461F464D
:106CC0004FF0000906F0800080280AD106F00F007E
:106CD00000EBC00105F13C0000EB81040120607075
:106CE00009E006F00F0000EBC00105F51F7000EB96
:106CF00081040020607006F00F002070C4F8088046
:106D00002771607808B120786083022F01D10020BC
:106D1000607100BF95F8BC04012802D10220BDE8D3
:106D2000F087012085F8BC0400BF214628680AF0DE
:106D3000CBFB00BF002085F8BC0400BF4846EEE74F
:106D40002DE9F04105460E461746984606F00F001D
:106D500000EBC00105F51F7000EB8104E760C4F88B
:106D6000108000206061607006F00F002070E868FD
:106D7000012800D1E7612A7B214628680AF022FF1A
:106D80000020BDE8F08170B504460D4605F00F0007
:106D90006168884201D9012070BD05F0800080281B
:106DA0000AD105F00F0000EBC00104F13C0000EB3C
:106DB00081060120707007E005EBC50104F51F7026
:106DC00000EB8106002070700120B07005F00F000C
:106DD000307000BF94F8BC04012801D10220DBE729
:106DE000012084F8BC0400BF314620680AF09DFEF3
:106DF00005F00F0028B9217B04F2C44220680AF094
:106E000015FE00BF002084F8BC0400BF00BFC3E72C
:106E10002DE9F04105460E461746984606F00F004C
:106E200000EBC00105F13C0000EB8104E760C4F811
:106E30001080002060610120607006F00F0020705B
:106E4000E868012800D1E7612A7B214628680AF01A
:106E5000B9FE0020BDE8F0812DE9FE4F0446D4F8CC
:106E600000B05E4620680BF076F9002874D12068E7
:106E70000BF018FA08B9BDE8FE8F40F608008059FB
:106E8000C0F30D20C4F8FC0420680BF00BFA00F0EE
:106E90000200022805D12068406900F00200216844
:106EA000486120680BF0FEF900F01000102845D171
:106EB0002068806920F0100021688861DBF820904C
:106EC00009F00F0000EBC00104F51F7000EB810A10
:106ED000C9F3434002281AD147F6F07009EA0000CE
:106EE00030B3C9F30A125846DAF80C100BF0DFF988
:106EF000C9F30A11DAF80C000844CAF80C00C9F307
:106F00000A11DAF814000844CAF8140010E0C9F3B2
:106F1000434006280CD1082204F2C44158460BF025
:106F2000C6F9C9F30A11DAF814000844CAF81400C3
:106F30002068806940F010002168886120680BF0AB
:106F4000B1F900F40020B0F5002F7BD100252068B6
:106F50000BF078F9029072E003E3029800F0010070
:106F6000002868D0E9B220680BF08FF9804608F05D
:106F7000010048B1012106F5306000EB4510816049
:106F80002946204606F03EF808F00800082809D1F6
:106F9000082106F5306000EB451081602946204647
:106FA00005F0FEFF08F01000102805D1102106F5AD
:106FB000306000EB4510816008F00200022824D107
:106FC000DBF8140000F08000802807D140F60400B0
:106FD000805940F4806140F60400815105EBC50101
:106FE00004F51F7000EB810A9AF80300012806D10E
:106FF00000208AF80300E9B2204600F0BDFA022121
:1070000006F5306000EB4510816008F02000202874
:1070100005D1202106F5306000EB4510816008F4B1
:107020000050B0F5005F06D14FF4005106F5306016
:1070300000EB451081606D1C029840080290029898
:1070400000288AD120680BF02DF900F48020B0F5DB
:10705000802F7DD120680BF0EBF8029000259AE09C
:10706000029800F00100002873D0E9B220680BF00C
:10707000F3F8804608F00100F0B305F00F0101209D
:107080008840019040F634008159019821EA0000BF
:1070900040F634018851012106F5106000EB4510DF
:1070A0008160E068012824D105EBC50104F13C00B2
:1070B00000EB810005EBC502C16804F13C0000EB68
:1070C00082008068014405EBC50204F13C0000EB3E
:1070D0008200C1606DB905EBC50104F13C0000EB15
:1070E0008100006928B904F2C442012120680AF035
:1070F0009DFCE9B2204600E001E0FFF715FD08F035
:107100000800082805D1082106F5106000EB45109D
:10711000816008F01000102805D1102106F51060DC
:1071200000EB4510816008F04000402805D1402167
:1071300006F5106000EB4510816008F0020002289F
:107140001DD1294658460AF0BFFF05EBC50101E0F5
:1071500025E01CE004F13C0000EB810A9AF80300F2
:10716000012806D100208AF80300E9B2204600F089
:10717000FAF9022106F5106000EB4510816008F075
:107180008000802803D12946204605F0DDFF6D1CD4
:10719000029840080290029800287FF461AF2068AE
:1071A0000BF080F800F00040B0F1004F1CD140F629
:1071B0000400805920F0010140F60400815194F848
:1071C000F404012807D1002084F8F40400212046AB
:1071D000FFF776FC02E0204600F012FB20684069D1
:1071E00000F000402168486120680BF05BF800F473
:1071F0000060B0F5006F0ED140F60800805900F035
:10720000010010B1204600F053FB2068406900F4F3
:1072100000602168486120680BF044F800F00060CD
:10722000B0F1006F19D12068406900F0006021685A
:10723000486194F8F40468B9012084F8F4042068E3
:10724000406DC0F38300C4F8F80401212046FFF725
:1072500037FC02E0204600F02BFB20680BF022F800
:1072600000F48050B0F5805F7ED140F60400805974
:1072700020F0010140F604008151102120680AF03D
:1072800023FF002732E04FF67F3106F5106000EB58
:107290004710816006F5106000EB4710006820F48D
:1072A000001106F5106000EB471001604FF67F31CA
:1072B00006F5306000EB4710816006F5306000EBAA
:1072C0004710006820F4001106F5306000EB47100D
:1072D000016006F5306000EB4710006840F0006187
:1072E00006F5306000EB471001607F1C6068B84213
:1072F000C9D840F61C00805940F0011140F61C002E
:107300008151206B70B1D6F8840840F00B01C6F8AB
:10731000841840F64400805940F00B0140F64400C8
:1073200081510FE040F61400805942F22B010843CE
:1073300040F614018851081F805940F00B014FF4AA
:1073400001608151D6F8000820F4FE60C6F80008FC
:10735000217B04F2C44220680AF068FB206840697F
:1073600000F48050216800E000E0486120680AF0E5
:1073700099FF00F40050B0F5005F17D120680AF0C3
:107380000BF920680AF0D4FE206101F0A1FD009005
:10739000227C206800990BF00DF8204600F018FAC6
:1073A0002068406900F400502168486120680AF0B4
:1073B00079FF00F00800082808D1204600F027FADD
:1073C0002068406900F008002168486120680AF0E0
:1073D00069FF00F08000802818D1DBF8180020F049
:1073E0008000CBF8180001250DE005EBC50104F580
:1073F0001F7000EB8100C078012803D1E9B220465C
:10740000FFF7B9FB6D1C6068A842EED820680AF04F
:1074100049FF00F48010B0F5801F2DD1012522E036
:1074200006F5106000EB4510D0F8009005EBC501A3
:1074300004F13C0000EB81000079012812D109F031
:107440000040B0F1004F0DD1012105EBC50204F160
:107450003C0000EB8200C170E8B240F080012046A1
:10746000FFF789FB6D1C6068A842D9D82068406985
:1074700000F480102168486120680AF013FF00F4CE
:107480000010B0F5001F44D1012538E006F530604A
:1074900000EB4510D0F8009005EBC50104F51F7016
:1074A00000EB81000079012828D109F00040B0F1FB
:1074B000004F23D109F4803094F8FC1401F001014D
:1074C00088421BD1012105EBC50204F51F7000EBBA
:1074D0008200C170DBF8180040F08000CBF8180083
:1074E000DBF8140000F0800040B940F60400805939
:1074F00040F4007140F60400815103E06D1C6068A7
:10750000A842C3D800BF2068406900F40010216879
:10751000486120680AF0C6FE00F08040B0F1804F5C
:1075200008D12046FFF7F9FA2068406900F0804052
:107530002168486120680AF0B5FE00F004000428C4
:107540000FD12068D0F8049009F00400042802D17B
:107550002046FFF709FB2068406840EA09002168DF
:10756000486000BF87E470B504460D462946D4F84C
:10757000080509F025FB70BD70B504460D46294687
:10758000D4F8080509F040FB70BD70B58AB0044618
:1075900014B901200AB070BD266894F8BD0428B95A
:1075A000002084F8BC04204600F0A8F8032084F8EA
:1075B000BD04F06B00F4807008B90021E160206820
:1075C0000AF02CFA282204F110016846F9F7F9F9BB
:1075D00094E80F0009F0F4FF20B1022084F8BD0404
:1075E0000120D7E7002120680AF091FE002531E054
:1075F000012105EBC50204F13C0000EB8200417063
:1076000005EBC50104F13C0000F8215005EBC50174
:1076100000EB81004583002105EBC50204F13C002D
:1076200000EB8200017105EBC50204F13C0000EBA8
:107630008200816005EBC50204F13C0000EB820092
:10764000C16005EBC50204F13C0000EB8200016162
:10765000681CC5B26068A842CAD800252AE000218B
:1076600005EBC50204F51F7000EB8200417005EBCD
:10767000C50104F51F7000F82150002105EBC5027B
:1076800000EB8200017105EBC50204F51F7000EBF1
:107690008200816005EBC50204F51F7000EB8200DB
:1076A000C16005EBC50204F51F7000EB82000161AB
:1076B000681CC5B26068A842D1D8282204F1100124
:1076C0006846F9F77EF994E80F000AF0BBF820B19C
:1076D000022084F8BD0401205CE7002084F8380013
:1076E000012084F8BD04606A012802D12046FFF71A
:1076F000D3F920680AF094F800204BE710B5B8B031
:107700000446142132A8F9F7B8F9C02102A8F9F704
:10771000B4F92C492068884252D12B48006840F4C3
:1077200080502949086000BF27480068C0F34030F6
:107730000028F9D04FF480210020CDE902104FF449
:107740004010249002A800F049FB08B1FCF764F84F
:1077500000F0F8F800BF1C48E030006840F001007D
:107760001949E03108600846006800F00100019006
:1077700000BF00BF4FF4C050329002203390002071
:10778000349035900A20369032A91048FEF79AFAC4
:1077900000BF0D48D830006840F000600A49D83179
:1077A00008600846006800F00060019000BF00BF5C
:1077B000002205216520FFF71DF96520FFF706F976
:1077C00038B010BD000008400044025800000258C4
:1077D00070B504460125206908B9002506E0206936
:1077E000022801D1012501E0FCF716F82946D4F85A
:1077F000080509F0B3FAD4F8080509F059FA70BD84
:1078000010B50446D4F8080509F089FA10BD10B582
:107810000446D4F8080509F08DFA10BD70B5044689
:107820000D4600BF94F8BC04012801D1022070BDB0
:10783000012084F8BC0400BF84F838502946206831
:107840000AF099FD00BF002084F8BC0400BF00BF0F
:10785000EDE710B5044604F2C441D4F8080509F078
:1078600094FA10BD70B50446256800BF94F8BC04B6
:10787000012801D1022070BD012084F8BC0400BFA2
:10788000E86B00F4807030B9A06A012803D1A86BBE
:1078900040F48030A86320680AF0E4FB206809F017
:1078A000ADFF00BF002084F8BC0400BF00BFE2E7CA
:1078B00010B50446D4F8080509F0C4FA2068D0F8D9
:1078C000000E40F001002168C1F8000E206A28B1C6
:1078D0000348006840F006000149086010BD000040
:1078E00010ED00E070B5044615480068C0F3800054
:1078F00048B91348006800F00700A04201D00120F9
:1079000070BD0020FCE70E48006820F0070020430F
:107910000B490860FEF7E8FA054607E0FEF7E4FACF
:10792000401BB0F57A7F01D90120E9E70448083807
:107930000068C0F340300028F0D00020E0E70000ED
:107940000C4802580348006840F080700149086004
:10795000704700000C48025810B501F0B9FA05490B
:107960000968C1F30211044A515C01F01F01C840CB
:1079700010BD000020440258F0F6040870B501461E
:10798000844D2D6805F00303824D2D68C5F3053045
:10799000804D2D1D2D68C5F300147E4D14352D68C6
:1079A000C5F3CC0515FB04F501EE105AB8EE411AEB
:1079B000F0EE410A00286FD023B1012B4ED0022BEC
:1079C0006BD16BE0734D283D2D68C5F340153DB379
:1079D000704D283D2D68C5F3C1066F4D25FA06F29E
:1079E00001EE102AF8EE411A01EE100AB8EE411A23
:1079F00081EE812A9FED691AC0EE811A654D10351E
:107A00002D68C5F3080501EE105AB8EE411A31EEA3
:107A1000811AF7EE001A31EE211A22EE010A1CE05B
:107A200001EE100AB8EE411ADFED5D1A81EE812AEF
:107A30009FED5A1AC0EE811A564D10352D68C5F3C8
:107A4000080501EE105AB8EE411A31EE811AF7EE30
:107A5000001A31EE211A22EE010A5BE001EE100A53
:107A6000B8EE411ADFED4F1A81EE812A9FED4B1AD5
:107A7000C0EE811A474D10352D68C5F3080501EE9B
:107A8000105AB8EE411A31EE811AF7EE001A31EEB3
:107A9000211A22EE010A3DE077E01DE001EE100A16
:107AA000B8EE411A9FED402AC2EE011A9FED3B1A33
:107AB00080EE812A374D10352D68C5F3080501EE9B
:107AC000105AB8EE411A32EE011AB7EE002A31EE22
:107AD000021A21EE810A1DE001EE100AB8EE411AE9
:107AE000DFED301A81EE812A9FED2C1AC0EE811A4B
:107AF000284D10352D68C5F3080501EE105AB8EE73
:107B0000411A31EE811AF7EE001A31EE211A22EEF7
:107B1000010A00BF00BF1F4D10352D68C5F3462573
:107B200001EE105AB8EE411AF7EE001A31EE211AA2
:107B3000C0EE011ABCEEE11A81ED001A154D1035A8
:107B40002D68C5F3064501EE105AB8EE411AF7EE5E
:107B5000001A31EE211AC0EE011ABCEEE11A81EDD5
:107B6000011A0C4D10352D68C5F3066501EE105A4B
:107B7000B8EE411AF7EE001A31EE211AC0EE011AE2
:107B8000BCEEE11A81ED021A03E000250D604D60A4
:107B90008D6070BD284402580090D003000000465C
:107BA0000024744C0024744A20BCBE4B70B50146BE
:107BB000844D2D6805F00303824D2D68C5F30550F3
:107BC000804D2D1D2D68C5F300247E4D1C352D687C
:107BD000C5F3CC0515FB04F501EE105AB8EE411AB9
:107BE000F0EE410A00286FD023B1012B4ED0022BBA
:107BF0006BD16BE0734D283D2D68C5F340153DB347
:107C0000704D283D2D68C5F3C1066F4D25FA06F26B
:107C100001EE102AF8EE411A01EE100AB8EE411AF0
:107C200081EE812A9FED691AC0EE811A654D1835E3
:107C30002D68C5F3080501EE105AB8EE411A31EE71
:107C4000811AF7EE001A31EE211A22EE010A1CE029
:107C500001EE100AB8EE411ADFED5D1A81EE812ABD
:107C60009FED5A1AC0EE811A564D18352D68C5F38E
:107C7000080501EE105AB8EE411A31EE811AF7EEFE
:107C8000001A31EE211A22EE010A5BE001EE100A21
:107C9000B8EE411ADFED4F1A81EE812A9FED4B1AA3
:107CA000C0EE811A474D18352D68C5F3080501EE61
:107CB000105AB8EE411A31EE811AF7EE001A31EE81
:107CC000211A22EE010A3DE077E01DE001EE100AE4
:107CD000B8EE411A9FED402AC2EE011A9FED3B1A01
:107CE00080EE812A374D18352D68C5F3080501EE61
:107CF000105AB8EE411A32EE011AB7EE002A31EEF0
:107D0000021A21EE810A1DE001EE100AB8EE411AB6
:107D1000DFED301A81EE812A9FED2C1AC0EE811A18
:107D2000284D18352D68C5F3080501EE105AB8EE38
:107D3000411A31EE811AF7EE001A31EE211A22EEC5
:107D4000010A00BF00BF1F4D18352D68C5F3462539
:107D500001EE105AB8EE411AF7EE001A31EE211A70
:107D6000C0EE011ABCEEE11A81ED001A154D18356E
:107D70002D68C5F3064501EE105AB8EE411AF7EE2C
:107D8000001A31EE211AC0EE011ABCEEE11A81EDA3
:107D9000011A0C4D18352D68C5F3066501EE105A11
:107DA000B8EE411AF7EE001A31EE211AC0EE011AB0
:107DB000BCEEE11A81ED021A03E000250D604D6072
:107DC0008D6070BD284402580090D003000000462A
:107DD0000024744C0024744A20BCBE4B2DE9F041B1
:107DE00004460025A8464FF00062D4E90010114077
:107DF0000020134659404040014331D1A06E48B1A4
:107E0000B0F5801F0DD0B0F5001F11D0B0F5401FA8
:107E100016D114E0F948006840F40030F7490860D2
:107E200010E0022104F1080005F0F4FB054609E02A
:107E3000022104F1280005F09FFC054602E001E064
:107E4000012500BF00BF55B9EC482430006820F47C
:107E50004010A16E0843E9492431086000E0A846BB
:107E60004FF48073D4E9001019400020594040407D
:107E700001432ED1A06D05281BD2DFE800F0030AD4
:107E800011181900DD48006840F40030DB49086033
:107E900011E0002104F1080005F0BCFB05460AE0F2
:107EA000002104F1280005F067FC054603E002E02C
:107EB00001E0012500BF00BF55B9D048243000685B
:107EC00020F00700A16D0843CC492431086000E090
:107ED000A8464FF40073D4E900101940002059401F
:107EE0004040014334D1E06D802818D003DC40B11C
:107EF00040281DD10CE0C02818D0B0F5807F17D1E4
:107F000015E0BE48006840F40030BC49086011E04C
:107F1000002104F1080005F07DFB05460AE0002180
:107F200004F1280005F028FC054603E002E001E02A
:107F3000012500BF00BF55B9B0482430006820F4C7
:107F4000E070E16D0843AD492431086000E0A846C7
:107F50004FF48063D4E9001019400020594040409C
:107F6000014339D1D4F8A800B0F5800F1AD004DC51
:107F700050B1B0F5001F1ED10DE0B0F5C00F18D004
:107F8000B0F5000F17D115E09C48006840F40030B0
:107F90009A49086011E0002104F1080005F03AFB5D
:107FA00005460AE0002104F1280005F0E5FB05463E
:107FB00003E002E001E0012500BF00BF5DB98F488A
:107FC0002C30006820F46000D4F8A81008438B49D6
:107FD0002C31086000E0A8464FF40062D4E900109C
:107FE00011400020134659404040014339D1D4F894
:107FF000AC00B0F1007F1AD004DC50B1B0F1807F4A
:108000001ED10DE0B0F1407F18D0B0F1806F17D1D4
:1080100015E07A48006840F400307849086011E0C3
:10802000002104F1080005F0F5FA05460AE00021F8
:1080300004F1280005F0A0FB054603E002E001E0A2
:10804000012500BF00BF5DB96C482C30006820F0EE
:10805000E060D4F8AC10084368492C31086000E0B7
:10806000A8464FF00073D4E90001184000215840A1
:108070004940084328D1E06CA8B1102804D020283A
:1080800009D0302810D10DE05C48006840F4003081
:108090005A4908600AE0022104F1080005F0BAFA22
:1080A000054603E002E001E0012500BF00BF55B92D
:1080B00052482030006820F03000E16C08434F49FE
:1080C0002031086000E0A8464FF48053D4E9001046
:1080D0001940002059404040014337D1206EB0F58F
:1080E000005F1AD004DC50B1B0F5805F1ED10DE006
:1080F000B0F5405F18D0B0F5804F17D115E03F487C
:10810000006840F400303D49086011E0002104F1AE
:10811000080005F07FFA05460AE0002104F1280076
:1081200005F02AFB054603E002E001E0012500BF5F
:1081300000BF55B931482430006820F4E040216E7A
:1081400008432E492431086000E0A8464FF400534C
:10815000D4E900101940002059404040014335D176
:10816000606EB0F5403F1ED007DC68B1B0F5803FCF
:108170000BD0B0F5003F19D10EE0B0F5802F13D031
:10818000B0F5A02F12D110E012E0012104F1080097
:1081900005F040FA05460BE0012104F1280005F046
:1081A000EBFA054604E003E002E001E0012500BF30
:1081B00000BF55B911482430006820F4E020616EFA
:1081C00008430E492431086000E0A8464FF480437C
:1081D000D4E900011840002158404940084337D1F4
:1081E000D4F8B000B0F1405F20D009DC78B1B0F134
:1081F000805F0DD0B0F1005F1BD110E02C4402581D
:10820000B0F1804F13D0B0F1A04F12D110E012E0C6
:10821000012104F1080005F0FDF905460BE00121FC
:1082200004F1280005F0A8FA054604E003E002E0A6
:1082300001E0012500BF00BF4DB9FE48006820F0F5
:10824000E040D4F8B0100843FA49086000E0A846BE
:108250004FF40042D4E90010114000201346594069
:108260004040014329D1206FB0B1B0F1805F03D00D
:10827000B0F1005F11D108E0EE482C38006840F4FE
:108280000030EC492C39086009E0012104F10800B4
:1082900005F0C0F9054602E001E0012500BF00BF7E
:1082A00055B9E4480838006820F04050216F084371
:1082B000E0490839086000E0A8464FF08072D4E930
:1082C00000101140002013465940404001432AD17C
:1082D000A06CB8B1012804D002280BD0032812D119
:1082E0000FE0D4482C38006840F40030D1492C39D4
:1082F00008600AE0022104F1080005F08BF9054648
:1083000003E002E001E0012500BF00BF55B9C94804
:108310000C38006820F00300A16C0843C5490C39F3
:10832000086000E0A8464FF48002D4E90001104044
:10833000002113465840494008437DD1BE4800689B
:1083400040F48070BC490860FDF7CEFD064606E0AB
:10835000FDF7CAFD801B642801D9032505E0B64856
:10836000006800F480700028F2D000BF85BBB148DF
:108370001830006800F44070B4F8B41001F4407193
:10838000884213D0AB481830006820F44077A948E1
:108390001830006840F48030A6491831086008465B
:1083A000006820F48030086008460760D4F8B40004
:1083B000B0F5807F15D1FDF797FD064609E0FDF782
:1083C00093FD801B41F28831884202D9032507E0E2
:1083D00038E0984818300068C0F340000028EED01C
:1083E00000BF55BB00BFB4F8B40000F44070B0F556
:1083F000407F0ED18F484838006820F47C518F4A66
:10840000D4F8B400104041EA10108A494839086095
:1084100007E088484838006820F47C50854948398E
:108420000860844818300068B4F8B410C1F30B0138
:1084300008438049183101E005E001E0086002E0EE
:10844000A84600E0A8460122D4E90001104000211E
:10845000134658404940084330D1E06F18281AD0DD
:1084600005DC48B1082808D0102817D10CE02028D6
:1084700012D0282812D110E012E0012104F10800E6
:1084800005F0C8F805460BE0012104F1280005F0CD
:1084900073F9054604E003E002E001E0012500BFB6
:1084A00000BF55B96348001F006820F03800E16F35
:1084B00008436049091F086000E0A8460222D4E989
:1084C000000110400021134658404940084329D17B
:1084D000A06F062816D2DFE800F003040B12131475
:1084E00012E0012104F1080005F094F805460BE0C4
:1084F000012104F1280005F03FF9054604E003E0FE
:1085000002E001E0012500BF00BF55B94948001F46
:10851000006820F00700A16F08434649091F086062
:1085200000E0A8460423D4E9001019400020594077
:108530004040014329D1D4F89400062816D2DFE840
:1085400000F003040B12131412E0012104F10800DF
:1085500005F060F805460BE0012104F1280005F064
:108560000BF9054604E003E002E001E0012500BF4D
:1085700000BF4DB92F48006820F00700D4F89410D0
:1085800008432C49086000E0A8462023D4E90001F4
:108590001840002158404940084337D1D4F8900092
:1085A000B0F1405F1ED007DC68B1B0F1805F0BD046
:1085B000B0F1005F19D10EE0B0F1804F13D0B0F1EF
:1085C000A04F12D110E012E0002104F1080005F0E4
:1085D00021F805460BE0022104F1280005F0CCF853
:1085E000054604E003E002E001E0012500BF00BF12
:1085F0005DB91048001F006820F0E040D4F89010EA
:1086000008430C49091F086000E0A8464023D4E94C
:108610000010194000205940404001433CD1D4F89B
:108620009C00B0F5406F25D00EDCA0B1B0F5806F96
:1086300012D005E05844025800480258FFFCFF0FD2
:10864000B0F5006F19D10EE0B0F5805F13D0B0F532
:10865000A05F12D110E012E0002104F1080004F044
:10866000D9FF05460BE0022104F1280005F084F84B
:10867000054604E003E002E001E0012500BF00BF81
:108680004DB9FE48006820F4E050D4F89C1008432F
:10869000FA49086000E0A8468023D4E90010194098
:1086A000002059404040014335D1D4F8A000B0F536
:1086B000C04F1ED007DC68B1B0F5005F0BD0B0F53D
:1086C000804F19D10EE0B0F5004F13D0B0F5204F18
:1086D00012D110E012E0002104F1080004F09AFF2A
:1086E00005460BE0022104F1280005F045F8054697
:1086F00004E003E002E001E0012500BF00BF4DB946
:10870000DE48006820F46040D4F8A0100843DB493C
:10871000086000E0A8460823D4E9001019400020B2
:1087200059404040014317D1D4F88400B0F5805F30
:1087300007D1022104F1280005F01EF808B14FF01E
:108740000108CE48001F006820F44050D4F884107F
:108750000843CA49091F08601023D4E900101940D2
:10876000002059404040014315D1D4F89800B0F59D
:10877000807F07D1022104F1280004F0FDFF08B139
:108780004FF00108BD48006820F44070D4F89810FC
:108790000843BA4908604FF40022D4E900011040B0
:1087A0000021134658404940084327D1D4F8A4007B
:1087B00030B1B0F5803F0AD0B0F5003F0FD10DE0E9
:1087C000002104F1080004F025FF054609E002211C
:1087D00004F1280004F0D0FF054602E001E0012585
:1087E00000BF00BF4DB9A548006820F44030D4F860
:1087F000A4100843A149086000E0A8464FF4802374
:10880000D4E90001184000215840494008432DD1C7
:10881000D4F88800B0F5801F06D0B0F5001F0CD04A
:10882000B0F5401F11D10FE094482C38006840F497
:10883000003092492C39086009E0012104F1280038
:1088400004F09AFF054602E001E0012500BF00BFE9
:108850005DB98A48001F006820F44010D4F88810E1
:1088600008438649091F086000E0A8464FF480329B
:10887000D4E9000110400021134658404940084304
:1088800025D1206D18B1B0F5803F10D108E07B48AC
:108890002C38006840F4003078492C39086008E032
:1088A000022104F1080004F0B5FE054601E00125AF
:1088B00000BF00BF55B971480C38006820F4803003
:1088C000216D08436D490C39086000E0A8464FF05F
:1088D0000052D4E900101140002013465940404096
:1088E000014307D1022104F1280004F045FF08B13B
:1088F0004FF001084FF40033D4E900011840002183
:1089000058404940084329D1D4F88000A0B1B0F5BF
:10891000807F06D0B0F5007F0CD0B0F5407F0CD141
:1089200009E056482C38006840F4003053492C398F
:10893000086004E003E002E001E0012500BF00BFA1
:108940005DB94E48001F006820F44070D4F88010D4
:1089500008434A49091F086000E0A8464FF4801206
:10896000D4E9001011400020134659404040014313
:1089700009D142480838006820F00040616F084380
:108980003E49083908604FF08052D4E90010114088
:10899000002013465940404001430AD13748483827
:1089A000006820F48040D4F8B810084333494839AF
:1089B00008604FF40012D4E9001011400020134663
:1089C00059404040014309D12C480838006820F044
:1089D0008070E16E08432949083908604FF08042F1
:1089E000D4E9001011400020134659404040014393
:1089F00011D100BF21484838006820F400401F49C9
:108A00004839086008460068D4F8BC1008431B4980
:108A10004839086000BF4FF00042D4E9001011400F
:108A20000020134659404040014309D113480C38F7
:108A3000006820F04050616D084310490C3908600F
:108A40004FF40002D4E900101140002013465940B1
:108A5000404001430AD10948001F006820F440004B
:108A6000D4F88C1008430549091F08600123002130
:108A70006068184001224940504001E058440258C3
:108A8000014306D104F1080004F0C4FD054605B118
:108A9000A84602220021606810404940504001432E
:108AA00007D1012104F1080004F0B4FD054605B129
:108AB000A846042300206168194004224040514028
:108AC000084307D1022104F1080004F0A3FD054684
:108AD00005B1A846082300216068184008224940D3
:108AE0005040014306D104F1280004F045FE05463C
:108AF00005B1A8461022002160681040494050404E
:108B0000014307D1012104F1280004F035FE054698
:108B100005B1A84620220020616811404040514024
:108B2000084307D1022104F1280004F025FE054680
:108B300005B1A846B8F1000F02D10020BDE8F081D0
:108B40000120FBE72DE9F04104460D4614B9012050
:108B5000BDE8F081BD48006800F00F00A8420ED2C9
:108B6000BA48006820F00F002843B849086008465A
:108B7000006800F00F00A84201D00120E8E720784B
:108B800000F0040004280ED1B1492069096801F001
:108B90007001884207D9AE48006820F07000216952
:108BA0000843AB490860207800F00800082811D17C
:108BB000A749091D6069096801F07001884209D957
:108BC000A348001D006820F0700061690843A049B7
:108BD000091D0860207800F01000102811D19C4970
:108BE000091DA069096801F4E061884209D9984823
:108BF000001D006820F4E060A16908439449091D44
:108C00000860207800F02000202811D19049083118
:108C1000E069096801F07001884209D98C48083080
:108C2000006820F07000E169084389490831086054
:108C3000207800F0020002280ED18549E06809681A
:108C400001F00F01884207D98148006820F00F0029
:108C5000E16808437E490860207800F001000028A0
:108C600050D07B48006820F47060A16808437849C0
:108C700008606068022807D1754818380068C0F39A
:108C80004040F8B9012063E76068032807D17048C5
:108C900018380068C0F34060A0B9012058E7606848
:108CA000012807D16A4818380068C0F3002048B985
:108CB00001204DE7664818380068C0F3800008B905
:108CC000012045E762480838006820F00700616825
:108CD00008435F4908390860FDF706F9064608E0D1
:108CE000FDF702F9801B41F28831884201D9032047
:108CF0002EE757480838006800F038006168B0EB8C
:108D0000C10FEDD1207800F0020002280ED15049A9
:108D1000E068096801F00F01884207D24C480068FA
:108D200020F00F00E168084349490860474800689F
:108D300000F00F00A8420ED94448006820F00F0050
:108D40002843424908600846006800F00F00A84226
:108D500001D00120FCE6207800F0040004280ED1A8
:108D60003B492069096801F07001884207D2384800
:108D7000006820F0700021690843354908602078B8
:108D800000F00800082811D13149091D60690968FF
:108D900001F07001884209D22D48001D006820F0C2
:108DA0007000616908432A49091D0860207800F0B5
:108DB0001000102811D12649091DA069096801F485
:108DC000E061884209D22248001D006820F4E0607A
:108DD000A16908431E49091D0860207800F02000A1
:108DE000202811D11A490831E069096801F07001A1
:108DF000884209D216480830006820F07000E16906
:108E0000084313490831086000F0ACF810490968BC
:108E1000C1F303210F4A515C01F01F0120FA01F751
:108E20000B48006800F00F001146085C00F01F00BE
:108E300027FA00F0084908600848076008480068F9
:108E4000FDF77EFA8046404682E600000020005290
:108E500018440258F0F604089C00002498000024EE
:108E6000A40000243F220260174A126802F00702A1
:108E70004260154A0832126802F470628260124A37
:108E80000832126802F00F02C2600F4A08321268FC
:108E900002F0700202610C4A0C32126802F0700299
:108EA0004261094A0C32126802F4E0628261064AA9
:108EB0001032126802F07002C261044A126802F0B5
:108EC0000F020A6070470000104402580020005250
:108ED00010B500F047F80D490968C1F303210C4AA9
:108EE000515C01F01F0120FA01F40848006800F00D
:108EF0000F001146085C00F01F0024FA00F005493D
:108F00000860054804600846006810BD184402580F
:108F1000F0F604089C0000249800002400B5FFF738
:108F2000D7FF05490968C1F30211044A515C01F0F9
:108F30001F01C84000BD00001C440258F0F60408A0
:108F400000B5FFF7C5FF05490968C1F30221044ACE
:108F5000515C01F01F01C84000BD00001C440258D4
:108F6000F0F60408F0B5824E366806F0380636B1E1
:108F7000082E15D0102E15D0182E7DD114E07C4E61
:108F8000103E3668C6F3401646B1794E103E36683C
:108F9000C6F3C107774E26FA07F000E07548E5E012
:108FA0007548E3E07548E1E0714E1836366806F022
:108FB00003046F4E18363668C6F305116C4E1C3626
:108FC000366806F001056A4E24363668C6F3CC06CC
:108FD00016FB05F601EE106AB8EE410A002971D0C1
:108FE00024B1012C50D0022C6DD16DE0604E103EAA
:108FF0003668C6F340163EB35D4E103E3668C6F383
:10900000C1075C4E26FA07F301EE103AF8EE411A5A
:1090100001EE101AB8EE411A81EE812A9FED581A1E
:10902000C0EE011A524E20363668C6F3080601EE2D
:10903000106AB8EE411A31EE811AF7EE001A31EEDD
:10904000211A62EE010A1EE001EE101AB8EE411A72
:10905000DFED4C1A81EE812A9FED491AC0EE011A0C
:10906000434E20363668C6F3080601EE106AB8EEA5
:10907000411A31EE811A00E076E0F7EE001A31EE87
:10908000211A62EE010A5BE001EE101AB8EE411AF5
:109090009FED3D2AC2EE011A9FED391A80EE012A9A
:1090A000334E20363668C6F3080601EE106AB8EE75
:1090B000411A32EE011AB7EE002A31EE021A61EEC1
:1090C000810A3DE04EE01DE001EE101AB8EE411AB3
:1090D000DFED2E1A81EE812A9FED291AC0EE011ACA
:1090E000234E20363668C6F3080601EE106AB8EE45
:1090F000411A31EE811AF7EE001A31EE211A62EEB2
:10910000010A1DE001EE101AB8EE411A9FED1E2A69
:10911000C2EE011A9FED1A1A80EE012A144E203673
:109120003668C6F3080601EE106AB8EE411A32EE50
:10913000011AB7EE002A31EE021A61EE810A00BF71
:1091400000BF0B4E20363668C6F34626721C01EE71
:10915000102AB8EE411AC0EE811ABCEEE11A11EEE7
:10916000100A00E0002001E0034800BF00BFF0BD8E
:10917000104402580090D00300093D0040787D0162
:10918000000000460024744C0024744A20BCBE4BEE
:109190002DE9F047044614B90120BDE8F087207896
:1091A00000F00100002870D0FA48006800F038088C
:1091B000F8481830D0F80090B8F1100F06D0B8F188
:1091C000180F0FD109F0030002280BD1F148103815
:1091D0000068C0F3404000286AD06068002867D16A
:1091E0000120DAE700BF6068B0F5803F08D1E948A8
:1091F0001038006840F48030E649103908602EE0ED
:10920000606868B9E3481038006820F48030E149AC
:10921000103908600846006820F4802008601EE0CD
:109220006068B0F5A02F0DD1DA481038006840F41E
:109230008020D849103908600846006840F4803022
:1092400008600CE0D3481038006820F48030D14921
:10925000103908600846006820F48020086000BFCC
:10926000606898B1FCF740FE054606E0FCF73CFE5E
:10927000401B642801D903208FE7C64810380068D6
:10928000C0F340400028F1D012E012E0FCF72CFEC1
:10929000054606E0FCF728FE401B642801D90320A0
:1092A0007BE7BC4810380068C0F340400028F1D18B
:1092B00000BF207800F00200022874D1B548006891
:1092C00000F03808B3481830D0F80090B8F1000F1B
:1092D00005D0B8F1180F56D109F00300D0BBAD4846
:1092E00010380068C0F3800018B1E06808B90120A8
:1092F00053E7A8481038006820F01900E1680843D7
:10930000A44910390860FCF7EFFD054606E0FCF7BC
:10931000EBFD401B022801D903203EE79D48103891
:109320000068C0F380000028F1D000BFFCF7D6FD34
:1093300041F2030188421AD8206940280BD1954890
:109340000C38006820F47C3040F4003091490C392E
:10935000086017E017E08F480C38006820F47C3074
:10936000216940EA01308B490C3908600AE08948DC
:109370000C38006820F0FE40217C40EA01608549FD
:109380000C39086066E0E06888B3824810380068ED
:1093900020F01900E16808437E4910390860FCF7A5
:1093A000A3FD054607E056E0FCF79EFD401B0228A2
:1093B00001D90320F1E6774810380068C0F3800037
:1093C0000028F1D000BFFCF789FD41F2030188427B
:1093D0001AD8206940280BD16E480C38006820F458
:1093E0007C3040F400306B490C39086017E017E01E
:1093F00068480C38006820F47C30216940EA01306C
:1094000064490C3908600AE062480C38006820F0B2
:10941000FE40217C40EA01605E490C39086019E099
:109420005C481038006820F001005A491039086083
:10943000FCF75AFD054606E0FCF756FD401B0228E6
:1094400001D90320A9E6534810380068C0F3800012
:109450000028F1D100BF207800F0100010287CD146
:109460004C48006800F038084A481830D0F800909E
:10947000B8F1080F06D0B8F1180F3DD109F003007C
:10948000012839D1434810380068C0F3002020B1CA
:10949000E069802801D001207FE600BFFCF71EFDB7
:1094A00041F2030188421AD8206A20280AD139489B
:1094B0000C38006820F0F84040F0804035490C3905
:1094C000086018E033480C38006820F0F84094F841
:1094D000201040EA81602F490C3908600BE02D48CC
:1094E000001F006820F07C5094F8201040EA0160D2
:1094F0002849091F086066E0E06978B325481038FC
:10950000006840F08000234910390860FCF7ECFC4B
:10951000054606E0FCF7E8FC401B022801D90320C1
:109520003BE61C4810380068C0F300200028F1D04A
:1095300000BFFCF7D3FC41F2030188421CD8206A2B
:1095400020280CD113480C38006820F0F84040F077
:10955000804010490C3908601AE035E01CE00D48E5
:109560000C38006820F0F84094F8201040EA816040
:1095700008490C3908600BE00648001F006820F01D
:109580007C5094F8201040EA01600249091F0860ED
:1095900019E0000010440258FA48006820F08000EA
:1095A000F8490860FCF7A0FC054606E0FCF79CFCC7
:1095B000401B022801D90320EFE5F2480068C0F300
:1095C00000200028F2D100BF207800F00800082811
:1095D00036D16069D0B1EB487430006840F00100CA
:1095E000E84974310860FCF77FFC054606E0FCF7AB
:1095F0007BFC401B022801D90320CEE5E1487430F2
:109600000068C0F340000028F1D019E0DD48743054
:10961000006820F00100DB4974310860FCF764FC4D
:10962000054606E0FCF760FC401B022801D9032038
:10963000B3E5D44874300068C0F340000028F1D18D
:10964000207800F02000202830D1A069B8B1CD48A2
:10965000006840F48050CB490860FCF745FC0546A3
:1096600006E0FCF741FC401B022801D9032094E5E9
:10967000C4480068C0F340300028F2D016E0C1486A
:10968000006820F48050BF490860FCF72DFC0546B7
:1096900006E0FCF729FC401B022801D903207CE5E9
:1096A000B8480068C0F340300028F2D1207800F0BC
:1096B000040004287DD1B448006840F48070B249A9
:1096C0000860FCF711FC054606E0FCF70DFC401BAA
:1096D000642801D9032060E5AB48006800F480707D
:1096E0000028F2D000BFA068012808D1A54870303A
:1096F000006840F00100A349703108602DE0A068C7
:1097000068B9A0487030006820F001009D497031B0
:1097100008600846006820F0040008601DE0A068AA
:1097200005280DD197487030006840F00400954935
:10973000703108600846006840F0010008600CE0E5
:1097400090487030006820F001008E497031086048
:109750000846006820F00400086000BFA068A0B1BF
:10976000FCF7C2FB054608E0FCF7BEFB401B41F2DC
:109770008831884201D903200FE5824870300068A3
:10978000C0F340000028EFD013E0FCF7ADFB054626
:1097900008E0FCF7A9FB401B41F28831884201D95F
:1097A0000320FAE4774870300068C0F340000028D6
:1097B000EFD1606A00287DD072481030006800F058
:1097C0003800182877D0606A022875D16D48006883
:1097D00020F080706B490860FCF786FB054606E0C8
:1097E000FCF782FB401B022801D90320D5E4654821
:1097F0000068C0F340600028F2D100BFD4E90A102D
:1098000041EA00105F492831096840F2F332914380
:1098100008435C4928310860208E401EC0F30800D0
:10982000616B491E4FF47E4202EA41210843218FB9
:10983000491ED20102EA014108433C21095D491E4B
:10984000120202EA016108434E493031086000BF4C
:10985000081F006820F00100091F086049483430E3
:1098600000684FF6F8718843A16C40EAC100454991
:109870003431086043482C30006820F00C00216C23
:10988000084340492C3108600846006820F0020077
:10989000616C08433B492C3108600846006840F47D
:1098A000803008600846006840F4003008600846D0
:1098B000006802E093E038E01FE040F48020086098
:1098C0000846006840F0010008602E48006840F03B
:1098D00080702C490860FCF707FB054606E0FCF7A2
:1098E00003FB401B022801D9032056E425480068E9
:1098F000C0F340600028F2D071E02248006820F0F8
:10990000807020490860FCF7EFFA054606E0FCF796
:10991000EBFA401B022801D903203EE419480068F5
:10992000C0F340600028F2D159E01648283007689B
:10993000144830300668606A012821D007F003011E
:10994000A06A81421CD1C7F30511E06A884217D191
:10995000C6F30801206B401E814211D1606B401E8E
:10996000C6F3462188420BD1A06B401EC6F30641C8
:10997000884205D1E06B401EC6F30661884205D0DF
:1099800001200AE4004402580048025815480068C3
:10999000C0F3CC07A06CB84221D012480838006848
:1099A00020F001000F4908390860FCF79DFA0546D0
:1099B00000BFFCF799FA401BFBD00A4800684FF63D
:1099C000F8718843A16C40EAC10006490860054867
:1099D0000838006840F0010002490839086000209A
:1099E0004AE400003444025870B504460D460CB9F0
:1099F000012070BD94F82C0028B9002084F82D00B7
:109A0000204600F019F8022084F82C00211D20685F
:109A1000F9F705FF2946D4E90002F9F753FF054895
:109A2000006840F0004003490860012084F82C00E1
:109A30000020DEE70040005210B50446FCF774F841
:109A400010BD70B504460D4694F82C00022800D1D4
:109A500070BD94F82C0001280AD1022084F82C0053
:109A600029462068F9F711FF012084F82C0001E055
:109A70000120EDE70020EBE72DE9F04104460E461A
:109A8000174694F82C50022D02D10220BDE8F08137
:109A9000012D01D0052D12D1022084F82C003A4668
:109AA00031462068F9F7FBFE3068022803D1052013
:109AB00084F82C0005E0012084F82C0001E001204E
:109AC000E4E70020E2E770477047704710B50346AF
:109AD000002200BF93F83C00012801D1022010BDF4
:109AE000012083F83C0000BF22F0FF00CC6840EA70
:109AF000040222F440708C6840EA040222F4806080
:109B00004C6840EA040222F400600C6840EA040257
:109B100022F480500C6940EA040222F400504C699F
:109B200040EA040222F480408C6A40EA040222F4F3
:109B300070200C8B40EA04420F4C1868A04203D0FE
:109B40000E4C1868A0420ED122F470008C8C40EAB2
:109B5000045222F08070CC6940EA040222F00070C6
:109B60000C6A40EA04021868426400BF002083F8CF
:109B70003C0000BF00BFB2E700000140000401400C
:109B800030B502460B4600BF92F83C00012801D1D7
:109B9000022030BD012082F83C0000BF022082F884
:109BA0003D001068416810688468214D1068A84223
:109BB00003D0204D1068A84203D121F470015868E9
:109BC000014321F070011868014310684160184D8D
:109BD0001068A8421BD01068B0F1804F17D0164D06
:109BE0001068A84213D0154D1068A8420FD0144D2C
:109BF0001068A8420BD00F4D1068A84207D0114D35
:109C00001068A84203D0104D1068A84205D124F076
:109C100080049868044310688460012082F83D0045
:109C200000BF002082F83C0000BF00BFB1E7000089
:109C30000000014000040140000400400008004012
:109C4000000C0040001800400040014010B50446E0
:109C50000CB9012010BD94F83D0028B9002084F80B
:109C60003C00204600F02AF8022084F83D00211D27
:109C7000206804F033F8012084F8480000BF84F81D
:109C80003E0001213F200155402001554120015552
:109C9000422001554320015500BF00BF012084F838
:109CA000440045200155462001554720015500BF7D
:109CB000012084F83D000020CCE7000008B5094AE7
:109CC000016891420DD100BF0749096841F00201C6
:109CD000054A11601146096801F00201009100BFB8
:109CE00000BF08BD00040140F0440258014691F84D
:109CF0003D00012801D001207047022081F83D007D
:109D00000868C06840F001000B68D8601C4B086808
:109D100098421BD00868B0F1804F17D0194B0868E3
:109D2000984213D0184B086898420FD0174B086818
:109D300098420BD0164B0868984207D0154B08681C
:109D4000984203D0144B0868984210D10868806884
:109D5000124B00EA0302062A0FD0B2F5803F0CD066
:109D60000868006840F001000B68186005E00868AA
:109D7000006840F001000B6818600020BCE700009C
:109D8000000001400004004000080040000C0040BA
:109D9000000401400018004000400140070001009D
:109DA0002DE9F04104460D46002700BF94F83C0021
:109DB000012802D10220BDE8F081012084F83C0096
:109DC00000BF022084F83D002068866840480640B5
:109DD00026F47F46206886602868702826D00CDC30
:109DE00000F00F01002966D10011072863D2DFE8D7
:109DF00000F0555657584B374100B0F1101F52D064
:109E000009DCB0F5805F10D0B0F5005F1BD0B0F575
:109E1000801F50D146E0A0F580102038002843D0A4
:109E2000102842D0202846D140E046E0D5E9021370
:109E30006A68206803F0C9FF2068866846F07706E4
:109E40002068866039E0D5E902136A68206803F06B
:109E5000BCFF2068806840F48040216888602CE066
:109E6000EA686968206804F07BF95021206803F0F3
:109E7000B7FF22E0EA686968206804F084F960218D
:109E8000206803F0ADFF18E0EA686968206804F014
:109E900067F94021206803F0A3FF0EE000BF00BF78
:109EA00000BF00BF00BF00BF00BF00BF296820681F
:109EB00003F096FF01E0012700BF00BF012084F8F6
:109EC0003D0000BF002084F83C0000BF384672E728
:109ED00088FFCEFF2DE9F04104460D4614B901205C
:109EE000BDE8F08194F83D0028B9002084F83C00DA
:109EF000204600F055F8022084F83D002068806874
:109F00002649084021688860211D206803F0E6FE8C
:109F10002068D0F80880206886692068076A286869
:109F200040EA080840F203308643A969A86840EA7D
:109F30000120064340F60C4086434FF2F000864372
:109F4000E969E86840EA0120064328690001296AB6
:109F500040EA0130064327F0220727F088076969A5
:109F6000686840EA011007432068C0F8088020684C
:109F7000866120680762012084F8480084F83E006A
:109F800001213F200155012084F84400452001555E
:109F9000012084F83D000020A2E70000F8BFFEFF8A
:109FA00010B586B00446142101A8F6F766FD2068B6
:109FB000B0F1804F45D100BF6B48006840F0010010
:109FC000694908600846006800F00100009000BF81
:109FD00000BF00BF64480838006840F002006249D2
:109FE000083908600846006800F00200009000BFD1
:109FF00000BF00BF0846006840F001000860084646
:10A00000006800F00100009000BF00BF0820019030
:10A01000022002900020039004900120059001A9E5
:10A020005248FBF74FFE20200190022002900020B2
:10A03000039004900120059001A94D48FBF742FED2
:10A040008FE04C49206888422BD100BF4648006809
:10A0500040F00200444908600846006800F0020031
:10A06000009000BF00BF00BF3F480838006840F0C4
:10A0700002003D49083908600846006800F0020007
:10A08000009000BF00BF302001900220029000200D
:10A09000039004900220059001A93448FBF712FEBA
:10A0A0005FE03549206888422BD100BF2E48006808
:10A0B00040F004002C4908600846006800F00400E5
:10A0C000009000BF00BF00BF27480838006840F07C
:10A0D00002002549083908600846006800F00200BF
:10A0E000009000BF00BFC02001900220029000201D
:10A0F000039004900220059001A91C48FBF7E2FDA3
:10A100002FE01E49206888422BD100BF1648006806
:10A1100040F00800144908600846006800F0080094
:10A12000009000BF00BF00BF0F480838006840F033
:10A1300080000D49083908600846006800F080007A
:10A14000009000BF00BF4FF44060019002200290D9
:10A150000020039004900220059001A90848FBF715
:10A16000B1FD06B010BD0000E844025800040258DA
:10A17000000002580004004000080040000C0040AD
:10A18000001C02582DE9F04304460D4694F83E6049
:10A190003F20075D94F84480452010F804906DB985
:10A1A000012E02D1B8F1010F02D00120BDE8F083E9
:10A1B000022084F83E0084F8440025E0042D0CD1F0
:10A1C000012F02D1B9F1010F01D00120EEE70221E8
:10A1D0003F2001554520015516E0012E07D1012FE2
:10A1E00005D1B8F1010F02D1B9F1010F01D0012061
:10A1F000DCE7022084F83E0002213F2001550220C6
:10A2000084F844004520015515B1042D0CD105E01A
:10A2100001220021206803F0C7FD10E00122042183
:10A22000206803F0C1FD0AE001220021206803F04C
:10A23000BBFD01220421206803F0B6FD00BF00BF72
:10A240002068006840F00100216808600020ADE748
:10A25000704710B5044620680069C0F34000D8B1CB
:10A260002068C068C0F34000B0B16FF00200216800
:10A270000861012020772068806900F0030018B190
:10A280002046FFF7E5FF05E0204600F0EFF8204606
:10A2900000F0DDF90020207720680069C0F380001D
:10A2A000D8B12068C068C0F38000B0B16FF004007E
:10A2B00021680861022020772068806900F44070DE
:10A2C00018B12046FFF7C4FF05E0204600F0CEF8A5
:10A2D000204600F0BCF90020207720680069C0F318
:10A2E000C000D8B12068C068C0F3C000B0B16FF042
:10A2F000080021680861042020772068C06900F008
:10A30000030018B12046FFF7A3FF05E0204600F048
:10A31000ADF8204600F09BF9002020772068006906
:10A32000C0F30010D8B12068C068C0F30010B0B10D
:10A330006FF0100021680861082020772068C0694C
:10A3400000F4407018B12046FFF782FF05E0204678
:10A3500000F08CF8204600F07AF900202077206881
:10A36000006900F0010058B12068C06800F00100E9
:10A3700030B16FF0010021680861204600F01AFA40
:10A3800020680069C0F3C01058B12068C068C0F3ED
:10A39000C01030B16FF08000216808612046FFF7DF
:10A3A00093FB20680069C0F3002058B12068C068A2
:10A3B000C0F3C01030B16FF480702168086120468E
:10A3C000FFF781FB20680069C0F3801058B1206856
:10A3D000C068C0F3801030B16FF0400021680861A0
:10A3E000204600F0F3F920680069C0F3401058B12E
:10A3F0002068C068C0F3401030B16FF020002168C1
:10A4000008612046FFF761FB10BD000010B586B063
:10A410000446142101A8F6F730FB11492068884250
:10A420001BD100BF0F48006840F480700D490860E0
:10A430000846006800F48070009000BF00BFE42070
:10A44000019002200290002003900220049003203B
:10A45000059001A90448FBF735FC06B010BD0000CB
:10A4600000040140E04402580020025870472DE9E2
:10A47000F04104460D461646002700BF94F83C0004
:10A48000012802D10220BDE8F081012084F83C00BF
:10A4900000BF0C2E51D005DC4EB1042E1ED0082E6C
:10A4A0007AD133E0102E60D0142EF9D175E0294610
:10A4B000206803F0A1FC2068806940F00800216852
:10A4C00088612068806920F0040021688861206824
:10A4D0008069296908432168886178E029462068F5
:10A4E00003F0E0FC2068806940F400602168886126
:10A4F0002068806920F48060216888612068806914
:10A50000296940EA01202168886160E029462068C5
:10A5100003F022FD2068C06940F008002168C8618E
:10A520002068C06920F004002168C8612068C06903
:10A53000296908432168C86149E02946206803F079
:10A5400065FD2068C06940F400602168C86120682A
:10A55000C06920F480602168C8612068C0692969E9
:10A5600040EA01202168C86131E02946206803F0F3
:10A5700087FD2068406D40F008002168486520682C
:10A58000406D20F00400216848652068406D29690D
:10A590000843216848651AE017E02946206803F05F
:10A5A000A7FD2068406D40F4006021684865206880
:10A5B000406D20F48060216848652068406D2969FD
:10A5C00040EA01202168486501E0012700BF00BF83
:10A5D00000BF002084F83C0000BF384653E710B5A8
:10A5E00004460CB9012010BD94F83D0028B90020A4
:10A5F00084F83C00204600F029F8022084F83D0051
:10A60000211D206803F06AFB012084F8480000BF88
:10A6100084F83E0001213F20015540200155412092
:10A620000155422001554320015500BF00BF0120C4
:10A6300084F8440045200155462001554720015526
:10A6400000BF012084F83D000020CCE77047704730
:10A6500070B504460D4615B994F83E0015E0042D7A
:10A6600002D13F20005D10E0082D02D14020005DA6
:10A670000BE00C2D02D14120005D06E0102D02D12F
:10A680004220005D01E04320005D012801D001204F
:10A6900070BD1DB9022084F83E001AE0042D03D1DC
:10A6A00002213F20015514E0082D03D10221402052
:10A6B00001550EE00C2D03D102214120015508E087
:10A6C000102D03D102214220015502E00221432036
:10A6D000015501222946206803F066FB2B492068BA
:10A6E00088420FD02A49206888420BD02949206827
:10A6F000884207D028492068884203D0274920682B
:10A70000884201D1012000E0002028B12068406C7F
:10A7100040F40040216848641C49206888421BD0EE
:10A720002068B0F1804F17D01D492068884213D0AF
:10A730001C49206888420FD01B49206888420BD0F2
:10A7400013492068884207D018492068884203D0FE
:10A7500010492068884210D120688068144900EAB6
:10A760000106062E0FD0B6F5803F0CD02068006899
:10A7700040F001002168086005E02068006840F0B2
:10A78000010021680860002082E70000000001400D
:10A7900000040140004001400044014000480140E5
:10A7A0000004004000080040000C00400018004079
:10A7B0000700010010B5044603492068884201D112
:10A7C000FBF782FD10BD00000048014070470146C4
:10A7D00000BF91F88400012801D1022070470120B8
:10A7E00081F8840000BF2420C1F88800086802684E
:10A7F0000868006820F001000B68186022F0005221
:10A8000000204866086802602020C1F8880000BF68
:10A81000002081F8840000BF00BFDFE72DE9F04190
:10A8200004460E461746D4F88C00202825D106B1E0
:10A8300017B90120BDE8F0810120E0660020206703
:10A840003A463146204604F041FF05469DB9E06E88
:10A8500001280FD110202168086200BF00BF2168C5
:10A8600051E8001F41F01000226842E80001002971
:10A87000F5D100E001252846DCE70220DAE72DE9E2
:10A88000F04104460E461746D4F88C00202825D106
:10A8900006B117B90120BDE8F0810120E066002073
:10A8A00020673A463146204604F074FF05469DB9BC
:10A8B000E06E01280FD110202168086200BF00BFA0
:10A8C000216851E8001F41F01000226842E80001B1
:10A8D0000029F5D100E001252846DCE70220DAE76F
:10A8E00070B504460D464648844242D145484FF46F
:10A8F0000071002923DD00F01F067218034600BF17
:10A9000000BF00BFBFF34F8F00BF00BF00BF00BF3D
:10A910003D4E33602033203A002AF9DC00BF00BFEF
:10A9200000BFBFF34F8F00BF00BF00BF00BF00BF1D
:10A9300000BFBFF36F8F00BF00BF00BF00BF00BFED
:10A9400029463048F8F760FA30480078032806D1E5
:10A950004FF400722B492A48FFF791FF4EE02B4835
:10A96000007801284AD1420226492548FFF756FFC0
:10A9700044E02748844241D126484FF40071002921
:10A9800023DD00F01F067218034600BF00BF00BFA2
:10A99000BFF34F8F00BF00BF00BF00BF1A4E336030
:10A9A0002033203A002AF9DC00BF00BF00BFBFF30C
:10A9B0004F8F00BF00BF00BF00BF00BF00BFBFF38D
:10A9C0006F8F00BF00BF00BF00BF00BF2946114806
:10A9D000F9F754F910480078032806D14FF40072B3
:10A9E0000C490B48FFF74BFF08E00B4800780128A3
:10A9F00004D1420207490648FFF710FF70BD00006E
:10AA000024070024B81501245CEF00E0A40300240F
:10AA1000B8070024B8170124A5030024704770B5B7
:10AA200004460D4600BF94F88400012801D102209D
:10AA300070BD012084F8840000BF2420C4F8880081
:10AA4000206806682068006820F00100216808601E
:10AA50002068806820F06060284321688860204674
:10AA600003F00EFE206806602020C4F8880000BFB6
:10AA7000002084F8840000BF00BFD9E770B5044609
:10AA80000D4600BF94F88400012801D1022070BD5A
:10AA9000012084F8840000BF2420C4F888002068C6
:10AAA00006682068006820F00100216808602068BE
:10AAB000806820F06040284321688860204603F0C9
:10AAC000DFFD206806602020C4F8880000BF002059
:10AAD00084F8840000BF00BFD9E770477047704713
:10AAE0002DE9F04704462068C5692068066820689B
:10AAF000876840F60F0005EA0009B9F1000F0FD191
:10AB000005F0200060B106F0200010B907F0805079
:10AB100030B1606F10B12046616F8847BDE8F087A3
:10AB2000B9F1000F7ED0FE48384018B9FD483040DA
:10AB30000028F7D005F0010058B106F4807040B14C
:10AB4000012021680862D4F8900040F00100C4F8A8
:10AB5000900005F0020058B107F0010040B102205A
:10AB600021680862D4F8900040F00400C4F8900016
:10AB700005F0040058B107F0010040B1042021683D
:10AB80000862D4F8900040F00200C4F8900005F08C
:10AB9000080070B106F0200010B9E148384040B11B
:10ABA000082021680862D4F8900040F00800C4F83A
:10ABB000900005F4006060B106F0806048B14FF489
:10ABC000006021680862D4F8900040F02000C4F8CA
:10ABD0009000D4F89000002852D005F0200050B129
:10ABE00006F0200010B907F0805020B1606F10B15E
:10ABF0002046616F8847D4F890A02068806800F0F4
:10AC00004000402802D00AF0280070B3204603F02C
:10AC10002BFF2068806800F04000402826D100BF4C
:10AC200000BF00E02DE02168083151E8001F21F04D
:10AC300040002168083141E80002002AF1D100BF3C
:10AC4000D4F8800068B1B848D4F880100865D4F80A
:10AC50008000F9F78DFB98B1D4F88000016D88472A
:10AC60000EE02046FFF73BFF0AE003E02046FFF737
:10AC700036FF05E02046FFF732FF0020C4F89000C1
:10AC80004CE7E06E01287DD105F01000002879D056
:10AC900006F010000028FAD0102021680862206811
:10ACA000806800F0400040286DD1D4F88000006832
:10ACB0009E4988426BD0D4F8800000689B491831C7
:10ACC000884264D0D4F880000068984930318842C6
:10ACD0005DD0D4F88000006894494831884256D04D
:10ACE000D4F8800000689149603188424FD0D4F890
:10ACF000800000688D497831884248D0D4F88000BF
:10AD000000688A499031884241D0D4F880000068B8
:10AD10008649A83188423AD0D4F880000068844936
:10AD2000884234D0D4F880000068814918318842C4
:10AD30002DD0D4F8800000687D493031884226D07B
:10AD4000D4F8800000687A49483188421FD0D4F88E
:10AD50008000006876496031884218D0D4F88000BD
:10AD6000006873497831884211D0D4F880000068B7
:10AD70006F49903188420AD0D4F8800000686C494D
:10AD8000A83102E0AEE069E001E0884204D1D4F8E5
:10AD900080000068406803E0D4F8800000684068E4
:10ADA0001FFA80F8B8F1000F57D0B4F85C004045A6
:10ADB00053DDA4F85E80D4F88000C069B0F5807FD0
:10ADC00040D000BF00BF216851E8001F21F480700F
:10ADD000226842E800010029F5D100BF00BF00BF92
:10ADE0002168083151E8001F21F001002168083175
:10ADF00041E80002002AF3D100BF00BF00BF216874
:10AE0000083151E8001F21F040002168083141E875
:10AE10000002002AF3D100BF2020C4F88C000020DB
:10AE2000E06600BF00BF216851E8001F21F010005C
:10AE3000226842E800010029F5D100BFD4F8800063
:10AE4000F9F728F802202067B4F85C00B4F85E2017
:10AE5000801A81B22046FFF743FD5FE634F85C0FAD
:10AE60006188401A1FFA80F860885C3CC8B3B8F16A
:10AE7000000F36D000BF00BF216851E8001F21F449
:10AE80009070226842E800010029F5D100BF00BFA0
:10AE900000BF2168083151E8001F214AD24301EA6E
:10AEA00002002168083141E80002002AF1D100BF08
:10AEB0002020C4F88C000020E066606700BF00BF5F
:10AEC000216851E8001F21F01000226842E80001CB
:10AED0000029F5D100BF0220206741462046FFF738
:10AEE000FFFC1BE605F4801050B107F4800038B178
:10AEF0004FF48010216808622046FFF7EFFD0DE651
:10AF000005F08000B0B106F0800010B907F4000031
:10AF100080B1A06F10B12046A16F8847FEE5000008
:10AF20000100001020010004BBE8000810000240EE
:10AF30001004024005F0400030B106F0400018B1A6
:10AF4000204603F0C7FDE9E505F4000030B106F046
:10AF5000804018B12046FFF7C0FDDFE505F08070A6
:10AF600030B106F0004018B12046FFF757FDD5E597
:10AF700000BFD3E510B504460CB9012010BDA0698F
:10AF800000B100E000BFD4F8880028B9002084F8A0
:10AF90008400204600F02AF82420C4F888002068A5
:10AFA000006820F0010021680860204604F0C8F81D
:10AFB000012800D1E2E7A06A10B1204603F08CFB23
:10AFC0002068406820F490402168486020688068CC
:10AFD00020F02A00216888602068006840F00100A5
:10AFE00021680860204603F0F3FBC7E710B5B8B04E
:10AFF0000446142132A8F5F740FDC02102A8F5F758
:10B000003CFDBF49206888427ED102210020CDE965
:10B010000210209002A8FCF7E1FE08B1F8F7FCFB53
:10B0200000BFB848006840F40020B64908600846F0
:10B03000006800F40020019000BF00BF00BFB148CD
:10B040000838006840F00400AE4908390860084636
:10B05000006800F00400019000BF00BF00BF084678
:10B06000006840F0800008600846006800F080003A
:10B07000019000BF00BF4FF48060329002203390F7
:10B0800000203490022035900820369032A99E4846
:10B09000FAF718FE4FF480403290022033900120DE
:10B0A0003490022035900820369032A99748FAF75C
:10B0B00009FE97489749086040204860402195481C
:10B0C00081600021C1604FF4806101610021416114
:10B0D0008161C16101624162FAF792F808B1F8F743
:10B0E0009BFB00BF8B48E067846300BF8848183033
:10B0F000894908603F204860002187488160C1601D
:10B100004FF48061016100E019E00021416181613B
:10B11000C16101624162FAF773F808B1F8F77CFB8C
:10B1200000BF7D48C4F88000846300BF0022052171
:10B130003420FBF75FFC3420FBF748FCDDE0774967
:10B14000206888425FD101210020CDE902102190C2
:10B1500002A8FCF743FE08B1F8F75EFB00BF6948A0
:10B160000830006840F01000664908310860084661
:10B17000006800F01000019000BF00BF00BF6148F0
:10B180000838006840F001005E4908390860084648
:10B19000006800F00100019000BF00BF4FF4C060E4
:10B1A0003290022033900020349035900720369062
:10B1B00032A95B48FAF786FD55483038594908608E
:10B1C00029204860002157488160C1604FF48061A8
:10B1D0000161002141618161C16101624162FAF74F
:10B1E0000FF808B1F8F718FB00BF4E48C4F880000C
:10B1F000846300BF002205212520FBF7FBFB2520EF
:10B20000FBF7E4FB79E048492068884275D10221C8
:10B210000020CDE90210209002A8FCF7DFFD08B164
:10B22000F8F7FAFA00BF3748006840F400303549B3
:10B2300008600846006800F40030019000BF00BFBD
:10B2400000BF30480838006840F008002D49083930
:10B2500008600846006800F00800019000BF00BFC9
:10B2600000BF0846006840F001000860084600681A
:10B2700000F00100019000BF00BF4020329002208A
:10B2800033900020349035900720369032A927481B
:10B29000FAF718FD042032900220339000203490F9
:10B2A00035900720369032A91D48FAF70BFD184853
:10B2B00030301F4908602B20486000211C48816005
:10B2C000C1604FF480610161002141618161C16110
:10B2D00001624162F9F794FF08B1F8F79DFA00BFE7
:10B2E0001348C4F88000846300BF00220521262093
:10B2F000FBF780FB2620FBF769FB38B010BD000090
:10B30000004C0040E844025800080258001C025853
:10B31000400002404C080024C408002400100140F2
:10B32000000002583C09002400440040000C025870
:10B33000B40900242DE9F84F04460E4617469A46F4
:10B34000D4F88C0020287CD106B117B90120BDE8C3
:10B35000F88F00205C34606322202063002020618D
:10B36000FAF7C2FD8346278067805C3C00BFA06877
:10B37000B0F5805F0AD1206920B940F2FF10A4F82F
:10B38000600020E0FF20A4F860001CE0A06848B93D
:10B39000206918B9FF20A4F8600014E07F20A4F809
:10B3A000600010E0A068B0F1805F09D1206918B991
:10B3B0007F20A4F8600006E03F20A4F8600002E0CF
:10B3C0000020A4F8600000BFB4F86090A068B0F559
:10B3D000805F04D1206910B90025B04602E03546EF
:10B3E0004FF0000823E05B46002220212046CDF8E4
:10B3F00000A004F05CFB20B12020C4F88C000320E6
:10B40000A5E745B92068406A00EA0900A8F80000ED
:10B4100008F1020806E02068406A09F0FF010840D0
:10B4200028706D1CB4F85E00401EA4F85E00B4F8ED
:10B430005E000028D7D12020C4F88C00002086E7C9
:10B44000FFE7022083E7000070B504460D4616466C
:10B45000D4F88C00202821D105B10EB9012070BD8F
:10B460000020E0660E492068884211D020684068BC
:10B4700000F4000060B100BF00BF216851E8001F68
:10B4800041F08060226842E800010029F5D100BF48
:10B4900032462946204604F019F9E0E70220DEE7AB
:10B4A000000C005870B504460D461646D4F88C00C2
:10B4B000202821D105B10EB9012070BD0020E06621
:10B4C0000E492068884211D02068406800F40000CE
:10B4D00060B100BF00BF216851E8001F41F08060EB
:10B4E000226842E800010029F5D100BF3246294612
:10B4F000204604F04FF9E0E70220DEE7000C005898
:10B5000070B504464C4884424FD14C48007802281C
:10B5100005D102024A494848FFF7C4FF32E04748D4
:10B52000007878BB46484FF40071002923DD00F015
:10B530001F056A18034600BF00BF00BFBFF34F8F4F
:10B5400000BF00BF00BF00BF3E4D2B602033203A3C
:10B55000002AF9DC00BF00BF00BFBFF34F8F00BF60
:10B5600000BF00BF00BF00BF00BFBFF36F8F00BFB1
:10B5700000BF00BF00BF00BF4FF4007230492E482B
:10B58000FFF762FF4FF400712D48F7F73DFC2C48A0
:10B59000007831284ED101232BA20021264831F01A
:10B5A0009FF800202649087044E02948844241D190
:10B5B00028480078022805D1020227492448FFF7CD
:10B5C00071FF32E02348007878BB23484FF40071C4
:10B5D000002923DD00F01F056A18034600BF00BFE5
:10B5E00000BFBFF34F8F00BF00BF00BF00BF154DAE
:10B5F0002B602033203A002AF9DC00BF00BF00BFD7
:10B60000BFF34F8F00BF00BF00BF00BF00BF00BF30
:10B61000BFF36F8F00BF00BF00BF00BF00BF4FF47C
:10B6200000720D490A48FFF70FFF4FF400710A48F6
:10B63000F8F724FB70BD000024070024A4030024B5
:10B64000B81501245CEF00E025640D0A000000003D
:10B65000B8070024A5030024B817012470472DE97A
:10B66000F84F04460E4617469946D4F8880020281D
:10B6700054D106B117B90120BDE8F88F0020543429
:10B68000E06321206063FAF72FFC82462780678001
:10B69000543CA068B0F5805F04D1206910B9002542
:10B6A000B04602E035464FF0000820E05346002245
:10B6B00080212046CDF8009004F0F9F920B1202037
:10B6C000C4F888000320D7E745B9B8F80000C0F3F4
:10B6D00008002168886208F1020803E028782168E0
:10B6E00088626D1CB4F85600401EA4F85600B4F8E9
:10B6F00056000028DAD15346002240212046CDF8DA
:10B70000009004F0D4F920B12020C4F88800032070
:10B71000B2E72020C4F888000020ADE70220ABE7A4
:10B7200070B504460E461546D4F8880020283FD14F
:10B7300006B10DB9012070BD44F8506FA580E580B9
:10B74000002020642120A063E06A503CE0B1194849
:10B75000E16FC8631848E16F08641848E16FC86476
:10B760000020E16F0865236803F128022B46216D54
:10B77000E06FF9F7D5FF38B11020C4F89000202011
:10B78000C4F888000120D6E740202168086200BF85
:10B7900000BF2168083151E8001F41F08000216896
:10B7A000083141E80002002AF3D100BF0020C2E7BF
:10B7B0000220C0E705EA000859EA0008D3E80008BB
:10B7C00030B50346D3F88800202845D101B10AB925
:10B7D000012030BD43F8501F9A80DA800020986223
:10B7E0001864212098635869503BB0F1005F19D16B
:10B7F0009868B0F5805F04D1186910B91748986748
:10B8000001E01748986700BF00BF1C68083454E87F
:10B81000004F44F400001C68083444E80005002D83
:10B82000F3D117E09868B0F5805F04D1186910B9BA
:10B830000C48986701E00C48986700BF00BF1C687F
:10B8400054E8004F44F080001D6845E80004002CD7
:10B85000F5D100BF0020BCE70220BAE753F9000889
:10B8600031FA0008F1F80008D5F900087047704770
:10B8700000BFFEE701688969C1F3400111B10021F1
:10B88000026891620168896901F0010129B90168C2
:10B89000896941F001010268916170472DE9F74F14
:10B8A00004460E4600272068D0F818800025DDF8F1
:10B8B000089008F01000102845D12168C86134E0D4
:10B8C000701C90B3FAF710FBA0EB0900B04200D84F
:10B8D0005EBB2068406800F4804A94F842B020685B
:10B8E0008069C0F3C03070B1BAF5804F0BD0BBF1A6
:10B8F000200F08D02068406840F4804021684860EC
:10B90000FAF7F2FA814609E0FAF7EEFAA0EB09003D
:10B91000192803D945F02005012705E02068806932
:10B92000C0F340100028EFD000BF20688069C0F34A
:10B93000401008B9002FC3D017B920202168C86172
:10B9400045F0040501272068D0F8188008F48070BD
:10B95000B0F5807F06D145F001054FF48070216875
:10B96000C861012708F48060B0F5806F06D145F00A
:10B9700008054FF480602168C861012708F4007051
:10B98000B0F5007F06D145F002054FF40070216844
:10B99000C8610127AFB12046FFF76CFF20684068FF
:10B9A0000949084021684860606C28436064202091
:10B9B00084F84100002084F8420000BF84F8400071
:10B9C00000BF3846BDE8FE8F00E800FE2DE9F843D1
:10B9D0000446894615461E46DDE908781948F2B244
:10B9E000002349460090204600F02EF84246394692
:10B9F000204600F0AEF810B10120BDE8F883012E1A
:10BA000003D1E8B2216888620EE0C5F307202168FF
:10BA1000886242463946204600F09BF808B1012072
:10BA2000EBE7E8B2216888623B46002240212046CD
:10BA3000CDF8008000F024F808B10120DDE70020F7
:10BA4000DBE7000000200080F0B5059CC1F309068B
:10BA50004FF47F0707EA02473E431E43264326F082
:10BA60000045066876684FF4806707EA545767F028
:10BA7000FC2747F4C047BE432E4307687E60F0BDF5
:10BA80002DE9F04104460D4617461E46DDF81880A4
:10BA900023E0701C08B3FAF727FAA0EB0800B042C5
:10BAA00000D8D6B9206880692840A84201D1012079
:10BAB00000E00020B84210D1606C40F020006064CB
:10BAC000202084F84100002084F8420000BF84F860
:10BAD000400000BF0120BDE8F08120688069284057
:10BAE000A84201D1012000E00020B842D1D00020BE
:10BAF000F1E770B504460D46164622E03246294667
:10BB00002046FFF7CBFE08B1012070BDFAF7ECF933
:10BB1000801BA84200D8A5B920688069C0F34010F6
:10BB200078B9606C40F020006064202084F8410007
:10BB3000002084F8420000BF84F8400000BF0120CC
:10BB4000E3E720688069C0F340100028D6D00020C9
:10BB5000DBE770B504460D46164624E0324629461A
:10BB60002046FFF79BFE08B1012070BD681CD0B1D4
:10BB7000FAF7BAF9801BA84200D8A5B920688069F5
:10BB8000C0F3400078B9606C40F020006064202071
:10BB900084F84100002084F8420000BF84F840008F
:10BBA00000BF0120E1E720688069C0F34000002861
:10BBB000D4D00020D9E730B50B46002100BF16E0F5
:10BBC0000A24B4EB107F05D9302404EB107403F879
:10BBD000114005E0412404EB10740A3C03F81140C5
:10BBE000000100254C00641C1D554C1CE1B2914223
:10BBF000E6DB30BD1448006820F0010012490860FF
:10BC00004FF44030086011488068486300200864A1
:10BC10000E48C068C8630E4848640C484068886392
:10BC200000BF0C48806C0128FBD10748006840F039
:10BC300001000549086000BF0348006800F00100EA
:10BC40000028F9D17047000000100052D40B0024E6
:10BC50005802000400100050014948747047000069
:10BC6000D40B002400B585B0012001900020029083
:10BC700003904FF40040009069462448FAF722F8F8
:10BC80000120009069462248FAF71CF880200090B5
:10BC900069461F48FAF716F84FF48070009069461D
:10BCA0001B48FAF70FF84FF4805000906946184887
:10BCB000FAF708F84FF40050009069461448FAF774
:10BCC00001F800224FF400411048FAF701F9002270
:10BCD00001210F48FAF7FCF8002280210C48FAF7FE
:10BCE000F7F800224FF480710948FAF7F1F80022C2
:10BCF0004FF480510648FAF7EBF800224FF4005158
:10BD00000348FAF7E5F805B000BD0000002002582E
:10BD10000024025870B50024002100230022224D87
:10BD2000AD68022D0DD100F47805290A00F47C4598
:10BD30006B09C0F3C40241EA030515431A4E75604E
:10BD400030E0194DAD68032D15D100F07F450DB9D8
:10BD5000002401E04FF4004400F47805690A00F47F
:10BD60007845AB09C0F3C40244EA01051D431543FD
:10BD70000D4E756016E00C4DAD68042D10D1050F09
:10BD80002C0300F47005290B00F470452B0AC0F356
:10BD9000031244EA01051D431543034E756001E09B
:10BDA000014D686070BD0000D40B002470B5002404
:10BDB000002100230022224DAD68022D0DD100F498
:10BDC0007805290A00F47C456B09C0F3C40241EAF6
:10BDD000030515431A4E356030E0194DAD68032D4B
:10BDE00015D100F07F450DB9002401E04FF4004467
:10BDF00000F47805690A00F47845AB09C0F3C40281
:10BE000044EA01051D4315430D4E356016E00C4D07
:10BE1000AD68042D10D1050F2C0300F47005290B1B
:10BE200000F470452B0AC0F3031244EA01051D43D8
:10BE30001543034E356001E0014D286070BD0000E0
:10BE4000D40B00240149086070470000140000244E
:10BE50004FF04041034AD16002219160917400216A
:10BE600011747047D40B00240149C8747047000056
:10BE7000D40B002410B500224FF400510148FAF70A
:10BE800027F810BD0008025810B50248FAF7D2FA98
:10BE900010BD00002C0B0024F0B58E880768FF68E9
:10BEA000C7F30B473E44330406688436802707FBFC
:10BEB0000266766806F47047066884364FF0800C98
:10BEC0000CFB026677600E680768FF68C7F30B47D4
:10BED0003E44761C1E43076884370CFB02777E6065
:10BEE0008E890768FF68C7F30A073E443304066873
:10BEF0008436802707FB0266B66806F4704706683A
:10BF000084360CFB0266B7608E680768FF68C7F36B
:10BF10000A073E44761C46EA0307066884360CFB93
:10BF20000266B76006688436802707FB02663669BA
:10BF300026F00707066884360CFB026637610F6936
:10BF4000066884360CFB026637613126765C330264
:10BF50003226765C34040E7E3506066884368027E9
:10BF600007FB0266B6690027066884360CFB02668A
:10BF7000B76191F830601E43264346EA050706681C
:10BF800084360CFB0266B76106688436802707FB9F
:10BF90000266766926F0FF07066884360CFB0266A7
:10BFA00077614F69066884360CFB02667761066824
:10BFB0008436802707FB0266F66940F20777BE43A6
:10BFC000076884370CFB0277FE61D1E907763743B7
:10BFD000066884360CFB0266F761066884368027A3
:10BFE00007FB0266B66A0027066884360CFB026609
:10BFF000B7624F6A066884360CFB0266B7620E6948
:10C000000EB9042313E00E69012E01D103230EE0C3
:10C010000E69042E08D00E69022E05D00E69032E7B
:10C0200002D00E69072E01D1022300E00123066829
:10C030008436802707FB0266F66A06F0E02706686A
:10C0400084364FF0800C0CFB0266F762D1E9007673
:10C05000F61B5E43F61D0F8D5F4346EA07470668F1
:10C0600084360CFB0266F76206688436802707FB7D
:10C070000266366BF70AFF02066884360CFB02661E
:10C080003763CF6A066884360CFB0266376306683E
:10C090008436D701F65946F00107066884364FEA20
:10C0A000C21C46F80C70F0BD1FB5FAF741FC012028
:10C0B0008DF800004FF04040019012208DF80800EC
:10C0C00003208DF80B0000208DF80F008DF80E0076
:10C0D0008DF80D008DF801008DF80A008DF809002B
:10C0E0008DF80C006846FAF7F5FB01208DF800008A
:10C0F0004FF04040019018208DF8080003208DF883
:10C100000B0000208DF80F0001208DF80E0000209C
:10C110008DF80D0001208DF8010000208DF80A0037
:10C120008DF809008DF80C006846FAF7D3FB04205F
:10C13000FAF714FC1FBD000008B500BF1A480068DC
:10C1400040F00100184908600846006800F001004E
:10C15000009000BF00BF002205210B20FAF74AFC27
:10C160000B20FAF733FC002205210C20FAF742FCE1
:10C170000C20FAF72BFC002205210D20FAF73AFCDF
:10C180000D20FAF723FC002205210E20FAF732FCDD
:10C190000E20FAF71BFC002205210F20FAF72AFCDB
:10C1A0000F20FAF713FC08BDD844025800B587B039
:10C1B0001C216846F4F761FC184819490860002002
:10C1C00048600121164881600821C1601021016189
:10C1D000402141614FF4C07181610021C1614FF480
:10C1E00000610162490041624900816202200090C1
:10C1F0000720019004200290072003900320049060
:10C2000002200590069069460548FDF7EDFB0549BB
:10C21000034801F0B5FB07B000BD000040410052EB
:10C22000800A0024B40A002410B50B4A00210B48F0
:10C2300030F004FC0A4908600A4A00210A4830F03C
:10C24000FDFB0A4908600A4A00210A4830F0F6FB63
:10C250000949086010BD0000403D040825DA0008C7
:10C2600010000024D43C0408C1C6030804000024C4
:10C27000F83C0408F97801080800002400B587B0EC
:10C28000142102A8F4F7F9FB00BF7348006840F4DA
:10C290008070714908600846006800F48070019061
:10C2A00000BF00BF00BF0846006840F00200086001
:10C2B0000846006800F00200019000BF00BF00BF08
:10C2C0000846006840F4806008600846006800F492
:10C2D0008060019000BF00BF00BF0846006840F0CA
:10C2E000400008600846006800F04000019000BF70
:10C2F00000BF00BF0846006840F00800086008461C
:10C30000006800F00800019000BF00BF00BF0846B1
:10C31000006840F0040008600846006800F004006F
:10C32000019000BF00BF00BF0846006840F0010058
:10C3300008600846006800F00100019000BF00BFDF
:10C3400000BF0846006840F010000860084600681A
:10C3500000F01000019000BF00BF00BF0846006859
:10C3600040F4007008600846006800F40070019016
:10C3700000BF00BF00BF0846006840F080000860B2
:10C380000846006800F08000019000BF00BF00BFB9
:10C390000846006840F0200008600846006800F089
:10C3A0002000019000BF00BF00224FF4C0512B4875
:10C3B000F9F78EFD00224FF47C412948F9F788FDFA
:10C3C0004FF400400290002003900120049002A945
:10C3D0002448F9F777FC4FF4C050029001200390F5
:10C3E000002004900220059002A91C48F9F76AFC7D
:10C3F0004FF480600290012003900020049005908B
:10C4000002A91748F9F75EFCC020029001200390B2
:10C41000002004900220059002A91248F9F752FC6E
:10C420004FF40060029001200390049002200590D8
:10C4300002A90B48F9F746FC4FF470400290012026
:10C440000390002004900220059002A90448F9F707
:10C4500039FC07B000BD0000E04402580008025853
:10C46000000402580000025810B512481249086032
:10C47000124848600021104881600121C1600021FC
:10C48000016141618161C1610162F9F79DFD08B1FE
:10C49000F7F7C2F900210848F9F72CFD08B1F7F7C2
:10C4A000BBF900210448F9F75AFD08B1F7F7B4F9D0
:10C4B00010BD0000005400402C0A0024DB3FB000F7
:10C4C00000B58FB0342102A8F4F7D7FA00BF3C487A
:10C4D000006840F010003A4908600846006800F023
:10C4E0001000019000BF00BF3648374908600020A7
:10C4F0004860002134488160C1600161416181610F
:10C500005021C161282101624FF48A6141624FF4D8
:10C51000207181624FF4A361C16240F296210163F0
:10C52000002180F8361080F8351080F83410F9F7C3
:10C53000FBFF002002904FF48060039000200490E5
:10C540004FF4167005904FF480600C904FF4167005
:10C550000D9002200690FF2007904FF48060099014
:10C5600005200A904FF040400B90002008908DF875
:10C57000380000218DF839108DF83A10002202A9F8
:10C580001148F9F727FF0020FFF766FB0F48FFF778
:10C5900059FC0120FFF768FC0020FFF759FC4FF021
:10C5A0007F40FFF7B7FB4FF0FF30FFF7FFFBFFF7D0
:10C5B00021FB012240210648F9F78AFC0FB000BD9B
:10C5C000D4440258001000502C0B002464000024B6
:10C5D000001C025800B58DB0242104A8F4F74DFAD0
:10C5E00000200190029003904FF0804018490860AD
:10C5F00000204860002116488160491EC16000216A
:10C6000001618161032004900020059001200690C3
:10C6100000200790062008900020099001200A9031
:10C6200000200B9006200C9004A90948FDF752FC4D
:10C6300008B1F7F7F1F800200190039001A9044830
:10C64000FDF79EFA08B1F7F7E7F80DB000BD00005E
:10C650001405002400B58DB0242104A8F4F70DFAC8
:10C6600000200190029003901848194908600020AA
:10C6700048600021164881604FF6FF71C1600021BB
:10C680000161816103200490002005900120069043
:10C6900000200790062008900020099001200A90B1
:10C6A00000200B900C9004A90948FDF713FC08B179
:10C6B000F7F7B2F800200190039001A90448FDF7B4
:10C6C0005FFA08B1F7F7A8F80DB000BD000400400C
:10C6D0006005002400B58DB0242104A8F4F7CDF93D
:10C6E000002001900290039018481949086000202A
:10C6F00048600021164881604FF6FF71C16000213B
:10C7000001618161032004900020059001200690C2
:10C7100000200790062008900020099001200A9030
:10C7200000200B900C9004A90948FDF7D3FB08B139
:10C73000F7F772F800200190039001A90448FDF773
:10C740001FFA08B1F7F768F80DB000BD0008004007
:10C75000AC05002400B58DB0242104A8F4F78DF9B0
:10C7600000200190029003901848194908600020A9
:10C770004860002116488160491EC16000210161A6
:10C780008161032004900020059001200690002084
:10C790000790062008900020099001200A900020B0
:10C7A0000B900C9004A90A48FDF794FB08B1F7F729
:10C7B00033F800200190039001A90548FDF7E0F946
:10C7C00008B1F7F729F80DB000BD0000000C0040DB
:10C7D000F805002400B599B0002015901690179028
:10C7E00018901290139014901C210BA8F4F745F99F
:10C7F0002C216846F4F741F93A483B490860EF209C
:10C8000048600021384881606321C16000210161D6
:10C8100041618161FDF71AFA08B1F6F7FDFF4FF4A7
:10C820008050159015A93048FDF7BAFA08B1F6F70F
:10C83000F3FF2D48FDF7D3FE08B1F6F7EDFF00201A
:10C8400012901390149012A92748FDF799F908B196
:10C85000F6F7E2FF60200B9000200C900D900E90F8
:10C860000F901090119000220BA91F48FDF7FFFDBB
:10C8700008B1F6F7D1FF04220BA91B48FDF7F7FD1D
:10C8800008B1F6F7C9FF08220BA91748FDF7EFFD1D
:10C8900008B1F6F7C1FF0C220BA91348FDF7E7FD1D
:10C8A00008B1F6F7B9FF00200090019002900390C4
:10C8B00004904FF4005005900020069007904FF030
:10C8C00000700890002009900A9069460648FDF71C
:10C8D000FDF808B1F6F7A0FF0348FDF797FD19B082
:10C8E00000BD0000000401404406002410B51848B3
:10C8F000184908604FF4E130486000211548816014
:10C90000C16001610C21416100218161C16101624D
:10C91000416200200F4988620846FEF72BFB08B1F0
:10C92000F6F77AFF00210B48FEF7A8F808B1F6F7F2
:10C9300073FF00210748FEF772F808B1F6F76CFFA5
:10C940000448FDF744FF08B1F6F766FF10BD00008C
:10C95000004C00409006002410B5184818490860A3
:10C960004FF4E1304860002115488160C1600161E9
:10C970000C21416100218161C1610162416200209D
:10C980000F4988620846FEF7F5FA08B1F6F744FF4A
:10C9900000210B48FEF772F808B1F6F73DFF0021C1
:10C9A0000748FEF73CF808B1F6F736FF0448FDF7F4
:10C9B0000EFF08B1F6F730FF10BD00000010014077
:10C9C0002407002410B51848184908604FF4E130D6
:10C9D0004860002115488160C16001610C214161FE
:10C9E00000218161C1610162416200200F498862BA
:10C9F0000846FEF7BFFA08B1F6F70EFF00210B4814
:10CA0000FEF73CF808B1F6F707FF00210748FEF7EC
:10CA100006F808B1F6F700FF0448FDF7D8FE08B1A4
:10CA2000F6F7FAFE10BD000000440040B8070024ED
:10CA300010B500220E490F4803F000FF08B1F6F7C9
:10CA4000EBFE0D490B4804F03EFA08B1F6F7E4FEA0
:10CA50000A49084803F00AFB08B1F6F7DDFE05486D
:10CA600004F034FB08B1F6F7D7FEFAF76BFF10BD00
:10CA7000DC030024C41B012448040024C803002450
:10CA800000BFFEE710B500210748FDF7E1FD0421D6
:10CA90000548FDF7DDFD08210348FDF7D9FD0C2110
:10CAA0000148FDF7D5FD10BD4406002470B50446CD
:10CAB0000D4635B1012D1CD0022D34D0032D66D189
:10CAC0004BE0002C0ADB012240213248F9F700FA42
:10CAD000002280212F48F9F7FBF909E000224021CC
:10CAE0002C48F9F7F5F9012280212A48F9F7F0F9E5
:10CAF0004EE0002C0BDB0122D1022748F9F7E8F9C0
:10CB000000224FF480512448F9F7E2F90AE00022AC
:10CB10004FF400612048F9F7DBF9012211031E48A8
:10CB2000F9F7D6F934E0002C0BDB012211031B4886
:10CB3000F9F7CEF900224FF400511848F9F7C8F977
:10CB40000AE000224FF480511448F9F7C1F901229C
:10CB500051031248F9F7BCF91AE0002C0BDB012253
:10CB600091030E48F9F7B4F900224FF400410B4845
:10CB7000F9F7AEF90AE000224FF480410748F9F7CF
:10CB8000A7F90122D1030548F9F7A2F900E000BF97
:10CB900000BF70BD0000025800080258000402588F
:10CBA00070B504460D46632C01DD632404E014F1E6
:10CBB000630F01DA6FF0620429462046FFF776FF23
:10CBC000231E01DB194600E0594288B2294600F0D5
:10CBD000B9FB70BD10B52DED088BB0EE408B9FED0D
:10CBE0000E0B88EE001BB0EE41BBB0EE4B0B06F017
:10CBF00037F8B0EE409B9FED081BB0EE480B09EEF6
:10CC0000410BB0EE40AB9FED061B8AEE010B30EE00
:10CC1000090BBDEC088B10BD00000000000059405E
:10CC20000000000000004E4000BFFEE72DE9F0418B
:10CC30000C460A2A00DD0A220AB9BDE8F08100216B
:10CC40000FE000F1400505EB011504EB011898E831
:10CC5000C010D8F80C8085E8C010C5F80C804D1CB9
:10CC6000E9B29142EDDB80F8E020002180F8E1108C
:10CC7000437000F14001E2C91830E2C028380121B8
:10CC80008170017000BFD8E770B504460D461646A6
:10CC90002CB10123324629462046FFF7C7FF70BD5D
:10CCA00000B97047002180F82810002229210A5479
:10CCB0002A210A549FED060A80ED470A9FED040AD7
:10CCC00080ED480A9FED020A80ED490A00BFE8E7BF
:10CCD000000000002DE9F0412DED0A8B05461DB93D
:10CCE000BDEC0A8BBDE8F08105F12804207800B97D
:10CCF000F6E7A078022830D19FED9C0A85ED470A1F
:10CD00009FED9A0A85ED480A9FED980A85ED490A3C
:10CD1000F9F7EAF8D4F8E410401AB0F5FA5F1BD33B
:10CD200094F8E100401C94F8E010884203DB0020F6
:10CD300084F8E10004E094F8E100401C84F8E1008C
:10CD400094F8E11004F1400000EB01130FCB04F163
:10CD500018060FC60120A070C2E7F7F779F806465B
:10CD6000F7F77AF8074696F82100012808DB96EDD8
:10CD7000020BB7EE001BB4EEC10BF1EE10FA0CD2B1
:10CD80009FED7A0A85ED470A9FED780A85ED480AFE
:10CD90009FED760A85ED490AA2E796F8210084F80E
:10CDA000280096ED021BB0EE410BFFF713FF84ED58
:10CDB000020B96ED061BB0EE410BFFF70BFF84ED67
:10CDC000040B95ED000A84ED0B0A94ED060BB0EE12
:10CDD00040BB94ED080BB0EE40CB94ED042BB0EECD
:10CDE000421B94ED022BB0EE420BB0EE4C3BB0EE8A
:10CDF0004B2BF6F7BFF884ED0C0A94ED042BB0EE44
:10CE0000421B94ED022BB0EE420BB0EE4C3BB0EE69
:10CE10004B2BF6F737F984ED0D0A94ED0D0AF0EE81
:10CE2000000AB4EEE00AF1EE10FA2AD29FED4F0AA2
:10CE300085ED470A9FED4D0A85ED480A9FED4B0AA7
:10CE400085ED490A94F8E100401C94F8E01088420E
:10CE500010DB607850B194F8E000012806DDF9F7A6
:10CE600043F8C4F8E4000220A07009E02846FFF768
:10CE700017FF05E0F9F738F8C4F8E4000220A070C5
:10CE80002EE794ED0C0AD4ED0B0A30EE608A05E033
:10CE90009FED370A38EE400AB0EE408A9FED350A22
:10CEA000B4EEC08AF1EE10FAF2DC05E09FED300A34
:10CEB00038EE000AB0EE408A9FED2F0AB4EEC08A29
:10CEC000F1EE10FAF2D984ED0E8A94ED0D0A2B489A
:10CED000D0ED000A60EE208A294890ED000AF4EEB9
:10CEE000C08AF1EE10FA03DD90ED000AF0EE408A00
:10CEF0009FED240A28EE000ADFED1E0AC0EE209AFC
:10CF0000B0EE690A05F004FE20EE28AAB0EE690A28
:10CF100005F076FF60EE28AA1B4890ED000A28EE87
:10CF2000009A1A4890ED000AB4EEC09AF1EE10FA99
:10CF300003DD90ED000AB0EE409A144890ED000A2F
:10CF4000B1EE400AB4EEC09AF1EE10FA05D290EDBF
:10CF5000000AB1EE400AB0EE409A85ED47AAC5ED51
:10CF600048AA85ED499A00BFBAE60000000000001B
:10CF70000000B44300003443000034C3F80200242E
:10CF8000FC020024DB0F49400003002404030024BA
:10CF900010B50248F9F760FF10BD0000A030012471
:10CFA0002DE9F04704460D4626683746D6F84080FE
:10CFB00007F5306000EB4510D0F808901048804528
:10CFC0000BD909F40040B0F5004F06D14FF40041F1
:10CFD00007F5306000EB451081602046FAF739FC18
:10CFE0000748804508D9E068012805D104F2C44209
:10CFF0000121206804F01AFD0020BDE8F087000040
:10D000000A30544F2DE9F04705460C46D5F80090FC
:10D010004E46D9F840A006F5306000EB4410D0F839
:10D020000880E868012855D108F0080008280FD1C9
:10D03000434882450BD908F40040B0F5004F7BD13E
:10D040004FF4004106F5306000EB4410816073E05E
:10D0500008F02000202806D1202106F5306000EBE2
:10D060004410816068E008F02800002864D134484A
:10D0700082450CD908F40040B0F5004F07D14FF4B9
:10D08000004106F5306000EB4410816054E004EB91
:10D09000C40105F51F7000EB810706F5306000EB59
:10D0A0004410396A0069C0F31200081A786164B943
:10D0B000386930B905F2C4420121286804F0B6FC91
:10D0C00003E07969F8680844F860E1B22846F9F7A6
:10D0D0003BFD31E01B4882451BD108F40040B0F510
:10D0E000004F07D14FF4004106F5306000EB4410CB
:10D0F000816021E008F02000202805D1202106F5DC
:10D10000306000EB44108160E1B22846F9F71CFD65
:10D1100012E06CB904EBC40105F51F7000EB81004F
:10D12000006928B905F2C4420021286804F07EFC99
:10D13000E1B22846F9F708FD0020BDE8F0870000BD
:10D140000A30544F0A31544F2DE9F84F07460E4626
:10D15000D7F80090C84606EBC60107F13C0000EB8B
:10D160008104D4E90410884202D90120BDE8F88F77
:10D17000D4E90401451AA068A84200D2A568E81CB9
:10D180004FEA900A17E0D4E90401451AA068A842C2
:10D1900000D2A568E81C4FEA900A387BABB2F2B225
:10D1A00000904846E16805F079F9E0682844E060BD
:10D1B00060692844606108F5106000EB46108069E2
:10D1C00080B2504506D3D4E90410884202D22069C7
:10D1D0000028D8D1D4E9040188420ED806F00F0106
:10D1E000012000FA01FB40F6340050F8080020EA64
:10D1F0000B0040F6340141F808000020B6E7B0EE1D
:10D20000402B0178002971D180ED021B80ED042BA9
:10D2100090ED020B90ED043B30EE430B80ED0E0BD6
:10D2200090ED120B90ED0E3B30EE030B80ED120BE8
:10D2300090ED120B90ED183BB4EEC30BF1EE10FA2B
:10D2400004DD90ED180B80ED120B10E090ED120B49
:10D2500090ED183BB1EE433BB4EEC30BF1EE10FA88
:10D2600005D290ED180BB1EE400B80ED120B90ED56
:10D270000E0B90ED103B30EE430B80ED140B90ED58
:10D28000080B90ED0E3B20EE030B90ED0A3B90ED6A
:10D29000124B03EE040B90ED0C3B90ED144B03EEA0
:10D2A000040B80ED060B90ED060B90ED163BB4EEF3
:10D2B000C30BF1EE10FA04DD90ED160B80ED060BBA
:10D2C00010E090ED060B90ED163BB1EE433BB4EE53
:10D2D000C30BF1EE10FA05D290ED160BB1EE400B38
:10D2E00080ED060B90ED0E0B80ED100B90ED060B14
:10D2F0007047000000B102B97047017092ED002B39
:10D3000080ED082B92ED022B80ED0A2B92ED042B81
:10D3100080ED0C2B80ED160B80ED181B9FED072B7D
:10D3200080ED142B9FED052B80ED122B80ED062B4D
:10D3300080ED102B80ED0E2B00BFDDE7000000001C
:10D340000000000031B1012908D002290AD00329C8
:10D3500010D10BE0094A126850630CE0074A1268CA
:10D36000906308E0054A1268D06304E0034A12683B
:10D37000106400E000BF00BF7047000044060024B6
:10D3800000B587B0142102A8F3F777FB00BF22484D
:10D39000006840F48070204908600846006800F486
:10D3A0008070019000BF00BF00BF0846006840F4D5
:10D3B000807008600846006800F48070019000BF2B
:10D3C00000BF0020039002200490002005904FF43D
:10D3D0000060029002A91148F8F774FC4FF48060D5
:10D3E000029002A90D48F8F76DFC4FF47A6000F046
:10D3F00009FF4FF480610948F8F762FD012809D060
:10D400004FF400610548F8F75BFD012802D00120C8
:10D410000349087007B000BDE044025800200258DC
:10D420009400002410B52DED028B04463A4A3B4986
:10D430003B4800F07DF83A4890ED000AB7EEC01A7C
:10D44000364890ED000AB7EEC00A05F009FA9FEDE4
:10D45000351B20EE010BB7EEC00B84ED000A94EDF6
:10D46000000AB5EEC00AF1EE10FA07D294ED000AF8
:10D47000DFED2E0A30EE200A84ED000A284890EDF8
:10D48000001A21EE011A2448D0ED001A90ED002A6E
:10D4900001EE821AB7EEC11AB0EE410B05F07AFD2B
:10D4A000B0EE408BB0EE481B1C4890ED000AB7EE82
:10D4B000C00A05F0D5F99FED1B1B20EE010BB7EE5E
:10D4C000C00B84ED010A154890ED001A21EE011AF7
:10D4D0001148D0ED001A90ED002A01EE821AB7EE45
:10D4E000C11AB0EE410B05F055FDB0EE408BB0EE29
:10D4F000481B0B4890ED000AB7EEC00A05F0B0F9E2
:10D500009FED081B20EE010BB7EEC00B84ED020A65
:10D51000BDEC028B10BD00009C0300249803002486
:10D5200094030024F8C1631ADCA54C400000B44306
:10D53000FEB504460D46164600200290019000906C
:10D540006A4601A902A800F037F81A48D0ED000A8F
:10D55000BDF9080000EE100AB8EEC00A30EE600A0D
:10D560001448D0ED030A20EE200A84ED000AD0ED25
:10D57000010ABDF9040000EE100AB8EEC00A30EE50
:10D58000600A0C48D0ED040A20EE200A85ED000A5E
:10D59000D0ED020ABDF9000000EE100AB8EEC00A94
:10D5A00030EE600A0348D0ED050A20EE200A86ED31
:10D5B000000AFEBD0412012470B586B006460C4672
:10D5C00015466420062104AA0123CDE9002102901A
:10D5D00000221A210E48F8F759FD9DF810009DF819
:10D5E000111040EA012000B230809DF812009DF831
:10D5F000131040EA012000B220809DF814009DF82D
:10D60000151040EA012000B2288006B070BD00006D
:10D610002C0A00242DE9F04104460E460027554807
:10D62000006800F00300032802D10120BDE8F0816A
:10D6300050482838006820F080604E49283908603A
:10D64000F8F752FC054606E0F8F74EFC401B0228AE
:10D6500001D90320EAE7474828380068C0F3C060D2
:10D660000028F1D100BF4348006820F47C302168D5
:10D6700040EA01303F490860A088401EC0F308001E
:10D68000A168491E4FF47E4202EA41210843A18964
:10D69000491ED20102EA01410843217C491E1202BF
:10D6A00002EA0161084333491031086000BF314884
:10D6B000001D006820F0C000616908432D49091D64
:10D6C00008600846006820F02000A1690843294945
:10D6D000091D08600846006820F010000860254811
:10D6E000143000684FF6F8718843E16940EAC100E0
:10D6F0002049143108601F48001D006840F01000E8
:10D700001C49091D08602EB90846006840F4002035
:10D71000086012E0012E08D11648001D006840F490
:10D7200080101449091D086007E01248001D0068B8
:10D7300040F400100F49091D08600E4828380068A1
:10D7400040F080600B4928390860F8F7CDFB0546AA
:10D7500006E0F8F7C9FB401B022801D9032065E762
:10D76000044828380068C0F3C0600028F1D038466B
:10D770005CE70000284402582DE9F04104460E46BB
:10D7800000275548006800F00300032802D101205B
:10D79000BDE8F08150482838006820F080504E499C
:10D7A00028390860F8F7A0FB054606E0F8F79CFB6F
:10D7B000401B022801D90320EAE7474828380068BF
:10D7C000C0F340700028F1D100BF4348006820F04A
:10D7D0007C70218840EA01503F490860A088401EC3
:10D7E000C0F30800A168491E4FF47E4202EA4121BD
:10D7F0000843A189491ED20102EA01410843217C64
:10D80000491E120202EA01610843334918310860D7
:10D8100000BF3148001D006820F440606169084382
:10D820002D49091D08600846006820F40070A169B0
:10D8300008432949091D08600846006820F48070E3
:10D84000086025481C3000684FF6F8718843E1698C
:10D8500040EAC10020491C3108601F48001D0068D3
:10D8600040F480701C49091D08602EB90846006804
:10D8700040F48000086012E0012E08D11648001D17
:10D88000006840F400001449091D086007E01248D0
:10D89000001D006840F080700F49091D08600E48A7
:10D8A0002838006840F080500B4928390860F8F7A4
:10D8B0001BFB054606E0F8F717FB401B022801D9C1
:10D8C000032065E7044828380068C0F3407000284A
:10D8D000F1D038465CE700002844025810B50446F1
:10D8E000F5F74EFA052838D2DFE800F03803101DAE
:10D8F0002A00B3EE040A84ED470A9FED200A84ED66
:10D90000480A9FED1E0A84ED490A34E0BBEE040A82
:10D9100084ED470A9FED190A84ED480A9FED170A26
:10D9200084ED490A27E09FED150A84ED470AB3EE1E
:10D93000040A84ED480A9FED110A84ED490A1AE0B1
:10D940009FED0E0A84ED470ABBEE040A84ED480AF7
:10D950009FED0A0A84ED490A0DE000BF9FED070A1A
:10D9600084ED470A9FED050A84ED480A9FED030AFE
:10D9700084ED490A00BF00BF10BD00000000000098
:10D9800038B505460C46002000900120206010208C
:10D9900060600120A0600020E0604FF480522146CA
:10D9A0002846FCF769F80120F8F7AAF80220206061
:10D9B000102060600120A0600020E0604FF48052E1
:10D9C00021462846FCF758F80320206010206060AC
:10D9D0000820A0600020E0604FF4805221462846D5
:10D9E000FCF74AF840F2312000900420206010201B
:10D9F00060600120A0600098E0604FF480522146F2
:10DA00002846FCF739F840F296312846FCF719F819
:10DA100038BD30B501460A461378521C147843EAE3
:10DA2000042030BD00BF01202EF0B2FFFBE710B58F
:10DA30004FF0E020006935F00DFE012801D035F0EF
:10DA400057FA10BD00B5CDB04C213AA8F3F715F840
:10DA5000202132A8F3F711F8C02102A8F3F70DF83E
:10DA60000220F9F73FFF00BF0020019054480068F2
:10DA700020F00100524908600846006800F00100EB
:10DA800001905048006840F440404E490860084604
:10DA9000006800F44040019000BF00BF00BF49484B
:10DAA000006800F40050B0F5005FF8D100BF4648B0
:10DAB000006840F00200444908600846006800F031
:10DAC0000200019000BF00BF00BF002001903D4850
:10DAD000006840F440403B4908600846006800F494
:10DAE000404001903648006840F001003449086029
:10DAF0000846006800F00100019000BF00BF00BFB1
:10DB00003048006800F40050B0F5005FF8D12E48AE
:10DB1000CC38006820F00300801C2B49CC39086009
:10DB200001203A9000043B900220439002213AA841
:10DB300081620521C162C0210163022141638163C9
:10DB4000C16308210164002141648164FBF720FB6B
:10DB500008B1F5F761FE3F2032900320339000209A
:10DB6000349008203590402036903790000138904E
:10DB700040203990042132A8FAF7E4FF08B1F5F704
:10DB80004BFE19200C904FF4A5710D9102210E91BE
:10DB90000F910A211091002111914FF400711291FF
:10DBA0000021139109490020CDE902101490219021
:10DBB00002A8FAF713F908B1F5F72EFE4DB000BD33
:10DBC0002C04005818480258F4440258010000215F
:10DBD0003448006840F470003249086032480068F8
:10DBE00000F00F00072806D22F48006820F00F0031
:10DBF000C01D2D4908602D48006840F001002B49E8
:10DC00000860002029491031086028480068284928
:10DC10000840264908602448006800F00F000728E3
:10DC200006D92148006820F00F00C01D1E49086079
:10DC300000201E4918310860091D0860091D086090
:10DC40001C481A49283108601B48091D08601B48F8
:10DC5000091D08600020091D08601848091D08609A
:10DC60000020091D08601548091D08600020091DD5
:10DC700008600E48006820F480200C4908600020ED
:10DC80000A49603108600E4800686FF30F00B0F178
:10DC9000005F02D201200B49086043F2D2000A491A
:10DCA0000860704788ED00E00020005200440258F0
:10DCB0007FEDF6EA000202020000FF01800201018E
:10DCC0000010005C088100510040005210B502486D
:10DCD000FCF7BFFA10BD0000C804002410B50268AC
:10DCE000294B98420ED0B0F1804F0BD0274B984271
:10DCF00008D0274B984205D0264B984202D0264B9D
:10DD0000984203D122F070024B681A431E4B98428E
:10DD100017D0B0F1804F14D01C4B984211D01C4B3F
:10DD200098420ED01B4B98420BD01B4B984208D008
:10DD30001A4B984205D01A4B984202D0194B984280
:10DD400003D122F44072CB681A4322F080034C695D
:10DD500043EA040202608B68C3620B6883620A4B69
:10DD600098420BD00C4B984208D00C4B984205D0EF
:10DD70000B4B984202D00B4B984201D10B690363C5
:10DD80000123436110BD0000000001400004004079
:10DD900000080040000C0040000401400040014029
:10DDA000004401400048014030B501F01F05012446
:10DDB00004FA05F3046A9C430462046A01F01F0537
:10DDC00002FA05F52C43046230BD30B50C4681687B
:10DDD00021F47F4142EA032525432943816030BD78
:10DDE0000A468168034B194042F0070319438160DA
:10DDF000704700008FFFCFFF30B5056A25F00105A1
:10DE00000562026A43688469204D2C4024F00304B3
:10DE10000D682C4322F002028D682A431C4DA84253
:10DE200000D10FE01B4DA84200D10BE01A4DA842D3
:10DE300000D107E0194DA84200D103E0184DA842D7
:10DE400006D100BF22F00802CD682A4322F0040266
:10DE50000F4DA8420BD00F4DA84208D00E4DA8423E
:10DE600005D00E4DA84202D00D4DA84207D123F493
:10DE7000807323F400734D692B438D692B434360FA
:10DE800084614D684563026230BD00008FFFFEFF74
:10DE900000000140000401400040014000440140F6
:10DEA0000048014030B5056A25F010050562026A98
:10DEB00043688469224D2C4024F440740D6844EA80
:10DEC000052422F020028D6842EA05121D4DA84269
:10DED00000D10FE01C4DA84200D10BE01B4DA84221
:10DEE00000D100BF1A4DA84200D100BF194DA84271
:10DEF00007D106E022F08002CD6842EA051222F046
:10DF00004002104DA8420BD00F4DA84208D00F4D33
:10DF1000A84205D00E4DA84202D00E4DA84209D10C
:10DF200023F4806323F400634D6943EA85038D691C
:10DF300043EA8503436084614D688563026230BDB6
:10DF4000FF8FFFFE0000014000040140004001403F
:10DF5000004401400048014030B5056A25F4807551
:10DF60000562026A4368C469224D2C4024F0030410
:10DF70000D682C4322F400728D6842EA05221E4D82
:10DF8000A84200D10FE01D4DA84200D10BE01C4D6E
:10DF9000A84200D100BF1B4DA84200D100BF1A4DBE
:10DFA000A84207D106E022F40062CD6842EA0522C9
:10DFB00022F48062104DA8420BD0104DA84208D028
:10DFC0000F4DA84205D00F4DA84202D00E4DA842D9
:10DFD00009D123F4805323F400534D6943EA051318
:10DFE0008D6943EA05134360C4614D68C5630262ED
:10DFF00030BD00008FFFFEFF000001400004014023
:10E0000000400140004401400048014030B5056A2D
:10E0100025F480550562036A4468C269124D2A409E
:10E0200022F440720D6842EA052223F400538D6801
:10E0300043EA05330D4DA8420BD00D4DA84208D040
:10E040000C4DA84205D00C4DA84202D00B4DA84261
:10E0500004D124F480444D6944EA85144460C261CB
:10E060004D680564036230BDFF8FFFFE0000014074
:10E0700000040140004001400044014000480140CC
:10E0800030B5056A25F480350562026A4368446D3F
:10E09000114D2C400D682C4322F400320D8942EAC8
:10E0A00005420E4DA8420BD00D4DA84208D00D4D93
:10E0B000A84205D00C4DA84202D00C4DA84204D174
:10E0C00023F480334D6943EA0523436044654D687A
:10E0D0008565026230BD00008FFFFEFF0000014039
:10E0E000000401400040014000440140004801405C
:10E0F00030B5056A25F480150562026A4368446DEF
:10E10000114D2C400D6844EA052422F400120D89BB
:10E1100042EA05520D4DA8420BD00D4DA84208D041
:10E120000C4DA84205D00C4DA84202D00B4DA84280
:10E1300004D123F480234D6943EA85234360446579
:10E140004D68C565026230BDFF8FFFFE00000140D3
:10E1500000040140004001400044014000480140EB
:10E1600030B50B461446026A056A25F001050562C2
:10E17000816921F0F00141EA041122F00A021A43F8
:10E180008161026230BD30B50B461446056A25F048
:10E19000100505628169026A21F4704141EA043187
:10E1A00022F0A00242EA03128161026230BD000047
:10E1B00010B5002208211248F7F78AFE142000F05B
:10E1C00021F8002280210E48F7F782FE142000F08B
:10E1D00019F8012208210A48F7F77AFE142000F006
:10E1E00011F8002208210648F7F772FE012280216B
:10E1F0000348F7F76DFE142000F004F810BD00008E
:10E200000018025808B50BE00021009104E0BDF8A9
:10E210000010491C89B20091BDF800100829F6DBF6
:10E22000011EA0F10100EFD108BD000000B587B0CC
:10E23000142102A8F2F721FC00BF3648006840F024
:10E240004000344908600846006800F04000019032
:10E2500000BF00BF00BF0846006840F040000860F3
:10E260000846006800F04000019000BF00BF00BFFA
:10E270000846006840F4807008600846006800F4B2
:10E280008070019000BF00BF00BF0846006840F4E6
:10E29000807008600846006800F48070019000BF3C
:10E2A00000BF0820029011200390002004900590E8
:10E2B00002A91948F7F706FD8020029002A9164826
:10E2C000F7F700FD012003900490C002029002A91C
:10E2D0001248F7F7F7FC4FF48060029002A90F484C
:10E2E000F7F7F0FC012208210B48F7F7F1FD0122B6
:10E2F00080210948F7F7ECFD00224FF40061074840
:10E30000F7F7E6FD012291020448F7F7E1FD07B0B7
:10E3100000BD0000E04402580018025800200258D6
:10E3200010B5002208210F48F7F7D2FD1420FFF79F
:10E3300069FF012280210B48F7F7CAFD1420FFF77F
:10E3400061FF012208210748F7F7C2FD1420FFF7FB
:10E3500059FF002208210348F7F7BAFD1420FFF700
:10E3600051FF10BD0018025870B505460024002664
:10E3700000BF1AE06006040E012208211048F7F7DA
:10E38000A7FD1420FFF73EFF80210D48F7F798FD09
:10E3900000F001000443002208210948F7F798FD26
:10E3A0001420FFF72FFF701CC6B2082EE2DB012DF0
:10E3B00002D1FFF7FDFE01E0FFF7B2FF204670BD7E
:10E3C0000018025810B5012280210E48F7F780FD91
:10E3D000012208210B48F7F77BFD1420FFF712FFFD
:10E3E000002280210748F7F773FD1420FFF70AFF8A
:10E3F000002208210348F7F76BFD1420FFF702FF06
:10E4000010BD00000018025810B5002208210F4866
:10E41000F7F75EFD1420FFF7F5FE002280210B4880
:10E42000F7F756FD1420FFF7EDFE012208210748FB
:10E43000F7F74EFD1420FFF7E5FE01228021034887
:10E44000F7F746FD1420FFF7DDFE10BD0018025857
:10E4500010B5012280211348F7F73AFD1420FFF789
:10E46000D1FE012208210F48F7F732FD1420FFF7F3
:10E47000C9FE80210B48F7F723FD48B1002208218F
:10E480000848F7F725FD1420FFF7BCFE002010BD5B
:10E49000002208210348F7F71BFD1420FFF7B2FE06
:10E4A0000120F4E70018025870B50446002528E062
:10E4B00004F0800028B1012280211448F7F708FDFC
:10E4C00004E0002280211148F7F702FD1420FFF735
:10E4D00099FE012208210D48F7F7FAFC1420FFF7F6
:10E4E00091FE002208210948F7F7F2FC072D04D11C
:10E4F000012280210548F7F7EBFC6006040E681C3A
:10E50000C5B2082DD4DBFFF7A3FF70BD0018025879
:10E5100000B585B014216846F2F7AFFA00200190EB
:10E52000029003904FF40060009069460248F7F7AC
:10E53000C9FB05B000BD00000020025800B585B041
:10E5400014216846F2F799FA012001900290002008
:10E5500003904FF40060009069460248F7F7B2FB61
:10E5600005B000BD002002581FB500200090FEF746
:10E5700007FFFFF75BFEF5F70FFC01AA0B2148F23E
:10E580004010F5F7D9FB6A46012148F24700F5F73C
:10E59000D3FB9DF8040039281BD19DF80A009DF893
:10E5A0000B1000EB0120B0F5806F03D101200A4968
:10E5B00008700BE09DF80A009DF80B1000EB01209D
:10E5C000B0F5487F02D1002003490870002004B054
:10E5D00010BD0120FBE700009400002410B58CB0B2
:10E5E000002401AA2A2148F24E10F5F7A5FB0021CC
:10E5F00048F24E10F5F700FC9DF8040000F00F0003
:10E600001A4948700846407801282ADB08464078B5
:10E61000052826DC00BF1CE0E000001D01A9095C04
:10E62000E000401D01AA105C41EA00210F480C30B7
:10E6300020F81410E000801C01A9095CE000C01C57
:10E64000105C41EA00210948801C20F81410601C6D
:10E65000C4B206484078A042DEDC012003490870BD
:10E6600002E00020014908700CB010BDE80B002446
:10E6700010B50248FCF734FA10BD000090060024E3
:10E6800070B5456E2DB90125A0F86A50A0F8685004
:10E690001CE0102310240568AD68C5F342610568CD
:10E6A000AD686A0F0A4DAD5C15FB04F5094EB65C0A
:10E6B00095FBF6F5A0F86A50054D6D5C15FB03F56A
:10E6C000044E765C95FBF6F5A0F8685070BD00002E
:10E6D00020F7040828F7040890F8281001F0010139
:10E6E00039B10168496821F40031C26A11430268F6
:10E6F000516090F8281001F00201022907D1016849
:10E70000496821F48031026B11430268516090F82E
:10E71000281001F00401042907D10168496821F497
:10E720008021426B11430268516090F8281001F07B
:10E730000801082907D10168496821F40041826B6A
:10E7400011430268516090F8281001F0100110295F
:10E7500007D10168896821F48051C26B11430268B6
:10E76000916090F8281001F02001202907D101685C
:10E77000896821F40051026C11430268916090F89D
:10E78000281001F04001402913D10168496821F4A3
:10E790008011426C114302685160416CB1F5801FD9
:10E7A00007D10168496821F4C001826C11430268F5
:10E7B000516090F8281001F08001802907D101688C
:10E7C000496821F40021C26C11430268516070470E
:10E7D00038B504460020C4F89000F7F785FB0546DD
:10E7E0002068006800F00800082821D16FF07E4002
:10E7F0002B4600224FF400110090204601F057F9FB
:10E80000B0B100BF00BF216851E8001F21F08000B7
:10E81000226842E800010029F5D100BF2020C4F899
:10E82000880000BF002084F8840000BF032038BDAA
:10E830002068006800F00400042830D16FF07E40AA
:10E840002B4600224FF480010090204601F02FF962
:10E8500028B300BF00BF216851E8001F21F4907069
:10E86000226842E800010029F5D100BF00BF00BFC7
:10E870002168083151E8001F21F0010021680831AA
:10E8800041E80002002AF3D100BF2020C4F88C0028
:10E8900000BF002084F8840000BF0320C7E72020C9
:10E8A000C4F88800C4F88C000020E066206700BF30
:10E8B00084F8840000BF00BFB9E770B50546AC6BB3
:10E8C0000020A4F85E00A4F856002046FCF707F9E3
:10E8D00070BD2DE9F0410546AC6BD4F88860D4F8E2
:10E8E0008C702068806800F08000802807D1212E7D
:10E8F00005D10020A4F85600204600F003F9206856
:10E90000806800F04000402807D1222F05D1002068
:10E91000A4F85E00204600F0A7F8D4F8900040F07C
:10E920001000C4F890002046FCF7D9F8BDE8F0814B
:10E9300070B50546AC6BE869B0F5807F40D000202B
:10E94000A4F85E0000BF00BF216851E8001F21F459
:10E950008070226842E800010029F5D100BF00BFA5
:10E9600000BF2168083151E8001F21F00100216833
:10E97000083141E80002002AF3D100BF00BF00BF08
:10E980002168083151E8001F21F04000216808315A
:10E9900041E80002002AF3D100BF2020C4F88C0017
:10E9A000E06E01280CD100BF00BF216851E8001FB4
:10E9B00021F01000226842E800010029F5D100BFD3
:10E9C00000202067E06E012805D1B4F85C102046D5
:10E9D000FBF786FF02E02046FCF792FD70BD70B5A4
:10E9E0000546AC6B01202067E06E012806D1B4F823
:10E9F0005C0041082046FBF773FF02E02046FCF76D
:10EA00002DFE70BD70B50546AC6BE869B0F5807F32
:10EA10001ED00020A4F8560000BF00BF21680831B6
:10EA200051E8001F21F080002168083141E8000210
:10EA3000002AF3D100BF00BF00BF216851E8001FCA
:10EA400041F04000226842E800010029F5D102E0CF
:10EA50002046FCF70BFF70BD70B50446A56B284639
:10EA6000FCF705FF70BD000000BF00BF026852E860
:10EA7000002F22F49071036843E80012002AF5D1B8
:10EA800000BF00BF00BF0268083252E8002F104BE1
:10EA900002EA03010268083242E80013002BF2D1B7
:10EAA00000BFC16E01290CD100BF00BF026852E84F
:10EAB000002F22F01001036843E80012002AF5D16C
:10EAC00000BF2021C0F88C100021C166416770474B
:10EAD000FEFFFFEF10B5044600BF00BF216851E8FC
:10EAE000001F21F04000226842E800010029F5D112
:10EAF00000BF2020C4F888000020A0672046FCF753
:10EB0000B5FE10BD00BF00BF026852E8002F22F022
:10EB1000C001036843E80012002AF5D100BF00BF1E
:10EB200000BF0268083252E8002F22F40001026898
:10EB3000083242E80013002BF3D100BF2021C0F8B7
:10EB4000881070472DE9F0410446B4F86070D4F89D
:10EB50008C0022286ED12068406A86B2A56D06EA34
:10EB600007002880A06D801CA065B4F85E00401EE0
:10EB7000A4F85E00B4F85E00002861D100BF00BFB9
:10EB8000216851E8001F21F49070226842E80001DA
:10EB90000029F5D100BF00BF00BF2168083151E84E
:10EBA000001F21F001002168083141E80002002A1D
:10EBB000F3D100BF2020C4F88C00002060672067DC
:10EBC00020492068884211D02068406800F4000085
:10EBD00060B100BF00BF216851E8001F21F08060D4
:10EBE000226842E800010029F5D100BFE06E01284B
:10EBF0001CD10020E06600BF00BF216851E8001F63
:10EC000021F01000226842E800010029F5D100BF80
:10EC10002068C069C0F3001010B11020216808629C
:10EC2000B4F85C102046FBF75BFE09E02046FCF7D9
:10EC300067FC05E02068806940F008002168886171
:10EC4000BDE8F081000C00582DE9F84F0446B4F8F7
:10EC500060B02068C5692068006800902068D0F81E
:10EC600008A0D4F88C0022287ED1B4F86890ADE0DA
:10EC70002068406A1FFA80F8A76D08EA0B00388008
:10EC8000A06D801CA065B4F85E00401EA4F85E0074
:10EC90002068C56905F00700B0B305F0010060B158
:10ECA000009800F4807040B1012021680862D4F817
:10ECB000900040F00100C4F8900005F0020058B147
:10ECC0000AF0010040B1022021680862D4F89000E7
:10ECD00040F00400C4F8900005F0040058B10AF0B8
:10ECE000010040B1042021680862D4F8900040F08F
:10ECF0000200C4F89000D4F8900028B12046FBF739
:10ED0000EEFE0020C4F89000B4F85E0000285DD14B
:10ED100000BF00BF216851E8001F21F48070226805
:10ED200042E800010029F5D100BF00BF00BF216803
:10ED3000083151E8001F404A01EA02002168083109
:10ED400041E80002002AF2D100BF2020C4F88C0064
:10ED500000206067206739492068884213D0206806
:10ED6000406800F4000000E05DE060B100BF00BF5B
:10ED7000216851E8001F21F08060226842E800010C
:10ED80000029F5D100BFE06E01281CD10020E0660B
:10ED900000BF00BF216851E8001F21F01000226869
:10EDA00042E800010029F5D100BF2068C069C0F326
:10EDB000001010B1102021680862B4F85C102046E1
:10EDC000FBF78EFD02E02046FCF79AFBB9F1000F3D
:10EDD00004D005F0200000287FF44AAFB4F85E604C
:10EDE00006B3B4F86800B04223DD00BF00BF21685D
:10EDF000083151E8001F21F080502168083141E8B6
:10EE00000002002AF3D100BF0D48606700BF00BFB9
:10EE1000216851E8001F41F02000226842E800010B
:10EE20000029F5D105E02068806940F008002168DC
:10EE30008861BDE8F88F0000FEFFFFEF000C00586E
:10EE400045EB000870B50446B4F86060D4F88C0057
:10EE500022286FD12068406A85B2F0B22840A16DA7
:10EE60000870A06D401CA065B4F85E00401EA4F8B8
:10EE70005E00B4F85E00002862D100BF00BF2168C8
:10EE800051E8001F21F49070226842E80001002937
:10EE9000F5D100BF00BF00BF2168083151E8001F55
:10EEA00021F001002168083141E80002002AF3D175
:10EEB00000BF2020C4F88C00002060672067214933
:10EEC0002068884211D02068406800F4000060B1DA
:10EED00000BF00BF216851E8001F21F08060226858
:10EEE00042E800010029F5D100BFE06E01281CD1E5
:10EEF0000020E06600BF00BF216851E8001F21F03C
:10EF00001000226842E800010029F5D100BF206806
:10EF1000C069C0F3001010B1102021680862B4F875
:10EF20005C102046FBF7DCFC0AE02046FCF7E8FA20
:10EF300006E0FFE72068806940F0080021688861EA
:10EF400070BD0000000C00582DE9F05F0446B4F8D5
:10EF500060A02068C5692068D0F800B02068D0F8AB
:10EF60000890D4F88C0022287ED1B4F86880ACE0F8
:10EF70002068406A87B20AF0FF003840A16D08702F
:10EF8000A06D401CA065B4F85E00401EA4F85E00B1
:10EF90002068C56905F00700A8B305F0010058B165
:10EFA0000BF4807040B1012021680862D4F8900011
:10EFB00040F00100C4F8900005F0020058B109F0DB
:10EFC000010040B1022021680862D4F8900040F0AE
:10EFD0000400C4F8900005F0040058B109F00100E5
:10EFE00040B1042021680862D4F8900040F002008B
:10EFF000C4F89000D4F8900028B12046FBF76FFDCC
:10F000000020C4F89000B4F85E0000285DD100BF75
:10F0100000BF216851E8001F21F48070226842E897
:10F0200000010029F5D100BF00BF00BF21680831F1
:10F0300051E8001F3F4A01EA02002168083141E817
:10F040000002002AF2D100BF2020C4F88C0000206A
:10F050006067206738492068884213D0206840687C
:10F0600000F4000070B100E05CE000BF00BF216868
:10F0700051E8001F21F08060226842E80001002969
:10F08000F5D100BFE06E01281CD10020E06600BF72
:10F0900000BF216851E8001F21F01000226842E8FB
:10F0A00000010029F5D100BF2068C069C0F300103D
:10F0B00010B1102021680862B4F85C102046FBF7FC
:10F0C0000FFC02E02046FCF71BFAB8F1000F04D059
:10F0D00005F0200000287FF44BAFB4F85E6006B363
:10F0E000B4F86800B04223DD00BF00BF21680831DA
:10F0F00051E8001F21F080502168083141E80002EA
:10F10000002AF3D100BF0D48606700BF00BF21682F
:10F1100051E8001F41F02000226842E80001002968
:10F12000F5D105E02068806940F008002168886119
:10F13000BDE8F09FFEFFFFEF000C005845EE000811
:10F140002DE9F04F89B0054600200890F84928685D
:10F15000884200D100E000BF2969A86808436969B6
:10F160000843E96940EA010828680068F149084055
:10F1700040EA0800296808602868406820F4405088
:10F18000E968084329684860D5F81880E849286884
:10F19000884202D0286A40EA080828688068E64960
:10F1A000084040EA0800296888602868C06A20F0A2
:10F1B0000F00696A08432968C86200BFDF492868F0
:10F1C000884220D1DE48006800F03800182811D0AD
:10F1D00005DC48B1082809D0102811D108E0202802
:10F1E0000AD028280CD109E001240BE0042409E00E
:10F1F000082407E0102405E0202403E0402401E077
:10F20000802400BFF8E0CF492868884219D1CC4853
:10F21000006800F00700062810D2DFE800F00305C0
:10F2200007090B0D00240BE0042409E0082407E083
:10F23000102405E0202403E0402401E0802400BFE6
:10F24000DAE0C1492868884219D1BD48006800F059
:10F250000700062810D2DFE800F0030507090B0DB0
:10F2600000240BE0042409E0082407E0102405E052
:10F27000202403E0402401E0802400BFBCE0B34927
:10F280002868884219D1AE48006800F007000628B7
:10F2900010D2DFE800F0030507090B0D00240BE096
:10F2A000042409E0082407E0102405E0202403E0FA
:10F2B000402401E0802400BF9EE0A54928688842E0
:10F2C00019D19F48006800F00700062810D2DFE837
:10F2D00000F0030507090B0D00240BE0042409E0EE
:10F2E000082407E0102405E0202403E0402401E086
:10F2F000802400BF80E097492868884220D1904848
:10F30000006800F03800182811D005DC48B1082842
:10F3100009D0102811D108E020280AD028280CD1C3
:10F3200009E001240BE0042409E0082407E010248C
:10F3300005E0202403E0402401E0802400BF5BE0DE
:10F3400085492868884219D17D48006800F0070087
:10F35000062810D2DFE800F0030507090B0D002492
:10F360000BE0042409E0082407E0102405E0202431
:10F3700003E0402401E0802400BF3DE07749286895
:10F38000884219D16E48006800F00700062810D2A4
:10F39000DFE800F0030507090B0D00240BE004244F
:10F3A00009E0082407E0102405E0202403E04024BD
:10F3B00001E0802400BF1FE05D49286888421AD11F
:10F3C0005F48001D006800F00700062810D2DFE843
:10F3D00000F0030507090B0D02240BE0042409E0EB
:10F3E000082407E0102405E0202403E0402401E085
:10F3F000802400BF00E0802400BF4D492868884277
:10F400007DD1102C1AD006DC022C09D0042C0BD094
:10F41000082C29D10DE0202C21D0402C24D120E033
:10F42000F8F79AFA064623E005A8F8F7A7FA069E29
:10F430001EE002A8F8F7BAFB039E19E040485438D2
:10F440000068C0F3401040B13D4854380068C0F334
:10F45000C101434820FA01F600E0414E08E0414E68
:10F4600006E04FF4004603E000260120089000BFAC
:10F4700000BF002E10D03C49686A31F81000B6FB7E
:10F48000F0F9686800EB4000484503D8686800035D
:10F49000484502D20120089003E13349686A31F8F7
:10F4A00010C06246002330461946F1F73BF84FF48E
:10F4B000807300228446ACFB030B01FB03B10CFB01
:10F4C000021C69684908034659184CEB0200CDE953
:10F4D0000010D5F804C06246002308460199F1F7F0
:10F4E00021F80746B7F5407F06D3B7F5801F03D252
:10F4F0002868C760D5E002E001200890D1E0E86903
:10F50000B0F5004F7BD1082C39D005DC5CB1012C63
:10F510002CD0042C4CD12DE0102C35D0202C42D0F6
:10F52000402C45D141E0F9F7F9FC064644E00000E3
:10F53000000C0058F369FFCFFFF4FF1100100140E9
:10F54000544402580044004000480040004C004031
:10F55000005000400014014000780040007C004052
:10F560000090D00300093D0008F70408F9F7E8FC13
:10F57000064621E005A8F8F701FA069E1CE002A85D
:10F58000F8F714FB039E17E04C480068C0F34010E6
:10F5900038B14A480068C0F3C101494820FA01F671
:10F5A00000E0474E08E0474E06E04FF4004603E017
:10F5B00000260120089000BF00BFFEB14249686AE2
:10F5C00031F81000B6FBF0F04000696800EB510024
:10F5D000B0FBF1F7102F0FD3B7F5803F0CD24FF6E9
:10F5E000F07007EA000AC7F342004AEA000A2868F6
:10F5F000C0F80CA055E002E00120089051E0082C72
:10F600001AD005DC5CB1012C0DD0042C2DD10EE0FC
:10F61000102C16D0202C23D0402C26D122E0F9F734
:10F620007DFC064625E0F9F78BFC064621E005A89F
:10F63000F8F7A4F9069E1CE002A8F8F7B7FA039EB3
:10F6400017E01E480068C0F3401038B11B4800683E
:10F65000C0F3C1011A4820FA01F600E0184E08E094
:10F66000184E06E04FF4004603E000260120089003
:10F6700000BF00BFAEB11449686A31F81000B6FB94
:10F68000F0F0696800EB5100B0FBF1F7102F06D3E2
:10F69000B7F5803F03D2B8B22968C86001E0012005
:10F6A00008900120A5F86A00A5F8680000206867A6
:10F6B000A867089809B0BDE8F08F00000044025820
:10F6C0000090D00300093D0008F7040870B5044617
:10F6D0000E46154644F8586FA5800020A0632220EE
:10F6E0006063A06A583CF8B12748241DE16FC863E5
:10F6F0002648E16F08642648E16FC8640020E16F86
:10F70000086554F8043C03F12401626DE06F241F86
:10F710002B46F6F705F838B11020C4F890002020E9
:10F72000C4F88C00012070BD206960B100BF00BF2B
:10F73000216851E8001F41F48070226842E800010E
:10F740000029F5D100BF00BF00BF2168083151E892
:10F75000001F41F001002168083141E80002002A41
:10F76000F3D100BF00BF00BF2168083151E8001F7E
:10F7700041F040002168083141E80002002AF3D13D
:10F7800000BF0020CFE7000031E90008DFE90008F2
:10F79000D3E8000830B503469965A3F85C20A3F8C8
:10F7A0005E200020586700BF9868B0F5805F0AD1DE
:10F7B000186920B940F2FF10A3F8600020E0FF2094
:10F7C000A3F860001CE0986848B9186918B9FF20D0
:10F7D000A3F8600014E07F20A3F8600010E09868B0
:10F7E000B0F1805F09D1186918B97F20A3F86000D3
:10F7F00006E03F20A3F8600002E00020A3F86000CC
:10F8000000BF0020C3F890002220C3F88C0000BF86
:10F8100000BF1C68083454E8004F44F001001C6825
:10F82000083444E80005002DF3D100BF586EB0F154
:10F83000005F2CD1B3F86800904228DC9868B0F5DE
:10F84000805F04D1186910B92548586701E0254840
:10F850005867186960B100BF00BF1C6854E8004FCA
:10F8600044F480701D6845E80004002CF5D100BF09
:10F8700000BF00BF1C68083454E8004F44F08050BB
:10F880001C68083444E80005002DF3D126E0986890
:10F89000B0F5805F04D1186910B91348586701E0CA
:10F8A00012485867186960B100BF00BF1C6854E86F
:10F8B000004F44F490701D6845E80004002CF5D119
:10F8C0000CE000BF00BF1C6854E8004F44F020006B
:10F8D0001D6845E80004002CF5D100BF002030BDB4
:10F8E00049EC000849EF000845EB000845EE000828
:10F8F00010B5D0F88820212A2AD1B0F85620CAB9EC
:10F9000000BF00BF036853E8003F23F08002046893
:10F9100044E80023002BF5D100BF00BF00BF0368FF
:10F9200053E8003F43F04002046844E80023002B02
:10F93000F5D10DE0016D0A88C2F3080203689A62EE
:10F94000026D921C0265B0F85620521EA0F8562097
:10F9500010BD30B5D0F88830212B3AD1B0F86A10FC
:10F9600034E0B0F85630E3B900BF00BF0468083493
:10F9700054E8004F24F400030468083444E80035D8
:10F98000002DF3D100BF00BF00BF046854E8004F52
:10F9900044F04003056845E80034002CF5D100BF71
:10F9A00016E00368DB6903F080036BB1026D138816
:10F9B000C3F308030468A362036D9B1C0365B0F8DE
:10F9C00056305B1EA0F856304B1E99B20029C8D1A4
:10F9D00000BF30BDD0F88810212928D1B0F85610CA
:10F9E000C9B900BF00BF026852E8002F22F08001B1
:10F9F000036843E80012002AF5D100BF00BF00BF32
:10FA0000026852E8002F42F04001036843E8001208
:10FA1000002AF5D10BE0016D097802689162016D51
:10FA2000491C0165B0F85610491EA0F856107047E1
:10FA300010B5D0F88820212A38D1B0F86A1032E009
:10FA4000B0F85620E2B900BF00BF0368083353E89E
:10FA5000003F23F400020368083343E80024002C2D
:10FA6000F3D100BF00BF00BF036853E8003F43F07D
:10FA70004002046844E80023002BF5D100BF14E0E5
:10FA80000268D26902F080025AB1026D12780368EE
:10FA90009A62026D521C0265B0F85620521EA0F800
:10FAA00056204A1E91B20029CAD100BF10BD2DE9CF
:10FAB000F04104460D4617469846069E3CE0701CF1
:10FAC000C8B3F6F711FAA0EB0800B04200D816B997
:10FAD0000320BDE8F0812068006800F0040050B306
:10FAE0002068C069C0F3C00078B1082021680862AE
:10FAF0002046FEF7B9FF0820C4F8900000BF0020A0
:10FB000084F8840000BF0120E3E72068C069C0F3E7
:10FB1000C02080B14FF40060216808622046FEF7E3
:10FB2000A3FF2020C4F8900000BF002084F88400C8
:10FB300000BF0320CDE7FFE72068C0692840A84246
:10FB400001D1012000E00020B842B8D00020C0E779
:10FB500010B50248FAF7C4FF10BD000024070024C6
:10FB600010B50248FAF7BCFF10BD0000B80700242A
:10FB70002DE9F04104460D46D4F8C87204F5307002
:10FB8000D4F8D41250F8210010B90320BDE8F08158
:10FB900004F53070D4F8D41250F8216005F00F004D
:10FBA00000EB800104F1140050F8210028B305F0A7
:10FBB0000F0000EB800104F1140050F8211005F053
:10FBC0000F0000EBC00207F13C0000EB82008068F0
:10FBD000B1FBF0F200FB121078B9002105F00F0024
:10FBE00000EB800204F1140040F8221000231A46B2
:10FBF0002946204601F034F917E00020C6F8140227
:10FC000004F53170D4F8D41250F82100006960B1C5
:10FC1000D6F8080204F53171D4F8D42251F8221034
:10FC20002A460B6906F5047198470020AEE770B5C7
:10FC300004460E4604F53070D4F8D41250F8215022
:10FC4000D4F8D41250F8210008B9032070BD314611
:10FC5000204600F059FFC5F80C02D5F8040204F55F
:10FC60003171D4F8D43251F82310CA6805F5037104
:10FC700090470020EAE7000070B504460D46304882
:10FC80000178204600F00AFE00212D48007800F09F
:10FC90000F0000EB800204F1140000EB8200C1733E
:10FCA00028480178204600F0F9FD00212548007819
:10FCB00000F00F0000EB800204F5AA7000EB820058
:10FCC000C17321480178204600F0E8FD00211E485C
:10FCD000007800F00F0000EB800204F1140000EB4C
:10FCE0008200C1731848007800F00F0000EB80021A
:10FCF00004F1140000EB8200816004F53070D4F848
:10FD0000D41250F82100C8B104F53171D4F8D422CE
:10FD100051F822104868804704F53071D4F8D42295
:10FD200051F8220001F0C8FB002104F53070D4F82E
:10FD3000D42240F822100020C4F8BC02002070BD7C
:10FD4000C3040024C4040024C504002470B5044680
:10FD500004F53070D4F8D41250F821500DB90320B6
:10FD600070BD04F53170D4F8D41250F8210098B168
:10FD700095F80002FF280FD095F8012295F80002AF
:10FD800004F53171D4F8D46251F826108B682946F5
:10FD90009847FF2085F800020020E1E701460A208D
:10FDA00008800148704700003C0400242DE9F04120
:10FDB000044682210D4800F08DFC054601210B48C8
:10FDC00000F088FC06468121084800F083FC0746C5
:10FDD0000DB11020A8710EB14020B0800FB14020AD
:10FDE000B880432020800148BDE8F08180040024D1
:10FDF0002DE9F041044682210E4800F06BFC0546D7
:10FE000001210C4800F066FC06468121094800F0FB
:10FE100061FC07460DB11020A87116B14FF40070B7
:10FE2000B08017B14FF40070B880432020800148A3
:10FE3000BDE8F081800400242DE9F04104468221D0
:10FE40000D4800F047FC054601210B4800F042FC3C
:10FE500006468121084800F03DFC07460DB1102000
:10FE6000A8710EB14020B0800FB14020B88043206F
:10FE700020800148BDE8F0818004002470B504466C
:10FE80000E464FF4077001F019FB054645B90021F5
:10FE900004F53070D4F8D42240F82210022070BD4E
:10FEA0004FF407712846F0F7E8FD04F53070D4F8F8
:10FEB000D41240F82150D4F8D41250F82100C4F8DC
:10FEC000BC02207C98BB4FF400730222504801789A
:10FED000204600F0BDFE01214D48007800F00F00E3
:10FEE00000EB800204F1140000EB8200C1734B02AE
:10FEF000022248480178204600F0AAFE0121454828
:10FF0000007800F00F0000EB800204F5AA7000EB0F
:10FF10008200C17310214048007800F00F0000EB10
:10FF2000800204F1140000EB8200816032E0FFE700
:10FF30004023022236480178204600F089FE012144
:10FF40003348007800F00F0000EB800204F1140049
:10FF500000EB8200C173402302222E480178204624
:10FF600000F076FE01212B48007800F00F0000EB36
:10FF7000800204F5AA7000EB8200C17310212648AC
:10FF8000007800F00F0000EB800204F1140000EB99
:10FF900082008160082303221F480178204600F078
:10FFA00057FE01211C48007800F00F0000EB800292
:10FFB00004F1140000EB8200C1730020C5F80402B4
:10FFC00004F53171D4F8D42251F822100868804722
:10FFD0000020C5F81402C5F81802D5F8040208B9C3
:10FFE00002205CE7207C48B94FF40073094801788F
:10FFF0002046D5F8042200F043FE07E040230548E0
:020000040801F1
:1000000001782046D5F8042200F03AFE002046E7A9
:10001000C3040024C4040024C504002470B50446AD
:1000200004F53070D4F8D41250F82150D4F8D4121A
:1000300050F8210008B9032070BD207C48B94FF466
:100040000073094801782046D5F8042200F018FE14
:1000500007E04023044801782046D5F8042200F048
:100060000FFE0020E8E70000C4040024024609B99E
:100070000320704702F53170D2F8D43240F82310D3
:100080000020F6E710B5024602F53070D2F8D442EF
:1000900050F824300BB9032010BDC3F8041200201F
:1000A000FAE730B503460C4603F53070D3F8D45266
:1000B00050F8251009B9032030BDC1F80842C1F835
:1000C00010220020F8E72DE9FC4105460C4605F515
:1000D0003070D5F8D41250F82160002001900090C3
:1000E000804616B90320BDE8FC81207800F060004E
:1000F00000283DD020287CD1E08868B3207800F02B
:100100008000B8B1E288607805F53171D5F8D4C2C5
:1001100051F82C108B6831469847E088072801D9A0
:10012000072000E0E08807463A463146284600F0BE
:10013000E5F81CE0607886F80002E088402801D2EB
:10014000E08800E0402086F8010296F8012231465E
:10015000284600F0AFF80AE0607805F53171D5F86F
:10016000D42251F8221000228B682146984747E09C
:10017000607830B1012832D00A2813D00B282FD153
:1001800021E095F89C02032805D102226946284601
:1001900000F0B4F805E02146284600F07FF84FF063
:1001A000030824E095F89C02032805D1012201A947
:1001B000284600F0A3F805E02146284600F06EF836
:1001C0004FF0030813E095F89C02032805D0214660
:1001D000284600F063F84FF0030808E009E006E065
:1001E0002146284600F05AF84FF0030800BF00BF30
:1001F00006E02146284600F051F84FF0030800BF02
:1002000000BF40466FE770B504460D460026D4F89F
:10021000B802294642682046904700B1032630467E
:1002200070BD70B504460D4694F89C02012804D0B8
:10023000022803D003280CD101E000BF00BF68886A
:10024000012805D10020C4F8A402204600F068F877
:1002500004E02946204600F021F800BF00BF70BD31
:1002600002460020704702460020704770B50646DF
:100270000C4615462B4622460021304600F000FD74
:10028000002070BD70B506460C4615462B4622462A
:100290000021304600F0E4FD002070BD70B504463A
:1002A0000D468021204600F0ABFD0021204600F0E5
:1002B000A7FD70BD70B504460E4615460320C4F870
:1002C0009402C4F854514FF4B27006514FF4AC701C
:1002D00005512B4632460021204600F0D1FC00207B
:1002E00070BD10B504460520C4F8940200231A46D8
:1002F0001946204600F0C4FC002010BD70B504462D
:100300000E4615460220C4F8940265616662A56136
:100310002B4632460021204600F0A2FD002070BD91
:1003200010B504460420C4F8940200231A46194666
:10033000204600F095FD002010BD000070B5054678
:100340000C462DB92246064906A000F02DFA04E01D
:100350002246034903A000F027FA014870BD0000BF
:10036000A02E012443444320436F6E66696700005A
:10037000024612200880014870470000FC03002458
:1003800070B505460C462DB92246064906A000F078
:100390000BFA04E02246034903A000F005FA0148E5
:1003A00070BD0000A02E012443444320496E7465B3
:1003B00072666163650000000246042008800148FF
:1003C000704700001C04002470B505460C46224608
:1003D000024903A000F0E8F9004870BDA02E0124F6
:1003E00053544D6963726F656C656374726F6E69A7
:1003F0006373000070B505460C462DB922460649C8
:1004000006A000F0D1F904E02246034903A000F061
:10041000CBF9014870BD0000A02E012453544D3388
:1004200032205669727475616C20436F6D506F7223
:100430007400000070B505460C461A202080F3F7C2
:100440000FFD014870BD00002004002470B5044673
:100450000D46E888012804D029462046FFF71EFFF4
:100460001EE094F89C02012804D0022803D003283F
:1004700010D109E000BF0020A060012204F10801B2
:100480002046FFF73BFF0AE00122211D2046FFF72F
:1004900035FF04E029462046FFF700FF00BF00BFFC
:1004A00070BDF8B504460E460020009000270025D8
:1004B00070880012062874D006DC01281BD00228A0
:1004C00021D003286ED132E007286CD00F28F9D153
:1004D000D4F8B402C06938B1207CD4F8B412CA6927
:1004E00069469047074605E031462046FFF7D6FEAD
:1004F000681CC5B2CBE0207CD4F8B4120A68694607
:1005000090470746C3E0207C40B9D4F8B802816A1E
:100510006846884707460220787007E0D4F8B8029A
:10052000C16A68468847074602207870AFE0B07815
:1005300006287AD2DFE800F00316293F5265D4F886
:10054000B402406838B1207CD4F8B4124A686946D5
:100550009047074605E031462046FFF79FFE681C9E
:10056000C5B269E0D4F8B402806838B1207CD4F810
:10057000B4128A6869469047074605E0314620462E
:10058000FFF78CFE681CC5B256E0D4F8B402C06810
:1005900050B1207CD4F8B412CA6869469047074627
:1005A00008E04BE06CE059E031462046FFF776FE6C
:1005B000681CC5B240E0D4F8B402006938B1207CB0
:1005C000D4F8B4120A6969469047074605E03146F7
:1005D0002046FFF763FE681CC5B22DE0D4F8B402D4
:1005E000406938B1207CD4F8B4124A696946904712
:1005F000074605E031462046FFF750FE681CC5B2AD
:100600001AE0D4F8B402806940B1207CD4F8B41266
:100610008A6969469047074606E006E0314620466B
:10062000FFF73CFE681CC5B206E031462046FFF7E6
:1006300035FE681CC5B200BF00BF28E0207C30B981
:10064000D4F8B802416B68468847074605E0314652
:100650002046FFF723FE681CC5B218E0207C40B995
:10066000D4F8B802016B68468847074607207870BF
:1006700005E031462046FFF711FE681CC5B206E0D2
:1006800031462046FFF70AFE681CC5B200BF00BF16
:1006900005B1F8BDF088C0B1BDF8000080B1F088A8
:1006A000BDF80010884202DDBDF8000000E0F088CF
:1006B0000090BDF8002039462046FFF71FFE07E0F6
:1006C00031462046FFF7EAFD02E02046FFF728FE0C
:1006D00000BFDEE72DE9F84105460F462C462E46C1
:1006E0004FF0000870883178884218DD307800902B
:1006F0000FE06946204600F020F80446607805289F
:1007000007D1A04698F80200B84200D106E04FF0A9
:1007100000087088BDF800108842EADC00BF40463F
:10072000BDE8F881014600200A4602E0431CD8B229
:10073000521C1378002BF9D1704710B502461046B1
:100740000B88047823440B800378981810BD70B58B
:1007500004460D4694F89C02012804D0022803D0D8
:1007600003281AD101E000BF00BFE888022804D0A6
:1007700029462046FFF792FD14E00120E060D4F8FE
:10078000A40218B1E06840F00200E060022204F127
:100790000C012046FFF7B2FD04E029462046FFF792
:1007A0007DFD00BF00BF70BD2DE9F04107460D463D
:1007B000904600240FB9BDE8F0813E463046FFF771
:1007C000B1FF022101EB4000B0F5007F01D9080222
:1007D00004E03046FFF7A6FF4000801CA8F80000A8
:1007E00098F800002855601CC4B203202855601CEE
:1007F000C4B208E030782855761C601CC4B20020D2
:100800002855601CC4B230780028F3D100BFD2E76D
:100810000146002031B1012906D0022906D0032962
:1008200008D105E0002007E0032005E0012003E0F7
:10083000032001E0032000BF00BF70472DE9F04115
:1008400004460D46164614B90320BDE8F081002089
:10085000C4F8B802C4F8C402C4F8D0020DB1C4F898
:10086000B452012084F89C022670204600F056F90C
:1008700007463846E9E72DE9F04104460D460026D3
:1008800000272946D4F8C802F6F7CBF906463046C9
:10089000FFF7BEFF07463846BDE8F0812DE9F0417D
:1008A00004460D46002600272946D4F8C802F6F76C
:1008B00083F906463046FFF7ABFF07463846BDE8EA
:1008C000F0812DE9F04705460F469146002F5AD199
:1008D00005F11404D5F8940202284AD1A189606870
:1008E000884213D9A1896068401A6060A189206993
:1008F00008442061284662682169FFF7C3FC002391
:100900001A461946284600F0BBF932E0A089616812
:10091000884217D1A1892068884213D32068D5F86E
:10092000981288420ED2002211462846FFF7AAFCF0
:100930000020C5F8980200231A461946284600F000
:100940009FF916E095F89C0203280BD1D5F8B80260
:10095000C06838B10020C5F8D402D5F8B802C16823
:10096000284688478021284600F04AFA2846FFF7A3
:10097000B8FC95F8A00250B3284600F0C8FA002051
:1009800085F8A00223E047F080012846FFF768FCC5
:100990000646FF2E1BD0D6B995F89C02032816D127
:1009A00005F52E7050F82600406980B1C5F8D46274
:1009B00005F52E7050F826003946426928469047C2
:1009C0008046B8F1000F02D04046BDE8F087002015
:1009D000FBE72DE9F04705460F4691464FF000082A
:1009E000002F55D105F5AA76D5F89402032873D1C6
:1009F000B1897068884214D9B1897068401A7060F2
:100A0000B189306908443061B3897068984201D96E
:100A1000706800E0B089024628463169FFF726FC7D
:100A20005AE095F8AA0200F01F0020B1012804D076
:100A3000022812D109E0002411E040F2AE20415D0D
:100A40002846FFF710FC044609E040F2AE20415D65
:100A50002846FFF705FC044601E0002400BF00BF64
:100A600094B995F89C0203280ED105F52E7050F824
:100A70002400006940B1C5F8D44205F52E7050F845
:100A800024000169284688472846FFF749FC23E0EF
:100A900007F07F012846FFF7E3FB0446FF2C1BD03D
:100AA000D4B995F89C02032810D105F52E7050F8A2
:100AB0002400806950B1C5F8D44205F52E7050F875
:100AC000240039468269284690478046B8F1000FD5
:100AD00002D04046BDE8F0870020FBE70146002039
:100AE000704770B504460025012084F89C02D4F8B4
:100AF000B80238B12179D4F8B8024268204690474C
:100B000000B10325284670BD70B504460D46294640
:100B1000D4F8C802F6F7C3F870BD000010B504465B
:100B2000207800282AD11648C0F80845C4F8C80221
:100B300014481349086009204860022110480161E7
:100B40000021C160022181610021C1610162416215
:100B50008162C1620163F6F718FD08B1F2F75CFE2D
:100B600080210748F5F7ADFF402200210448F5F742
:100B7000ADFF802201210248F5F7A8FF002010BD3B
:100B8000A03001240000084010B50246D2F8C83257
:100B900001F08000802809D101F07F0000EBC00443
:100BA00003F13C0000EB8400807810BD01F07F0071
:100BB00000EBC00403F51F7000EB84008078F4E7BD
:100BC00070B504460D4604F52E70D4F8D41250F8D2
:100BD000210008B9032070BD94F89C02032811D1AC
:100BE00004F52E70D4F8D41250F82100006A48B1F0
:100BF00004F52E70D4F8D41250F821002946026A68
:100C0000204690470020E6E770B504460D4604F5FF
:100C10002E70D4F8D41250F8210008B9032070BD0A
:100C200094F89C02032811D104F52E70D4F8D41244
:100C300050F82100406A48B104F52E70D4F8D4125F
:100C400050F821002946426A204690470020E6E7F6
:100C50002DE9F04704460F4615461E464FF00008A2
:100C6000C1462B4632463946D4F8C802F6F722F878
:100C700080464046FFF7CCFD81464846BDE8F087F8
:100C80002DE9F04704460D4616461F464FF0000872
:100C9000C1463B4632462946D4F8C802F6F750F81A
:100CA00080464046FFF7B4FD81464846BDE8F087E0
:100CB00070B504460025012084F89C020020C4F889
:100CC00094026060C4F8A40284F8A002D4F8B802C8
:100CD00058B1D4F8B802406838B12179D4F8B802D4
:100CE00042682046904700B1032540230022114668
:100CF0002046FFF7ADFF012140F26310015540216E
:100D0000C01E01534023002280212046FFF7A0FF90
:100D100001212320015540212184284670BD014630
:100D200091F89C02042803D191F89D0281F89C025D
:100D30000020704710B5044694F89C0203280BD19C
:100D4000D4F8B80240B1D4F8B802C06920B1D4F8E0
:100D5000B802C16920468847002010BD02461174C0
:100D6000002070472DE9F04104460D46002600277B
:100D70002946D4F8C802F6F751FD06463046FFF77B
:100D800047FD07463846BDE8F08170B504460D467C
:100D9000294604F2AA2000F07BF80120C4F894024E
:100DA0004FF42C70005BC4F8980294F8AA0200F08B
:100DB0001F0020B1012809D0022815D10DE004F24E
:100DC000AA21204600F088F9064616E004F2AA217E
:100DD000204600F01AFB06460FE004F2AA21204646
:100DE00000F0D1F9064608E094F8AA0200F080016C
:100DF000204600F005F8064600BF00BF304670BD33
:100E00002DE9F04104460D46002600272946D4F876
:100E1000C802F5F7B8FF06463046FFF7F9FC07466B
:100E20003846BDE8F08170B5044600250026D4F8A8
:100E3000C802F6F717FD05462846FFF7E9FC064607
:100E4000304670BD014691F89C02042803D091F809
:100E50009C0281F89D02042081F89C0200207047CA
:100E60002DE9F04704460D4616461F464FF0000890
:100E7000C1463B4632462946D4F8C802F5F7C8FFBA
:100E800080464046FFF7C4FC81464846BDE8F087EF
:100E900070B505460E46344620782870641C2078CC
:100EA0006870641C2046FCF7B4FD6880641C641CF8
:100EB0002046FCF7AEFDA880641C641C2046FCF7AD
:100EC000A8FDE88070BD38B504460D4600200090AE
:100ED0000DB9032038BDC4F8B85204F52E70D4F80B
:100EE000D41250F82100C06A50B104F52E70D4F825
:100EF000D42250F82200C16A68468847C4F8D0025C
:100F0000D4F8D802401CC4F8D8020020E2E7014619
:100F10000020704770B504460D46A88810BBE888CD
:100F200000BB688880281DD2A87800F07F0694F85E
:100F30009C02032804D129462046FFF7AFF915E0AB
:100F400084F89E6231462046FFF70CFF2046FFF7EB
:100F5000E7F91EB1022084F89C0207E0012084F822
:100F60009C0203E029462046FFF798F970BD70B552
:100F700004460D460026D4F8B80230B1D4F8B802C1
:100F800029460268204690470646304670BD00005C
:100F900070B504460E460025B0783D4908700846F5
:100FA0000078012805D931462046FFF777F903205C
:100FB00070BD94F89C02022802D0032859D11FE08A
:100FC00033480078C0B1324800786060304801781A
:100FD0002046FFF7CCFF05463DB131462046FFF7DE
:100FE0005DF9022084F89C0209E02046FFF798F999
:100FF000032084F89C0202E02046FFF791F943E0C9
:101000002348007870B9022084F89C0220480078B8
:1010100060601F4801782046FFF7F5F82046FFF78B
:101020007FF925E01A490978606888421DD0217946
:101030002046FFF7E8F81648007860601448017809
:101040002046FFF794FF05465DB131462046FFF785
:1010500025F921792046FFF7D6F8022084F89C0272
:1010600006E02046FFF75CF902E02046FFF758F95A
:101070000AE031462046FFF711F90548017820467D
:10108000FFF7C1F8032500BF00BF284690E7000026
:10109000C604002470B505460C466088012805D1B9
:1010A000C5F8A4022846FFF73BF90EE06088022845
:1010B00007D1A088001285F8A0022846FFF730F972
:1010C00003E021462846FFF7E9F870BD10B5044655
:1010D0002046FFF7A8FE10BD70B504460D46002659
:1010E000287800F0600088B1202802D0402842D142
:1010F00000E000BF04F52E70D4F8D41250F821009F
:101100002946826820469047064639E068780A28D2
:101110002AD2DFE800F01A24291F290A0529150F11
:1011200029462046FFF7BDF923E029462046FFF770
:10113000F1FE1EE029462046FFF72AFF064618E08A
:1011400029462046FFF782F913E029462046FFF79B
:10115000FEFA0EE029462046FFF79CFF09E02946EB
:101160002046FFF75EF804E029462046FFF796F890
:1011700000BF00BF04E029462046FFF78FF800BFFC
:1011800000BF304670BD2DE9F04705460F464FF0D1
:1011900000093C79387800F06000F8B1202802D0CE
:1011A00040287DD100E000BF21462846FFF758F8CF
:1011B0000646FF2E11D086B9C5F8D46205F52E700B
:1011C00050F82600806840B105F52E7050F82600D2
:1011D0003946826828469047814612E1787800288F
:1011E0007AD001282FD003286ED195F89C020228CE
:1011F00002D0032820D110E054B1802C08D0214621
:101200002846FFF7FDFD80212846FFF7F9FD03E0A2
:1012100039462846FFF742F813E0788840B93CB1D8
:10122000802C05D0F88818B921462846FFF7E8FD3C
:101230002846FFF775F804E039462846FFF72EF8F0
:1012400000BF00BFD6E095F89C02022802D0032818
:101250003BD110E054B1802C08D021462846FFF73E
:10126000CFFD80212846FFF7CBFD03E03946284615
:10127000FFF714F82EE0788820BB04F07F0018B147
:1012800021462846FFF7F7FA2846FFF749F8214696
:101290002846FEF7E5FF0646FF2E13D096B900E07C
:1012A000AAE0C5F8D46205F52E7050F826008068D3
:1012B00040B105F52E7050F8260039468268284660
:1012C0009047814606E007E08FE039462846FEF762
:1012D000E5FF00BF00BF8DE095F89C02022802D018
:1012E00003287BD127E034B1802C04D0394628462E
:1012F000FEF7D4FF77E004F08000802808D104F0E6
:101300007F0000EB800105F1140000EB810007E095
:1013100004F07F0000EB800105F5AA7000EB81006E
:101320008046002088F80E00022208F10E012846AF
:10133000FEF7E4FF57E004F0800080280ED104F0AF
:101340000F0000EB800105F1140000EB8100C07B71
:1013500098B939462846FEF7A1FF44E004F00F0093
:1013600000EB800105F5AA7000EB8100C07B20B97D
:1013700039462846FEF792FF35E004F080008028C9
:1013800008D104F07F0000EB800105F1140000EBB0
:10139000810007E004F07F0000EB800105F5AA70F2
:1013A00000EB810080460CB1802C03D1002088F82E
:1013B0000E000CE021462846FFF7E6FB20B1012095
:1013C00088F80E0003E009E0002088F80E000222F1
:1013D00008F10E012846FEF791FF04E03946284641
:1013E000FEF75CFF00BF00BF04E039462846FEF769
:1013F00055FF00BF00BF04E039462846FEF74EFF08
:1014000000BF00BF4846BDE8F0872DE9F041054622
:101410000E460027307800F0600030B1202802D05E
:10142000402840D100E000BF00BF95F89C02012891
:1014300004D0022803D003282ED101E000BF00BF52
:101440003079012823D831792846FEF70CFF04466D
:10145000FF2C14D09CB905F52E7050F8240080683C
:1014600058B1C5F8D44205F52E7050F82400314625
:10147000826828469047074602E0032700E00327DA
:10148000F08840B93FB92846FEF74AFF03E03146ED
:101490002846FEF703FF04E031462846FEF7FEFE2D
:1014A00000BF00BF04E031462846FEF7F7FE00BF4C
:1014B00000BF3846BDE8F081704700000146014892
:1014C00070470000AC35012470B504460B46224637
:1014D0001978587801282CD140F61C0080581D78C6
:1014E00005F00F060125B540ADB2284340F61C05B6
:1014F000A85002F5106000EB4110006800F40040B5
:10150000F0BB1889C0F30A001D7940EA854040EA23
:10151000815040F0805040F4004002F5106505EB2A
:1015200041152D68284302F5106505EB411528602B
:101530002DE040F61C0080581D7805F00F060125AF
:10154000B540144E06EA0545284340F61C05A85050
:1015500002F5306000EB4110006800F4004078B9FB
:101560001889C0F30A001D7940EA854040F0805098
:1015700040F4004002F5306505EB41152D6800E0B0
:1015800005E0284302F5306505EB41152860002091
:1015900070BD00000000FFFF01460A464FF41060D6
:1015A0008058C30ADB024FF41060835040F60400F9
:1015B000805840F4807340F6040083500020704748
:1015C0000FB470B504460A98012817D1A06B20F417
:1015D0008030A063E0681E490840E060E06820F4C5
:1015E0004010E0601198012803D1E06840F48010B9
:1015F000E060204600F030F8054612E0E06840F078
:101600004000E060204600F027F805460E9820B91B
:10161000A06B40F48030A06303E0A06B20F4803026
:10162000A063079801280ED1E06D80B2E065E06DFF
:1016300008490843E065A06840F00600A060A06883
:1016400040F02000A060284670BC5DF814FB00004C
:10165000BFFFBDFF0000EE0308B50146002000906B
:1016600000BF0098401C0090104A0098904201D999
:10167000032008BD086900F000400028F1D00020D8
:101680000090086940F00100086100BF0098401C0C
:101690000090064A0098904201D90320E9E70869C2
:1016A00000F001000028F1D100BFE2E7400D030087
:1016B00070B504460B46224619785878012848D15F
:1016C00002F5106000EB4110006800F00040B0F13E
:1016D000004F17D102F5106000EB4110006840F098
:1016E000006502F5106000EB4110056002F5106026
:1016F00000EB4110006840F0804502F5106000EBFF
:101700004110056040F63C0080581D7805F00F063A
:101710000125B540ADB2A84340F63C05A85040F6BF
:101720001C0080581D7805F00F060125B540ADB2AC
:10173000A84340F61C05A85002F5106000EB4110CC
:1017400000682B4D284002F5106505EB4115286017
:101750004BE002F5306000EB4110006800F0004003
:10176000B0F1004F17D102F5306000EB4110006876
:1017700040F0006502F5306000EB4110056002F5B5
:10178000306000EB4110006840F0804502F53060A9
:1017900000EB4110056040F63C0080581D7805F0D4
:1017A0000F060125B540134E06EA0545A84340F64D
:1017B0003C05A85040F61C008558187800F00F062C
:1017C0000120B0400B4E06EA0040854340F61C0065
:1017D000855002F5306000EB41100068064D28404E
:1017E00002F5306505EB41152860002070BD000052
:1017F000007833EC0000FFFF0078F3EF01460A4663
:10180000D2F8000E20F00300C2F8000E40F60400EB
:10181000805820F0020340F60400835000207047F7
:1018200001460A46D2F8000E20F00300C2F8000E6E
:1018300040F60400805840F0020340F60400835054
:10184000002070470FB4F0B5064600273546002447
:1018500005E0002106F5827040F82410641C0F2C6E
:10186000F7D31098A0B940F60400405940F00201A7
:1018700040F604004151B06B20F40010B0633068B2
:1018800040F040003060306840F08000306003E09D
:10189000B06B40F40010B0630020C5F8000ED5F81E
:1018A0000008C5F800080B9801280BD1099820B949
:1018B0000021304600F074FD08E00121304600F0C0
:1018C0006FFD03E00321304600F06AFD1021304631
:1018D00000F0FAFB00B10127304600F0CBFB00B16D
:1018E000012700214FF401604151001D415140F694
:1018F0001C00415100242EE005F5106000EB44105F
:10190000006800F00040B0F1004F10D13CB94FF03A
:10191000006105F5106000EB441001600DE04FF030
:10192000904105F5106000EB4410016005E00021D6
:1019300005F5106000EB44100160002105F5106012
:1019400000EB441001614FF67F3105F5106000EBAC
:1019500044108160641C0698A042CDD800242EE07B
:1019600005F5306000EB4410006800F00040B0F175
:10197000004F10D13CB94FF0006105F5306000EB2D
:10198000441001600DE04FF0904105F5306000EB30
:101990004410016005E0002105F5306000EB4410C3
:1019A0000160002105F5306000EB441001614FF645
:1019B0007F3105F5306000EB44108160641C0698AF
:1019C000A042CDD84FF40160405920F480714FF40B
:1019D000016041510020B0616FF080407061089853
:1019E00018B9B06940F01000B061B0690949084306
:1019F000B0610C9818B1B06940F00800B06110985F
:101A0000012803D1B06904490843B0613846F0BCED
:101A10005DF814FB00383C800400004001468868F3
:101A200020F00100886000207047000070B5034678
:101A30000C4619461D6C1848854209D94FF4306090
:101A4000405800F00040B0F1004F01D1002070BDBF
:101A50000026C1F8106BD1F8100B40F40026C1F835
:101A6000106BD1F8100B40F01806C1F8106BD1F8CC
:101A7000100B40F0C046C1F8106B012C09D1C1F821
:101A8000142B4FF43060405840F080264FF4306003
:101A900046500020DBE700000A30544F30B50446C2
:101AA0000B4622461978587801281ED102F510609D
:101AB00000EB4110006820F4001502F5106000EB07
:101AC000411005601879032802D0187902282AD11C
:101AD00002F5106000EB4110006840F0805502F5FF
:101AE000106000EB411005601DE002F5306000EB76
:101AF0004110006820F4001502F5306000EB411041
:101B000005601879032802D0187902280BD102F554
:101B1000306000EB4110006840F0805502F5306005
:101B200000EB41100560002030BD30B504460B4687
:101B3000224619785878012821D102F5106000EB6F
:101B40004110006800F0004060B959B102F5106022
:101B500000EB4110006820F0804502F5106000EBBA
:101B60004110056002F5106000EB4110006840F480
:101B7000001502F5106000EB4110056020E002F551
:101B8000306000EB4110006800F0004060B959B1CE
:101B900002F5306000EB4110006820F0804502F54E
:101BA000306000EB4110056002F5306000EB411041
:101BB000006840F4001502F5306000EB411005604C
:101BC000002030BD2DE9F84381460E4617464D46AC
:101BD0003478707801287DD1306920BB05F510601C
:101BE00000EB44100069E349084005F5106101EB82
:101BF0004411086105F5106000EB4410006940F4E1
:101C0000002105F5106000EB4410016105F510603E
:101C100000EB44100069C10CC90405F5106000EB2D
:101C2000441001616BE005F5106000EB44100069A1
:101C3000C10CC90405F5106000EB4410016105F505
:101C4000106000EB44100069CA49084005F51061B6
:101C500001EB4411086194B9B1683069884201D937
:101C6000B068306105F5106000EB4410006940F485
:101C7000002105F5106000EB4410016114E0B1682B
:101C800030690844401EB0FBF1F0BA49C94301EA8B
:101C9000C04005F5106101EB44110969084305F5E1
:101CA000106101EB4411086105F5106000EB441070
:101CB00000693169C1F31201084305F5106101EBB8
:101CC000441108613079012819D105F5106000EB45
:101CD000441000E093E0006920F0C04105F5106079
:101CE00000EB4410016105F5106000EB4410006941
:101CF00040F0005105F5106000EB44100161012F28
:101D000036D1F06928B105F5106000EB4410F16997
:101D10004161307901281ED140F60800405900F495
:101D2000807060B905F5106000EB4410006840F069
:101D3000005105F5106000EB441001600BE005F563
:101D4000106000EB4410006840F0805105F5106011
:101D500000EB4410016005F5106000EB44100068D2
:101D600040F0044105F5106000EB44100160FEE016
:101D700005F5106000EB4410006840F0044105F5E3
:101D8000106000EB44100160307901280FD03069F9
:101D90000028ECD040F634004059317801F00F02B1
:101DA00001219140084340F634014851DFE040F6FC
:101DB0000800405900F4807060B905F5106000EB30
:101DC0004410006840F0005105F5106000EB44102D
:101DD00001600BE005F5106000EB4410006840F076
:101DE000805105F5106000EB441001600097308AC7
:101DF00083B232784846F16800F050FBB7E005F551
:101E0000306000EB44100069C10CC90405F5306076
:101E100000EB4410016105F5306000EB44100069EF
:101E20005449084005F5306101EB4411086104BBD9
:101E3000306908B1B0683061B068306205F5306073
:101E400000EB44100069316AC1F31201084305F543
:101E5000306101EB4411086105F5306000EB44107E
:101E6000006940F4002105F5306000EB4410016189
:101E700045E03069D0B905F5306000EB44100069E9
:101E8000B168C1F31201084305F5306101EB44115B
:101E9000086105F5306000EB4410006940F4002152
:101EA00005F5306000EB4410016128E0B16830694D
:101EB0000844401EB0FBF1F01FFA80F8B06800FB48
:101EC00008F0306205F5306000EB441000692949E4
:101ED000C94301EAC841084305F5306101EB4411EB
:101EE000086105F5306000EB44100069316AC1F308
:101EF0001201084305F5306101EB44110861012F1F
:101F000007D1F06828B105F5306000EB4410F168A6
:101F10004161307901281ED140F60800405900F493
:101F2000807060B905F5306000EB4410006840F047
:101F3000005105F5306000EB441001600BE005F541
:101F4000306000EB4410006840F0805105F53060CF
:101F500000EB4410016005F5306000EB44100068B0
:101F600040F0044105F5306000EB441001600020B2
:101F7000BDE8F883FFFF07E078B50346002400942E
:101F800000201A464C78012C35D10C7802F51065EA
:101F900005EB4414246804F00044B4F1004F60D110
:101FA0000C7805EB4414246844F000660C7805EBCB
:101FB000441426600C7805EB4414246844F08046F1
:101FC0000C7805EB4414266000BF009C641C009450
:101FD00042F21075009CAC4201D901200AE00C7855
:101FE00002F5106505EB4414246804F00044B4F1D4
:101FF000004FEAD035E00C7802F5306505EB44146B
:10200000246804F00044B4F1004F2AD10C7805EBA9
:102010004414246844F000660C7805EB44142660F0
:102020000C7805EB4414246844F080460C7805EBEA
:102030004414266000BF009C641C009442F210759A
:10204000009CAC4201D901200AE00C7802F5306511
:1020500005EB4414246804F00044B4F1004FEAD0C6
:1020600000BF78BD0146886840F00100886000200C
:102070007047000008B501460020009000BF00989E
:10208000401C00900F4A0098904201D9032008BDDF
:10209000086900F000400028F1D0002000901020D6
:1020A000086100BF0098401C0090064A00989042CA
:1020B00001D90320EBE7086900F010001028F1D0E7
:1020C0000020E4E7400D030008B502460020009020
:1020D00000BF0098401C0090104B0098984201D916
:1020E000032008BD106900F000400028F1D0002056
:1020F0000090202040EA8110106100BF0098401C31
:102100000090064B0098984201D90320E9E7106936
:1021100000F020002028F1D00020E2E7400D03006D
:10212000024890ED000AD0ED010A7047B803002480
:1021300010B501460B4640F60804E45804F00602C8
:102140000AB9002006E0022A01D0062A01D10220A5
:1021500000E00F2010BD0146486900F00100704703
:10216000002009490870094800210160416001818F
:1021700081729FED070A074880ED000A9FED040A6F
:1021800080ED010A70470000B4030024B81B01244D
:1021900000000000B803002470B500B101B970BDA3
:1021A00000223AE0835C1F4C247814B9AA2B0AD091
:1021B00031E01C4C2478012C05D1552B03D0002490
:1021C000184D2C7027E0174C25782478641C154E88
:1021D0003470154C6355344624780B2C1AD10024E6
:1021E00034700025022404E00F4E365D7540661CF5
:1021F000F4B20A2CF8DB0C4CA47AAC4200D00AE012
:102200000A4C094ED6F802602660074ED6F80660E2
:10221000666000BF00BF531C9AB28A42C2DB00BF97
:10222000BDE70000B4030024B81B0124B803002458
:1022300001460B4640F61800C258001DC058024027
:1022400090B2704701460B4640F61800C258001D78
:10225000C0580240100C704770B5024613464FF448
:102260000166F45840F63406F55801F00F0625FAD9
:1022700006F606F0010644EAC61403F5106606EBFE
:102280004116B66806EA040070BD10B50246134652
:1022900003F5306404EB4114A06840F61404E458DC
:1022A000204010BD014648698A69104070472DE9F9
:1022B000F04104460D46274628464FEA920C02F0AC
:1022C000030300210AE04FF4805858F80780C0F853
:1022D0000080401C401C401C401C491C6145F2D33E
:1022E0009BB100214FF4805858F8076000BF4FEAB7
:1022F000C10826FA08F880F80080491C401CA3F1A8
:1023000001081FFA88F3002BF1D1BDE8F08170B508
:1023100004460E460025E06820F0C040E060012E33
:1023200010D1E06840F00050E06000BF0120F3F7FA
:10233000E7FB6D1C2046FFF70EFF012815D0322D5C
:10234000F4D312E07EB9E06840F08040E06000BF66
:102350000120F3F7D5FB6D1C2046FFF7FCFE20B1F2
:10236000322DF5D301E0012070BD322D01D10120C5
:10237000FAE70020F8E710B502460B461146D1F8FF
:10238000000820F4FE60C1F80008D1F800084FF4FE
:10239000FE6404EA03142043C1F80008002010BDC5
:1023A00002461346D3F800080843C3F8000800208B
:1023B0007047000030B503461446022C49D12D4821
:1023C000814204D32C48814201D20F2245E02A48A1
:1023D000814204D32948814201D20E223DE02748A0
:1023E000814204D32648814201D20D2235E024489F
:1023F000814204D32348814201D20C222DE021489E
:10240000814204D32048814201D20B2225E01E489C
:10241000814204D31D48814201D20A221DE01B489B
:10242000814204D31A48814201D2092215E018489A
:10243000814204D31748814201D208220DE0154899
:10244000814204D31448814201D2072205E00622CA
:1024500003E00CB9092200E00922D86820F470508A
:10246000D860D8684FF4705505EA82252843D860B3
:10247000002030BDC0ACD800C0E1E4000024F4006E
:1024800080730601A0491A01002D310140A44C01BE
:1024900000366E0120ABA6010048E8012DE9F043AB
:1024A00004460D461E46DDF81CC0A0462946BCF178
:1024B000000F12D1F01C870800230CE0D1F8009027
:1024C00008F5805000EB0230C0F80090491C491C10
:1024D000491C491C5B1CBB42F0D30020BDE8F083C3
:1024E00000BFFEE703B401984100009850EAC12004
:1024F00018BF04204A0D18BF40F0010040F2FF72DF
:10250000B2EB515F08BF40F00200012808BF052070
:1025100002B070474100080218BF04200A0E18BF1D
:1025200040F001004FF07F4232EA010108BF40F065
:102530000200012808BF052070470000024800681B
:10254000C0F30220704700000CED00E010B5002839
:1025500004DB0A07130E054A135406E00A07140E9B
:10256000034A00F00F031B1FD45410BD00E400E029
:1025700018ED00E0EFF30580704700000000000058
:1025800030B52DED068B81B0B0EE409B6A4651EC24
:10259000190B0FF081FDB7EEC98B00989FED2AABA8
:1025A0007E30009000281BDCB4EE4A9BF1EE10FA5E
:1025B00016D0002140F608004FF0000040F6080158
:1025C000014040F608004FF000009FED210AB4EEF4
:1025D000408AF1EE10FA04BF0220EEF7B6FA2AE0C4
:1025E000FF2828DB002108464FF00000B4EEC9ABFD
:1025F00000F44005F1EE10FA94BF012400240220FB
:10260000EEF7A3FA9FED138A4DB1002C0CBF4FF4E7
:1026100000004FF48000A84218BF9FED0F8A0421EC
:1026200008464FF00000002C01BFB1EE480A01B08F
:10263000BDEC068B30BDB0EE480A01B0BDEC068B98
:1026400030BD00000000000000000000000000009D
:10265000000000000000807FFFFF7F7F000000007F
:1026600070B565482DED020B2DED048B059D25F011
:102670000044A04218DC6148844202DC0AD104987C
:1026800040B19DED040BBDEC048B02B0BDE8704081
:1026900000F03ABF002DCCBF9FED590B9FED5A0BB8
:1026A000BDEC048B02B070BD5948A04215DD5948FD
:1026B000A042D8BF4FF0FF3455DD9DED040B51EC27
:1026C000100BFFF70FFF042808BF00F03DFF9DED42
:1026D000040BBDEC048B02B070BD9DED040B51ECFE
:1026E000100B0EF06BFBCDE904014B489FED4C0B3A
:1026F000A0421CDD4C48A0420BDD9DED042B0024C4
:102700009FED4B1B12EE010B32EE011B80EE012BF5
:1027100027E09DED041B9DED042B012431EE401BB1
:1027200032EE000B81EE002B8DED042B1BE04248B6
:10273000A0420FDD9DED042B02249FED411B9DED7A
:10274000043B32EE412B03EE010B82EE001B8DEDBC
:10275000041B08E09DED040B9FED3B1B032481EE61
:10276000002B8DED042B9DED040B3948062120EE46
:10277000009B29EE098BB0EE480B784400F038FE40
:1027800020EE099B3348B0EE480B0521784400F059
:102790002FFE20EE080B002C0BDA9DED042B39EEFA
:1027A000001B9DED040BBDEC048B02B002EE410B4F
:1027B00070BD2948784439EE000B00EBC4009DED54
:1027C000042B90ED001B254812EE001B9DED040B21
:1027D00031EE400B784400EBC400002D90ED001B5F
:1027E00031EE400BB8BFB1EE400BBDEC048B02B034
:1027F00070BD000000000000000010440000F07FE9
:10280000182D4454FB21F93F182D4454FB21F9BFE6
:102810000000DC3F0000203E0000F33F000000000D
:10282000000000000000F03F0000E63F0000000054
:102830000000000000000040008003400000000095
:10284000000000000000F83F000000000000F0BFA2
:1028500002270400C8260400802604004026040045
:1028600070B5614E2DED040B2DED048B82B0DDF8BB
:1028700024C0DDE907235C422CF000411C4341EAFF
:10288000D474069D22F00040B44205D86C422C431B
:1028900040EAD474B4420BD99DED081B9DED060BA4
:1028A00002B0BDEC048B04B0BDE8704000F02FBE58
:1028B000ACF14054A4F17F641C430BD0022404EA21
:1028C000AC7444EAD27405439FED498B9FED4A2BCB
:1028D0000DD016E09DED060B51EC100B04F014F832
:1028E00041EC100B02B0BDEC048B04B070BD002CA9
:1028F00014BF012C9DED060BF4D0022C2ED0032C1E
:102900002FD00B439FED3E1B9FED3F0B0AD0B142F2
:102910001DD1B04209D121F0804120F080400991C1
:10292000079014E0002ADDDA15E0394B7B44002CD7
:1029300008BF93ED000BD5D0012C04BF93ED000B25
:10294000B1EE400BCED0022C08D0032C09D0B042FF
:102950000AD1002AC6DAB0EE410BC3E7B0EE480B4D
:10296000C0E7B0EE420BBDE7401A00159FED2A9B71
:102970003C28C8BF8DED000B15DCBCF1000FBCBFBF
:1029800010F13C0F8DED009B0DDB9DED061B9DEDC9
:10299000082B81EE020B51EC100B0EF00FFA03F036
:1029A000B3FFCDE9000194B1012C0CD09DED001BCB
:1029B0009FED1B0B022C31EE400B0CBF38EE400B91
:1029C00030EE480B8EE7019880F0004001909DEDBD
:1029D000000BB4EE490BF1EE10FA04BF0220EEF743
:1029E000B4F89DED000B7DE70000F07F00000000D3
:1029F000182D4454FB210940182D4454FB2109C0D3
:102A0000182D4454FB21F9BF182D4454FB21F93FE4
:102A1000B0250400000000000000000000000000DD
:102A2000075C143326A6A13C30B583B00446EEF70C
:102A300087F89FED090B05468DED000B002221461E
:102A40006846EEF7A1FC2846EEF77FF89DED000BF7
:102A500003B030BD000000000000000000000000D6
:102A600010B529499FED261B2DED020B84B005986A
:102A700020F000408842D8BF9DED040B2DDD234996
:102A8000884209D1049840B94FF00100EEF75DF893
:102A900000F042FD06B010BD05DB9DED040B30EEED
:102AA000000B06B010BD68469DED040B00F0A8FABF
:102AB00010F0030004BF9DED021B9DED000B0CD038
:102AC00001280ED09DED021B9DED000B022810D0B9
:102AD000012000F0C5FC06B010BD00F019FC06B0E6
:102AE00010BD9DED021B9DED000B012000F0B8FC18
:102AF00001E000F00DFC06B0B1EE400B10BD00008F
:102B00000000000000000000FB21E93F0000F07F12
:102B100010EE101A08B5434A6846B2EB410F26D9A9
:102B20004FF0E640B0EB410F94BF00204FF0FF3074
:102B300000900098DFED3C0A002860DB10F0010FE8
:102B400046D060EE000ADFED391A9FED391A10F019
:102B5000020F00EEE11ADFED371A40EE811A21EE86
:102B6000A01AF0EE400A40EE010A2ED041E0324BAE
:102B700021F0004293423FD911F0004FDFED2F0AC0
:102B800020EE201ADFED2E0A19BF31EE601A71EE29
:102B9000200A31EE201A71EE600ABDEEE01A11EE45
:102BA000100A9FED281A00F0030000EEC10A9FED05
:102BB000261A009000EEC10A9FED241A00EEC10A09
:102BC0009FED231A00EEC10AB3E7F1EE600A10E0B0
:102BD00020EE000A9FED1F1ADFED1F1A10F0020F02
:102BE00040EE011A9FED1D1A00EE211A40EE010A77
:102BF000EBD1B0EE600A08BD00F0D0FC99E710EE12
:102C0000100A4000B0F17F4FF3D307D14FF001001D
:102C1000EDF79BFFBDE8084000F0A6BCBDE808400A
:102C200000F09EBCB61F927E0000803F336D4C3991
:102C3000DA82083CA0AA2ABE490E494683F9223FFF
:102C40000000004B0000C93F00A0FD390020A23366
:102C50001A61342CB93AB2BACA9F2A3DDDFFFFBED1
:102C60002DED020B9FED340BDDE90010C0F30A528D
:102C70009FED331BA2F2FF32142A2DDA9DED002BBB
:102C80009FED2D0B002A32EE000B10DAB4EEC01BC4
:102C9000F1EE10FA49D20028A4BF0020014644DA20
:102CA00020F000420A4318BF27483ED012E0274BCD
:102CB000D34000EA030C5CEA010C17D0B4EEC01B51
:102CC000F1EE10FA31D2002803DA4FF48011D1402E
:102CD00008449843002128E0332A07DCA2F11403BA
:102CE0004FF0FF3C2CFA03F3194203D19DED000B8A
:102CF00002B070479DED002B30EE420BB4EEC01BCE
:102D0000F1EE10FA11D200280EDA142A08BF401C86
:102D10000AD0C2F134024FF0010C0CFA02F20A445C
:102D20008A4238BF401C11469943CDE900109DED01
:102D3000000B02B0704700009C7500883CE4377EB1
:102D400000000000000000000000F0BFFFFF0F00C7
:102D500010B529499FED261B2DED020B84B0059877
:102D600020F000408842DCBF00209DED040B2EDDEA
:102D70002249884209D1049840B94FF00100EDF78B
:102D8000E4FE00F0C9FB06B010BD05DB9DED040BB1
:102D900030EE000B06B010BD68469DED040B00F050
:102DA0002FF910F003000DD0012814D09DED021B67
:102DB0009DED000B022816D000F0AAFA06B0B1EE85
:102DC000400B10BD9DED021B9DED000B012000F09E
:102DD00047FB06B010BD9DED021B9DED000B00F002
:102DE00097FA06B010BD012000F03AFBE6E70000BC
:102DF0000000000000000000FB21E93F0000F07F20
:102E000000B510EE101A2DED028B81B0524A6846C3
:102E1000B2EB410F2ED94FF0E640B0EB410F94BF1B
:102E200000204FF0FF3000900098B0EE408A00285C
:102E30006ADB10F0010F4BD068EE080A9FED471ACD
:102E40009FED470A00EE810A9FED461A00EE801AB8
:102E50009FED450A10F0020F00EE810A02BF01B09B
:102E6000BDEC028B00BD00BF01B0B1EE400ABDEC6D
:102E7000028B00BD3D4B21F00042934241D911F03D
:102E8000004FDFED3B0A20EE201ADFED3A0A19BFB2
:102E900031EE601A71EE200A31EE201A71EE600AEE
:102EA000BDEEE01A11EE100A9FED331A00F0030098
:102EB00000EEC10A9FED311A009000EEC10A9FEDAD
:102EC000301A00EEC10A9FED2F1A00EEC10AABE7DF
:102ED00028EE080A9FED2C1ADFED2C0A10F0020FE5
:102EE00040EE410A9FED2A1A00EE201A61EE000A18
:102EF000B0EE480A08EE200AB6D101B0BDEC028B54
:102F000000BD00F04BFB8FE718EE100A4000B0F157
:102F10007F4F0DD218EE100AFFF7FCFA042808BF05
:102F200000F02AFBB0EE480A01B0BDEC028B00BDF8
:102F300009D10120EDF709FE01B0BDEC028B5DF86F
:102F400004EB00F011BB01B0B0EE480ABDEC028BFF
:102F50005DF804EB00F004BBB61F927EB93AB2BA3A
:102F6000CA9F2A3DDDFFFFBE0000803F490E494653
:102F700083F9223F0000004B0000C93F00A0FD394B
:102F80000020A2331A61342C336D4C39DA82083CAC
:102F9000A0AA2ABE00B52DED028BB1EEC08B83B086
:102FA00018EE100A18EE901A8DED008B002818BF4D
:102FB0000120084320F00040C0F17F6000F1E040B4
:102FC000C00F14D010EE101A10EE900A8DED000B09
:102FD000002918BF0121084320F00040C0F17F60A4
:102FE00000F1E040C00F04BF0120EDF7AEFDB0EEF0
:102FF000480B03B0BDEC028B00BD000000000000D8
:103000002DE9F14F04462DED020B2DED048B94B00C
:103010009FED9D0B80ED020B199E9D4826F000450B
:1030200085420ADC9DED180B002084ED000B14B0E6
:10303000BDEC048B03B0BDE8F08F96489FED969BE6
:103040009FED978BA84225DD97489FED991B9FED3B
:103050009A2B9DED180B002E0DDD30EE490B8542AD
:1030600012BF30EE480B30EE410B30EE420B84EDD8
:10307000000B0120DBE730EE090B854212BF30EE7A
:10308000080B30EE010B30EE020B84ED000B4FF01D
:10309000FF30CCE78A48A84253DB9DED180B51EC7A
:1030A000100B0DF08BFE41EC100BB0EE401B9FEDB2
:1030B000862B9FED870B290DDFF81CC201EE020B5A
:1030C0000120FDEEC00B10EE903A00EE903AB8EE03
:1030D000E02BB0EE410B02EE490B22EE081BFC4444
:1030E000032830EE411B84ED001B1DD011EE902A09
:1030F00000EB4015113DC2F30A528A1A954213DAC9
:103100000CEB0012B0EE403B92ED000B401C20EEA9
:10311000021B33EE410B33EE403B33EE411B92ED8D
:10312000023B12EE031BDBE7002EA8BF1846BFF6DA
:103130007EAF94ED000B5842B1EE400B84ED000BD6
:1031400075E7C6F3130040F4801EC6F30A50A0F2E0
:10315000F530471100F01F05C5F12000DDF860B023
:10316000139000200890099005200DF1080C5B4990
:10317000002D07EB0002794408BF51F8221009D056
:1031800051F8223001EB8201AB404A68139922FAD0
:1031900001F11943A1FB0E26A1FB0B131A449A421D
:1031A00034BF0123002303EB06080CEB8003D3E9B3
:1031B00001A60E448E4234BF0121002192448A446C
:1031C00011B1924502D903E0924501D2012100E0FC
:1031D0000021C3E901A641444CF82010011EA0F1D2
:1031E0000100C4DC04989DED050A00F10050810F38
:1031F00004989FED3B4B800001EE100ADDED060ABE
:103200009DED072AB8EEC13BB8EE401BB8EE600B4F
:10321000B8EE422B002021EE041B9FED334B20EE35
:10322000040B9FED334B22EE042B30EE024B34EEB9
:10323000014B34EE034B8DED004B00909DED004BA8
:10324000199834EE433B10F0004F33EE411B31EE42
:10325000400B32EE401B9DED000B9FED272B20EE27
:10326000020B9FED272B01EE020B9DED001B9FED46
:10327000262B01EE020B1CBF4942B1EE400B84ED40
:10328000000B0846D3E6000000000000000000002C
:10329000FB21E93F7CD9024000004054FB21F93F6B
:1032A0003163621A61B4D03DFB21F93F0000000098
:1032B0000000601A61B4D03D7370032E8A19A33BDD
:1032C000FB2139410000000083C8C96D305FE43F35
:1032D000000000000000E03F061E04009E1D0400E8
:1032E000000000000000103E000000000000103C44
:1032F000000000000000103A3326A611460B113CD6
:10330000182D4454FB21F93D00000054FB21F93DE8
:1033100010B52DED040B2DED068B82B0B0EE41AB58
:1033200009989FED299B20F00044B4F1795F0FDAF2
:103330009DED080BBDEEC00B10EE100A002801BF7A
:10334000B0EE490B02B0BDEC068B04B008BF10BD57
:103350009DED080B1E48062120EE008BB0EE480BB9
:10336000784400F045F820EE080B9DED081B1C4842
:10337000844228EE000B01EE4A0B9FED171B28EE4E
:10338000011BBCBF31EE400B39EE400B16DB15487C
:10339000A042BCBF9FED142B8DED002B06DBA4F5E6
:1033A00000100190002000909DED002B31EE421B9B
:1033B00039EE422B31EE400B32EE400B02B0BDEC49
:1033C000068B04B010BD0000000000000000F03FBC
:1033D0004C1B040000000000000000000000E03F63
:1033E0003333D33F0000E93F000000000000D23F2C
:1033F000491E00EBC102B0EE401B92ED000B31F014
:1034000006020DD0491E00EBC102B0EE403B92ED2A
:10341000002B31F00602B0EE420B03EE010BF1D1AE
:10342000022914D004290AD0062918BF704790ED4C
:103430000A2B00EE012B90ED080B02EE010B90ED34
:10344000062B00EE012B90ED040B02EE010B90ED2C
:10345000022B00EE012B90ED000B02EE010B7047EA
:1034600031B504462DED040B2DED068BB0EE419BDE
:1034700007989DED060B20F00040B0F1795F0DDA62
:1034800051EC100BFFF72EF8042808BF00F05CF891
:103490009DED060BBDEC068B05B030BD20EE008B1C
:1034A0001348052128EE00ABB0EE480B7844FFF737
:1034B0009FFF9FED111B8CB19FED112B29EE022B6D
:1034C0000AEE402B9DED060B18EE029B0AEE419B87
:1034D00030EE490BBDEC068B05B030BD08EE001B8D
:1034E0009DED060B0AEE010BBDEC068B05B030BD61
:1034F000201B040000000000495555555555C5BF17
:10350000000000000000E03F30EE000B704730EE9E
:10351000010B7047000000009FED031B81EE010BC3
:1035200070470000000000000000000000000000E4
:103530009FED030B20EE000B704700000000000021
:1035400000000000000000709FED030B20EE000B58
:1035500070470000000000000000000000000010A4
:1035600030EE000A70470000DFED020A80EEA00A8C
:1035700070470000000000009FED020A20EE000AE4
:10358000704700000000001010B5044691ED000BDC
:10359000FEF7F6FF84ED000A10BD00002DE9F001F2
:1035A0004FF07F42B2EB410F9FBF4FF0FF31016000
:1035B000BDE8F00170474FF0004242EA0123C1F339
:1035C000C752783A551112F01F0C434CCCF120062B
:1035D0007C44C1F3C752A2F178024FEA621204EBB5
:1035E000820254F8254008BFD2E9015612D055682E
:1035F00004FA0CF425FA06F73C43976805FA0CF533
:1036000027FA06F8D26807FA0CFCF24045EA0805EA
:103610004CEA0206A4FB034CA5FB0352A6FB036382
:103620001D449D4234BF012600261319334416B1B0
:10363000934202D903E0934201D2012200E000222A
:10364000624402F1200C9206DC0C42EA443200EEA5
:10365000102A5B03DFED210AF8EEC01A00EE103AE3
:103660004FEA9C1C11F0004FB8EE400AC0F800C0B1
:1036700020EE201A00EE105ADFED190AB8EE400ACB
:1036800020EE200A71EE810A70EE800A10EE902A78
:1036900002F500626FF30B0200EE902A70EEE11A61
:1036A00031EEC11ADFED101A30EE411A9FED0D0A0E
:1036B00020EE800A01EE210A9FED0C1A00EE810A2D
:1036C00004BFBDE8F0017047CCF180510160BDE856
:1036D000F001B1EE400A7047DC190400000000362A
:1036E0000000802C22AAFD29DB0FC92F0000C92F62
:1036F00030B504462DED048B85B040F2FF7590ED9A
:10370000008B0A4618EE900A8DED008B35EA1050BA
:103710001EBF9FED239BB4EE498BF1EE10FA23D030
:1037200051EC180B30F08AFA41EC180B18EE900AA5
:103730008DED008B35EA10501CD0B4EE498BF1EEC4
:1037400010FA11D10220EDF700FAFFF7FDFE10EE9E
:10375000901A18EE900A8DED000B8DED028B61F33F
:103760001E0001909DED008B84ED008B05B0BDEC3B
:10377000048B30BD0220EDF7E8F9FFF7D9FE10EE1B
:10378000901A18EE900A8DED000B8DED028B61F30F
:103790001E0001909DED008BE6E700000000000098
:1037A000000000000000000070B50446002508E09D
:1037B0002168481C20600878303805EB850100EB53
:1037C00041052168087800F004F80028F0D1284667
:1037D00070BD0146302903DB392901DC0120704727
:1037E0000020FCE730380A2801D201207047002071
:1037F0007047000010B54021074801F0FDFB002292
:103800001021064827F0FEFB0549086002F03AFF48
:1038100000200449087010BD1C0E002451670108E7
:10382000380200243402002430B50346B1F90040C8
:10383000B2F90050AC4202DDB1F9004001E0B2F94A
:1038400000401C80B1F90240B2F90250AC4202DDE6
:10385000B1F9024001E0B2F902405C80B1F90440E4
:10386000B2F90450AC4202DAB1F9044001E0B2F915
:1038700004409C80B1F90640B2F90650AC4202DA2D
:10388000B1F9064001E0B2F90640DC800120B3F94D
:103890000040B3F90450AC4205DCB3F90240B3F97F
:1038A0000650AC4200DD002030BDF8B504460D46A0
:1038B00016460027B4F90000B5F90010884212DB63
:1038C000B4F90200B5F9021088420CDBB4F9040027
:1038D000B5F90410884206DCB4F90600B5F9061003
:1038E000884200DC01270FB90020F8BD0EB9012085
:1038F000FBE72088ADF800006088ADF80200324692
:103900006946284600F0A7F808B90020EDE7A0882E
:10391000ADF800006088ADF80200324669462846DE
:1039200000F099F808B90020DFE72088ADF8000022
:10393000E088ADF8020032466946284600F08BF870
:1039400008B90020D1E7A088ADF80000E088ADF804
:10395000020032466946284600F07DF808B900208A
:10396000C3E70120C1E70246B2F90000B1F9043013
:10397000984213DCB2F90400B1F9003098420DDB33
:10398000B2F90200B1F90630984207DCB2F906003C
:10399000B1F90230984201DB012070470020FCE7BA
:1039A000F8B504460D461646B4F90400B5F9001002
:1039B000884211DBB4F90600B5F9021088420BDB2E
:1039C000B4F90000B5F90410884205DCB4F902002E
:1039D000B5F90610884201DD0120F8BD0EB90020BE
:1039E000FBE72088ADF800006088ADF802003246A1
:1039F0006946284600F02FF808B10020EDE7A088BE
:103A0000ADF800006088ADF80200324669462846ED
:103A100000F021F808B10020DFE72088ADF80000B1
:103A2000E088ADF8020032466946284600F013F8F7
:103A300008B10020D1E7A088ADF80000E088ADF81B
:103A4000020032466946284600F005F808B1002019
:103A5000C3E70120C1E72DE9FC5F05460E46144689
:103A60004FF0000AB6F90000B5F90010884213DBE8
:103A7000B6F90000B5F9041088420DDCB6F9020071
:103A8000B5F90210884207DBB6F90200B5F9061055
:103A9000884201DC4FF0010ABAF1000F02D1002088
:103AA000BDE8FC9F002C01DC0120F9E7284612F05C
:103AB000DAFE834600EBDB704710284612F044FE26
:103AC000834600EBDB704FEA6008474501DA384671
:103AD00000E0404681464C4500DD4C462888ADF864
:103AE00000002888204400B2ADF804006888ADF8D2
:103AF00002006888204400B2ADF80600002231467A
:103B00006846FFF7A8FF80B1BDF80400204400B26A
:103B1000ADF80400BDF80600204400B2ADF8060080
:103B20003146684623F0B0FCBAE7E888001B00B2D3
:103B3000ADF80200E888ADF806000022314668467C
:103B4000FFF789FF80B1BDF80400204400B2ADF852
:103B50000400BDF80200001B00B2ADF802003146BF
:103B6000684623F091FC9BE7A888001B00B2ADF8E3
:103B70000000A888ADF80400002231466846FFF72F
:103B80006AFF80B1BDF80000001B00B2ADF8000074
:103B9000BDF80200001B00B2ADF8020031466846D5
:103BA00023F072FC7CE76888ADF802006888204446
:103BB00000B2ADF80600002231466846FFF74BFF21
:103BC00080B1BDF80000001B00B2ADF80000BDF8E8
:103BD0000600204400B2ADF806003146684623F0E6
:103BE00053FC5DE701205BE710B5B1F90030B2F995
:103BF0000040A34202DAB1F9003001E0B2F900302E
:103C00000380B1F90230B2F90240A34202DAB1F9FD
:103C1000023001E0B2F902304380B1F90430B2F968
:103C20000440A34202DDB1F9043001E0B2F90430EE
:103C30008380B1F90630B2F90640A34202DDB1F942
:103C4000063001E0B2F90630C38010BD2DE9F0471F
:103C50008AB0074627F05EF98246002009901FB11E
:103C6000C349F868086003E015F07EFCC0490860AD
:103C7000BF490968086923F065FBBD4800684069D1
:103C800020B1BB490968486923F05CFBB849096861
:103C9000C86923F057FBB6490968086A23F052FB4C
:103CA000B3480068006948B90020B1490968A1F823
:103CB000500100BF00BF0AB0BDE8F08723F0EAFE64
:103CC00023F030FEAA480068B0F8500100284CD01C
:103CD000A74800680068007CC0F34000F0B1A44829
:103CE000006815F0BFFC401E04B2A148006815F042
:103CF00053FC401E0FFA80F843460022114607A8E5
:103D0000009412F0F5FD07A8994909680968896BC4
:103D100048609748006805F06DFE00BF4FF4807161
:103D20009348006830301DF016FD2021904800684F
:103D300000F598701DF00FFD00208D490968A1F86D
:103D40005001504627F0D8F809908948006800686B
:103D5000406A50B186490968086885490968096858
:103D60004B6A84490A68099998471DF02BFA00F0BC
:103D700059F900F021F980484569002D3FD11CF028
:103D80009DFF04461BF0CCFE054600227F212846FD
:103D900023F06FF914F03EFC0022014608902846FB
:103DA00023F04AF914F0A1FF0022014608902846AA
:103DB00023F031FA00220321284623F012FA0022D0
:103DC0000321284623F0E6F900220321284623F0A8
:103DD000EEF900220321284623F0F6F90022032100
:103DE000284623F00BFA65A128461CF0A1FE00230B
:103DF0001A46062128461EF047F95F4845615E498C
:103E0000086827F079F8B0F5967F10D25948006815
:103E100041F28831884245D9574840680999084499
:103E20005549486008468068401C88603AE027F0A1
:103E300071F8514908604E480068406800684FF4C6
:103E40007A71B1FBF0F84C48406810B901204A493A
:103E500048604948806808B9444608E04648806898
:103E60004FF47A71484344494968B0FBF1F40020AB
:103E7000414948608860444500D944463E4800694D
:103E800020443D4908610846C068401CC86027F0CE
:103E900027F9C0F164094B46224639A128461CF097
:103EA0009FFE00BF3A484668D6BB1CF007FF044699
:103EB0001BF036FE064600227F21304623F0D9F85B
:103EC00014F0A8FB002201460890304623F0B4F815
:103ED00014F00BFF002201460890304623F09BF9B6
:103EE00000220321304623F07CF9002203213046D2
:103EF00023F050F900220321304623F058F9002224
:103F00000321304623F060F91CA130461CF010FE5E
:103F100000231A46042130461EF0B6F81C484660BD
:103F20001B49086826F0E8FFB0F5967F1ED926F0F9
:103F3000F1FF1749086002A81DF018FA04990298C9
:103F4000A0EB01084FEA9824A8EB84206621B0FB7F
:103F5000F1F99DF821009DF820104B462246CDE94D
:103F600000100CA130461CF03BFE00BF00BFA2E6D3
:103F7000E8000024E4000024880C00243F00000036
:103F80002575204650530A25752525204350550098
:103F9000EC00002425752E2575206B422075736575
:103FA0006420282564202525290A256425252066E6
:103FB0007261672E0000000010B5002416E0C4EB0B
:103FC000C4000C4951F8200030B1C4EBC401094AC7
:103FD00052F821001DF0A8F9C4EBC401054A02EB18
:103FE00081001C211DF0B7FB601CC4B2042CE6DB71
:103FF00010BD0000F80E00240146094A10680BE0CD
:1040000042688A4202D002688A4204D1027E22F0CB
:104010000102521C027640690028F1D1704700006D
:10402000BC0000247047000010B50421014800F0D6
:10403000E3FF10BD100E002410B51C21014800F054
:10404000DBFF10BD280E00242DE9FF4F8BB0044686
:104050009A46199DBAF1000F11D11898B0F5807FDA
:104060000DD10020208060800C98401E00B2A080FE
:104070000D98401E00B2E0800FB0BDE8F08FB5F99A
:1040800000004042189948430121C1EB202000B2B2
:104090002080B5F902004042189948430121C1EB44
:1040A000202000B26080B5F900100C98401A1899D1
:1040B0004843022101EB202000B2A080B5F9021094
:1040C0000D98401A18994843022101EB202000B2B4
:1040D000E080BAF1000F14D120882988084400B28A
:1040E000208060886988084400B26080A0882988A0
:1040F000084400B2A080E0886988084400B2E080EB
:10410000BAE70A209AFBF0F00A900A98401C09903E
:104110000A9800EB8000AAEB400B0A9800B227F047
:1041200015FA0890099800B227F010FA07900A983B
:104130005A3000B227F00AFA069009985A3000B2B5
:1041400027F004FA0590CBF10A010898414307983B
:1041500000FB0B100A2190FBF1F6CBF10A01069847
:104160004143059800FB0B100A2190FBF1F77611F3
:104170007F11B4F90080B4F9029007FB08F006FB48
:104180001900298801EBA02000B2ADF8100006FB51
:1041900008F007FB0900698801EBA02000B2ADF828
:1041A0001200B4F90480B4F9029007FB08F006FB92
:1041B0001900298801EBA02000B2ADF80C0006FB25
:1041C00008F007FB0900698801EBA02000B2ADF8F8
:1041D0000E00B4F90080B4F9069007FB08F006FB66
:1041E0001900298801EBA02000B2ADF8080006FBF9
:1041F00008F007FB0900698801EBA02000B2ADF8C8
:104200000A00B4F90480B4F9069007FB08F006FB35
:104210001900298801EBA02000B2ADF8040006FBCC
:1042200008F007FB0900698801EBA02000B2ADF897
:104230000600BDF90800BDF91010884202DABDF988
:10424000080001E0BDF91000BDF90410BDF90C2013
:10425000914202DABDF9041001E0BDF90C10884268
:104260000BDABDF90800BDF91010884202DABDF979
:1042700008000DE0BDF910000AE0BDF90400BDF929
:104280000C10884202DABDF9040001E0BDF90C000F
:104290002080BDF90800BDF91010884202DDBDF98B
:1042A000080001E0BDF91000BDF90410BDF90C20B3
:1042B000914202DDBDF9041001E0BDF90C10884205
:1042C0000BDDBDF90800BDF91010884202DDBDF913
:1042D00008000DE0BDF910000AE0BDF90400BDF9C9
:1042E0000C10884202DDBDF9040001E0BDF90C00AC
:1042F000A080BDF90A00BDF91210884202DABDF9AA
:104300000A0001E0BDF91200BDF90610BDF90E204A
:10431000914202DABDF9061001E0BDF90E108842A3
:104320000BDABDF90A00BDF91210884202DABDF9B4
:104330000A000DE0BDF912000AE0BDF90600BDF962
:104340000E10884202DABDF9060001E0BDF90E0048
:104350006080BDF90A00BDF91210884202DDBDF986
:104360000A0001E0BDF91200BDF90610BDF90E20EA
:10437000914202DDBDF9061001E0BDF90E10884240
:104380000BDDBDF90A00BDF91210884202DDBDF94E
:104390000A000DE0BDF912000AE0BDF90600BDF902
:1043A0000E10884202DDBDF9060001E0BDF90E00E5
:1043B000E08000BF60E62DE9F74F86B00446206834
:1043C0000590B4F908100798A0EB0108B4F90A1099
:1043D0000898A0EB0109E089B0F5807F13D1206B2C
:1043E00000FB08F0E16A01FB1901606A00EBA10B18
:1043F000E06A00FB08F0216B01FB0901A06A00EBF9
:10440000A10004902FE0A08980B9A06B00FB08F008
:104410004FEA6018A06B00FB09F04FEA6019606A70
:1044200000EB080BA06A484404901CE0A06B00FB62
:1044300008F04FEA6018A06B00FB09F04FEA601922
:10444000206B00FB08F0E16A01FB1901606A00EBD8
:10445000A12BE06A00FB08F0216B01FB0901A06AB7
:1044600000EBA12004904FEA2B2604980712B4F920
:104470000400B04203DC002009B0BDE8F08F002E3C
:1044800001DA0020F8E7B4F90600B84201DC0020A8
:10449000F2E7002F01DA0020EEE73420005DC0F3E0
:1044A000800050B33420005DC0F3400078B902258D
:1044B000B4F904007843684306FB050A059800EB4D
:1044C0000A012A4604F114001DF0F3F82CE003253C
:1044D000B4F904007843684306FB050A6A1E059890
:1044E00000EB0A0104F114001DF0E3F80AEB0500EB
:1044F000401E0599095CA17516E04FF0000A0025E1
:10450000208A03463AB231B2019004F1180019F042
:10451000B3FD0290BDF80800A0823AB231B204F1B6
:10452000180019F009FDA0753420005D00F00100AD
:10453000B0B14FF47F40002100F47C4241EA5211B7
:10454000C0F3C40211430191BDF804201146029149
:10455000A08ABDF80810884201D100208CE700BF76
:10456000E07C08B9012087E70FFA8BF1A187049856
:1045700001B2E18731B24020015339B242200153E8
:10458000C4F844A084F84850204600F003F8039093
:10459000039871E72DE9F04F8DB00446D4F80090F0
:1045A00094F83C000C9094F83E000B900C98702806
:1045B0000BDA4FF0FF35B4F940002844002800DA48
:1045C00000250C988030C7B213E00C9890280EDDBF
:1045D0000125B4F940002844B4F90410884200DBF6
:1045E00000250C98C0F1FF008030C7B201E0002523
:1045F000FF270B9870280CDA4FF0FF36B4F9420011
:104600003044002800DA00260B98803000F0FF08C4
:1046100015E00B9890280FDD0126B4F942003044D4
:10462000B4F90610884200DB00260B98C0F1FF00A9
:10463000803000F0FF0802E000264FF0FF08A08A5B
:104640000A90A07D069000200590049003903420ED
:10465000005DC0F3800000285BD094F84800626CD5
:1046600000FB052000EB0901022209A81DF021F83A
:10467000A28894F8480012FB00F2606C02FB06006E
:1046800000EB0901022208A81DF013F8A28894F893
:10469000480012FB00F2606C02FB060294F848002E
:1046A00000FB052000EB0901022207A81DF001F81C
:1046B0003420005DC0F3400000287ED094F848000C
:1046C000616C00FB05110844401E19F800000590BC
:1046D000A18894F8480011FB00F1606C01FB060111
:1046E00094F848000844401E19F800000490A1887E
:1046F00094F8480011FB00F1606C01FB060194F88E
:10470000480000FB05110844401E19F80000039002
:1047100053E0208A0090B4F942204020005B2844F6
:1047200001B204F11800009B19F0A6FC0990208A40
:1047300000904220005B304402B2B4F9401004F112
:104740001800009B19F098FC0890208A00904220E5
:10475000005B304402B24020005B284401B204F107
:104760001800009B19F088FC07903420005DC0F30E
:10477000400010B3B4F942204020005B284401B24D
:1047800004F1180019F0D8FB05904220005B30447A
:1047900002B2B4F9401004F1180019F0CDFB0490F6
:1047A0004220005B304402B24020005B284401B24A
:1047B00004F1180019F0C0FB0390BA46BB46342040
:1047C000005DC0F34000E0B306987843C7F1FF0CEA
:1047D000059B03FB0C00C0F3072104987843C7F145
:1047E000FF0C039B03FB0C00C0F3072201FB08F046
:1047F000C8F1FF0302FB0300030AA375022905DCCD
:10480000022A03DC00200DB0BDE8F08F022901DC94
:104810004FF00008022A01DC4FF0FF08069802283A
:1048200001DC4FF0000A0598022801DC4FF0FF0A76
:104830000498022801DC4FF0000B0398022803DCE7
:1048400000E002E04FF0FF0B03E0BA46BB46FF2159
:10485000A175BAF1000F02D1099802900BE0BAF1EC
:10486000FF0F02D10A98029005E05246DDE90910D7
:1048700014F0E6F80290BBF1000F02D10798019006
:104880000BE0BBF1FF0F02D10898019005E05A46FA
:10489000DDE9071014F0D4F80190B8F1000F03D14E
:1048A000BDF80400A0820FE0B8F1FF0F03D1BDF8FE
:1048B0000800A08208E04246DDE9011014F0C0F8CB
:1048C0000090BDF80000A08201209CE72DE9F05F78
:1048D0000446B4F9080001026162B4F90A00010259
:1048E000A162B4F90C000A2190FBF1F56F1CB4F938
:1048F0000C0005EB8501A0EB4106684200B226F0F2
:1049000025FE8046784200B226F020FE8146C5F1A1
:104910005A0000B226F01AFE8246C7F15A0000B2D1
:1049200026F014FE8346C6F10A0000FB08F009FBDE
:1049300006000A2190FBF1F1E162C6F10A0000FBDA
:104940000AF00BFB06000A2190FBF1F12163E06AFB
:104950004111E162206B41112163A07C19F09BFCA5
:104960003421095D60F3000134200155A07C19F069
:1049700075FC3421095D60F3410134200155A07CB0
:10498000042805D0A07C052802D0A07C062807D1E9
:104990003420005D20F00400001D3421085505E09E
:1049A0003420005D20F0040134200155216821628B
:1049B000A06920F0E000A061A17CA06961F304007F
:1049C000A061A188A06961F39420A061E188A06939
:1049D00061F35F50A061E08900EBD071491001F5EF
:1049E000001191FBF0F2A263FF21A175208AA08241
:1049F000BDE8F09F2DE9F743054616460024134C09
:104A000026F088FA8046334629462046019A1AF055
:104A1000F1F807465FB900BF00BF2C2120461CF00B
:104A20009AFE4FF00040A0620020BDE8FE83002007
:104A3000A062E06918B9404626F05EFAE061E069DC
:104A400008B90120E0612046EFE700004C0E002489
:104A500010B51421114800F0CFFA1AF07DF8044681
:104A600000BF1CB900BF00BF00BFFEE700BF14B904
:104A700000BF00BF10BD0A4920461AF055F9094988
:104A800020461AF053F9084920461AF051F907490F
:104A900020461AF047F900BFECE70000340E00246E
:104AA00075E3020849E8020865EA02083DE30208E6
:104AB00070B504460D46102128461CF04CFE2068B7
:104AC0000078012804D1208A2880608A68800CE060
:104AD00020680078022802D1E068686005E020685C
:104AE0000078042801D10A2068602068406820B15D
:104AF000206829464268904701E000BF00BF70BDB2
:104B00002DE9FE430446A66AEEB9A18A208A08442C
:104B100001B2A182E18A608A084401B2E1822046A2
:104B20000CF091FC06460EB9BDE8FE8320460FF05E
:104B3000D9FD00220921304618F056FB6078C0F3F9
:104B4000400000B1F0E7208A10B9608A002870D0D8
:104B500000200290019094F83C0000F00F00032820
:104B600012D130461EF0B0FE074630461EF034FE2D
:104B7000804603200090B4F910103B464246304670
:104B80000BF04CFF029012E030461EF01FFF07466C
:104B900030461EF093FD80460C200090B4F91210B0
:104BA00043463A4630460BF039FF019000BF30468D
:104BB0001EF0E4FD054605F0010028B9BDF9080026
:104BC000002801DD0020029005F0020028B9BDF99F
:104BD0000800002801DA0020029005F0040028B93E
:104BE000BDF90400002801DD0020019005F0080057
:104BF00028B9BDF90400002801DA0020019001AABB
:104C000002A9204629F0D4FC0023BDF90420BDF9F7
:104C10000810304621F0B8FDA08ABDF808100844FD
:104C200001B2A182E08ABDF80410084401B2E18219
:104C300000BF00BF78E72DE9F84F0446D4F828B04C
:104C4000BBF1000F01D1BDE8F88F94F83C0000F0F3
:104C50000F0000B9F7E71AF04FFB06463068477EB1
:104C60004021584620F0BAFA10B90021618321830F
:104C700058461EF097FE804658461EF09DFE05469B
:104C800094F83C0000F00F000C2843D10021218350
:104C90001DBBB4F91A00C7F164014843642190FBBD
:104CA000F1F001B2618358461EF008FD8146584676
:104CB0001EF08CFE82460C200090B4F91A104B4670
:104CC000524658460BF0AAFE6083B4F91A2000231E
:104CD0001946584621F058FD69E0204629F0BFFCEE
:104CE0000090002161836A46204629F061FCBDF9ED
:104CF000003041F6FF72514258460CF04DFD81469E
:104D0000BDF80000484402B201230021584621F0BA
:104D10003BFD4CE094F83C0000F00F00032846D126
:104D200000216183B8F1000F23D1B4F91800C7F155
:104D300064014843642190FBF1F001B2218358469D
:104D40001EF04AFD814658461EF0BEFD82460320F5
:104D50000090B4F9181053464A4658460BF05EFED0
:104D60002083B4F9181000231A46584621F00CFD90
:104D70001DE0204629F058FC0090002121830022EC
:104D80006946204629F014FCBDF9003041F6FF7257
:104D9000514258460CF066FC8146BDF8000048447C
:104DA00001B201230022584621F0EEFC00BF208B07
:104DB000002860D1608B00285DD11DBB58461EF0D5
:104DC00005FE814658461EF079FC8246B9F1000F77
:104DD00002DCBAF1000F14DDB9F1000F06DA01238D
:104DE0004A460021584621F0CFFC0AE0BAF1000FF4
:104DF00007DA0123CAF1000002B20021584621F06F
:104E0000C3FC00BFB8F1000F23D158461EF0E4FCEC
:104E1000814658461EF058FD8246B9F1000F02DC6B
:104E2000BAF1000F14DDB9F1000F06DA01230022F8
:104E30004946584621F0A8FC0AE0BAF1000F07DA0B
:104E400001230022CAF1000001B2584621F09CFC67
:104E500000BF32460A21584618F0C6F96078C0F300
:104E6000400000B1EFE694F83C0020F00F0184F818
:104E70003C100021A16200BFE5E62DE9FF41044698
:104E80000F4614B914F070FB04460CB9BDE8FF815D
:104E90001FB90020A4F85001F8E70020ADF8080081
:104EA000ADF80A00204614F077FB401E00B2ADF8C2
:104EB0000C00204614F0D6FB401E00B2ADF80E00E8
:104EC00002AA39466846FEF7AFFC064606B9DDE79A
:104ED0002068007CC0F3400060B102982063039812
:104EE00060630120A4F85001606810B1606826F08A
:104EF000B3F9CBE72068806918B1206869468269F8
:104F0000904700250BE004F1300000EBC5010022C2
:104F10006846FEF7CAFC00B1B8E7681C85B2B4F871
:104F20005001A842EFDCB4F85001202809DAB4F8A7
:104F3000502104F1300101EBC200694611F06DFB14
:104F40000BE00020A4F85001B4F8502104F1300126
:104F500001EBC20002A911F060FBB4F85001401C43
:104F6000A4F85001606810B1606826F075F900BFC0
:104F70008CE770B50546284600F013F80446002675
:104F80000CE02146284600F024F806462146284633
:104F900000F086F820461CF0C7F93446002CF0D10A
:104FA00070BD014609B9002070474868FCE770B53C
:104FB000064600243046FFF7F4FF054605E0641C72
:104FC0002946304600F005F80546002DF7D1204669
:104FD00070BD02460B461068001D034418687047F8
:104FE00002460B461068034418687047014609B929
:104FF000002070478868FCE7002242608260CA1C7B
:1050000022F003010160704770B50446216801F188
:1050100008001CF0BBF80546A5B100222946204631
:1050200027F0F6FB29462046626827F0E3FB60681C
:1050300020B12A462046616827F0EAFB6560A06837
:1050400000B9A560284670BD70B50446216801F11D
:1050500008001CF09BF80546A5B100222946204611
:1050600027F0C8FB29462046A26827F0D1FBA0689C
:1050700020B12A462046A16827F0BCFBA5606068E5
:1050800000B96560284670BD014609B90120704726
:10509000486818B9886808B90120F8E70020F6E7E1
:1050A0002DE9F04104460D460CB9BDE8F0812046DB
:1050B000FFF777FFA8420FD129462046FFF789FF67
:1050C0006060606810B90020A0602FE000222046D8
:1050D000616827F09DFB29E02046FFF787FFA84283
:1050E0000FD129462046FFF77BFFA060A06810B9CA
:1050F000002060601AE000222046A16827F07AFBB9
:1051000014E029462046FFF76BFF06462946204655
:10511000FFF75FFF07463A463146204627F06AFB15
:1051200032463946204627F073FB00BF00BFBCE77C
:1051300010B504462068806818B12068214682684E
:1051400090472068006828B12068006820602046E9
:10515000FFF7EEFF10BD0146886818B18868B0F906
:10516000160070470020FCE72DE9F04F93B005468C
:105170008B4691469A461C9E688C20F00400001DC8
:105180006884A5F820903289594628461FF0A2FD70
:105190001290A5F820A03289594628461FF09AFDA2
:1051A0001190688C20F004006884DDE911108842B9
:1051B0000CD1DDE91110884208D1BDF84800BDF8D6
:1051C0004410884202D113B0BDE8F08FA5F82090BA
:1051D0003289594628461FF07DFD1290A5F820A07F
:1051E000594628460EF077F810903189109A1068C9
:1051F000129A24F04AFB3089602833D147F6FF71B8
:105200001298884202D0119888422BD128461FF06C
:1052100088FF0F9000EBD070471028461FF081FFE9
:105220000F9000EBD0704FEA600847F6FF711298BC
:10523000884208D1781C08F10101884200DA01E0B7
:1052400008F10100129047F6FF711198884208D1C9
:10525000781C08F10101884200DA01E008F1010040
:10526000119000BF2448FFF7CFFE044600BF1CB9D1
:1052700000BF00BF00BFFEE700BF04B9A3E712985C
:10528000E06011982061ACB325603089A080C4F83B
:1052900008B0684610F07AFB2146684610F036FCEC
:1052A0001649684610F0FAFB1548029000BF1549F0
:1052B000684610F001FCFF220021684610F014FC43
:1052C0003188684610F002FC7188684610F0DFFBF8
:1052D000F068069000BF6846002190F83E2061F318
:1052E000000280F83E2000BF30690590684610F04B
:1052F00025FC00BF00BF66E7400E0024451E0408E1
:10530000F12004082120040810B514210148FFF7FA
:1053100073FE10BD400E00242DE9FE4F04460F46DB
:1053200090464FF0000900256BE1E06800EBC500F6
:105330004068C0F3406000B162E1E16801EBC50183
:10534000496821F07F4021F0FAFF064626EA07006F
:1053500008B9012000E00020029026EA080008B900
:10536000012000E000200190DDE90101814272D0BE
:10537000E06850F835A04FF0000B6A4641F6100186
:10538000504623F01BFF10B14FF0010BA9E06A4615
:1053900041F61101504623F011FF10B14FF0010BFF
:1053A0009FE06A4641F61201504623F007FF10B114
:1053B0004FF0010B95E06A4641F61301504623F089
:1053C000FDFE10B14FF0010B8BE06A4641F615016E
:1053D000504623F0F3FE10B14FF0010B81E06A4616
:1053E00041F61401504623F0E9FE10B14FF0010BD5
:1053F00077E06A4641F26901504623F0DFFE10B1C2
:105400004FF0010B6DE06A4643F20C01504623F069
:10541000D5FE10B14FF0010B63E06A4643F20D0177
:10542000504623F0CBFE10B14FF0010B59E06A4615
:1054300041F20101504623F0C1FE10B14FF0010BC3
:105440004FE06A4641F20401504623F0B7FE18B11E
:105450004FF0010B45E0D2E06A4641F202015046AE
:1054600023F0ACFE10B14FF0010B3AE06A4641F276
:105470000301504623F0A2FE10B14FF0010B30E0C3
:105480006A4641F20501504623F098FE10B14FF0F4
:10549000010B26E06A4641F20601504623F08EFEDB
:1054A00010B14FF0010B1CE06A4641F23201504648
:1054B00023F084FE10B14FF0010B12E06A4643F670
:1054C0000F01504623F07AFE10B14FF0010B08E0B7
:1054D0006A4643F60E01504623F070FE08B14FF0C5
:1054E000010BBBF1000F02D00320BDE8FE8F6A461E
:1054F00040F60A01504623F061FE10B14FF0020958
:105500007CE06A4640F60B01504623F057FE10B18E
:105510004FF0020972E06A4643F60F01504623F04D
:105520004DFE10B14FF0020968E06A4643F60E01E5
:10553000504623F043FE10B14FF002095EE06A4688
:1055400040F63C01504623F039FE10B14FF00209FD
:1055500054E06A4640F63D01504623F02FFE10B15C
:105560004FF002094AE06A4640F63A01504623F0FD
:1055700025FE10B14FF0020940E06A464FF4046185
:10558000504623F01BFE10B14FF0020936E06A4688
:1055900040F64501504623F011FE10B14FF00209CC
:1055A0002CE06A4640F64101504623F007FE10B158
:1055B0004FF0020922E06A4640F64201504623F0CD
:1055C000FDFD10B14FF0020918E06A4640F64301B4
:1055D000504623F0F3FD10B14FF002090EE06A4689
:1055E00040F64901504623F0E9FD10B14FF00209A1
:1055F00004E0B9F1000F01D14FF0010900BF00BF75
:105600006D1C608CC0F3C500A8423FF68EAE4846C4
:105610006BE700000148006870470000E8000024C4
:1056200010B5034827F067FA024826F0ECFE10BDDB
:10563000880C0024EC0000240146C1F30412072A60
:1056400000DD0722D0B2704710B518210348FFF7DC
:10565000D3FC012025F012FD10BD0000EC0D00244C
:105660002DE9F04105460F4616460DB9BDE8F0811B
:105670002846EBF742F98046394628460A4A12681E
:1056800090470746E8193146074A12689047064690
:105690003C4603E0A019285C2855641CA8EB0600D2
:1056A000A042F7D200BFE1E7840200242DE9F041D7
:1056B00006460C4617461D4629463046084A1268DB
:1056C00090472060206830B1296888190021044A79
:1056D0001268904700E000203860BDE8F0810000CB
:1056E0007C0200242DE9F04F87B004460F46924615
:1056F0009846DDE910560DB1002028801CB9002025
:1057000007B0BDE8F08F207808B90020F8E70FB99E
:105710000020F5E74FF0000906F0020010B906F08E
:10572000040098B1002000E0401C215C0A2905D04B
:10573000215C0D2902D0215C0029F5D1215C01B149
:10574000401C15B14FF0FF312980D9E706F0020067
:1057500008B141F6FF7800200690059038E000205F
:105760000490059808B9012000E0002006A904AAC9
:10577000CDE90062CDE90210059960184346524612
:10578000394625F01BFF83460498A8EB00000FFA6A
:1057900080F8049848440FFA80F9BBF1000F00D15B
:1057A0001CE005985844059020780A2802D02078FB
:1057B0000D2800D112E00598205C0A2803D0059836
:1057C000205C0D2803D10598401C059006E000BF21
:1057D0000598205C10B1B8F1000FC0DC00BF05983F
:1057E00070B905A92046094A12689047834635B129
:1057F00000225946384617F038FE0FFA80F900BFEC
:105800000DB1A5F8009005987AE700007C0200240D
:105810002DE9F04706468846174606B10FB9BDE8A0
:10582000F0873046EBF769F881463846EBF765F8C4
:10583000044604B9F3E704EB090A414630460B4A33
:10584000126890478046554603E0281B305C70552F
:105850006D1E08EB0400A842F7D906EB08002246AB
:1058600039461BF032FF00BFD9E700008402002454
:10587000024600200FA31B788B4211D113781BB96D
:105880000123137001200BE01378012B02D10023B8
:10589000137005E01378022B02D10023137001204E
:1058A0001378012B04D1202901D102231370012088
:1058B000704700002300000073B582B006460398CD
:1058C0000190324600210846019B26F093F90546D7
:1058D000002001900024681C1BF058FC044600BF07
:1058E0001CB900BF00BF00BFFEE700BF14B9002015
:1058F00004B070BD002060553246691C2046039BF1
:1059000026F078F92046F3E72DE9F04781460E4668
:1059100014461F46DDF820A035461BE0600800FB5A
:10592000075529464846D047B0F1000809DD04F084
:10593000010080F00100C0EB5404E819054606465A
:1059400008E0B8F1000F02DA6408354602E02846A4
:10595000BDE8F087002CE1D10020F9E72DE9FF4FE9
:1059600085B08346DDE9158ADDE91349DDE9177560
:10597000129E05F00200F8B94FB105F0010030B1F8
:10598000B9F1000F02D105F00C0000B17F1E03E059
:1059900030222046641C3254544501D2202CF7D3C7
:1059A00003E030222046641C325405F0010018B197
:1059B000BC4201D2202CF4D305F01000B0B305F4A2
:1059C000806050B94CB1544501D0BC4205D1641E31
:1059D0001CB1B8F1100F00D1641EB8F1100F09D13D
:1059E00005F0200030B9202C04D278222046641C17
:1059F000325415E0B8F1100F09D105F0200030B194
:105A0000202C04D258222046641C325408E0B8F1FD
:105A1000020F05D1202C03D262222046641C32548E
:105A2000202C03D230222046641C3254202C16D263
:105A3000B9F1000F04D02D222046641C32540EE030
:105A400005F0040020B12B222046641C325406E0ED
:105A500005F0080018B120222046641C3254CDE91C
:105A60000275CDE90064584606A90EC900F0A2F8F7
:105A700009B0BDE8F08F2DE9FF4F8FB08046DDE91A
:105A80001FABDDE91D96219D1C9C00270CB925F05C
:105A9000100505F4806000B1E4B100BFB4FBF6F17D
:105AA00006FB1141C8B20A2802DA00F1300107E012
:105AB00005F0200109B1412100E0612101440A39CA
:105AC000CBB239467F1C07AA5354B4FBF6F40CB191
:105AD000202FE3D307A8CDE904AB8DE8810203961C
:105AE0000695404610A90EC9FFF738FF13B0BDE870
:105AF000F08F2DE9FF4F8FB0DDE9217BDDF890803D
:105B0000209EDDE91C454FF00009002184EA0100D8
:105B10006940084301D128F0100808F4806028B1DA
:105B2000002184EA0100694008432DD000BF3246BD
:105B30003B4620462946EAF7F5FC02F0FF0ABAF197
:105B40000A0F02DA0AF1300007E008F0200008B17D
:105B5000412000E0612050440A38C2B2484609F1B1
:105B6000010907A90A5432463B4620462946EAF76E
:105B7000D9FC04460D46002184EA0100694008432F
:105B800002D0B9F1200FD2D32398CDE9036BCDE930
:105B9000050807A91E98CDE9001902900FA80FC8A3
:105BA000FFF7DCFE13B0BDE8F08F9A4200D28854B4
:105BB000704770472DE9FF5F05461446DDE90EA6E4
:105BC000DDE91087A34607F0020078B907F001006D
:105BD00060B9B14607E02246641C2020039B01996E
:105BE000A84709F10109C145F5D300BF08E02246E5
:105BF000641C711E0E461AF80100039B0199A84708
:105C0000002EF4D107F0020050B105E02246641CDA
:105C10002020039B0199A847A4EB0B004045F5D336
:105C2000204604B0BDE8F09F2DE9F84304460D4638
:105C300016461F46DDF82080206800B9C0470020C6
:105C400000903B4632462946206822F07DFABDE8A6
:105C5000F88300002DE9FF4F8BB0074600250C9814
:105C600000B9FA4FEAE20E98007825280AD02A46B1
:105C70006D1C0E990878DDE90C13B8470E98401C8E
:105C80000E90DBE20E98401C0E90002400BF0E9890
:105C900000782B2819D004DC20281ED023282CD1F2
:105CA00023E02D2809D0302827D144F001040E9894
:105CB000401C0E9001200A9022E044F002040E984D
:105CC000401C0E9001200A901AE044F004040E9843
:105CD000401C0E9001200A9012E044F008040E9837
:105CE000401C0E9001200A900AE044F010040E9827
:105CF000401C0E9001200A9002E000200A9000BF94
:105D000000BF0A980028C2D180460E990878FDF796
:105D100060FD20B10EA8FDF747FD804612E00E9809
:105D200000782A280ED1189901C91891002804DAA0
:105D300044F00204C0F1000800E080460E99491CBE
:105D40000E9100BF4FF000090E9800782E281FD149
:105D500044F480640E98401C0E900E990878FDF76C
:105D600038FD20B10EA8FDF71FFD814610E00E980A
:105D700000782A280CD1189901C91891002801DD52
:105D8000014600E0002189460E99491C0E9100BF92
:105D90000E9800786C280AD004DC682816D06A288F
:105DA00035D128E0742820D07A2830D129E044F475
:105DB00080740E98401C0E900E9800786C2804D1C8
:105DC00044F400740E98401C0E9021E044F08004CE
:105DD0000E98401C0E900E980078682804D144F06C
:105DE00040040E98401C0E9012E044F480740E980B
:105DF000401C0E900CE044F400740E98401C0E9071
:105E000006E044F480740E98401C0E9000E000BF41
:105E100000BF0E98007869281DD00EDC622821D0C2
:105E200006DC25287ED050281AD058287BD115E0D2
:105E3000632879D06428F9D10CE0732875D004DC8C
:105E40006F280ED07028F1D109E0752804D0782889
:105E5000ECD102E000BF00BF00BF00BF00BF00BF29
:105E600000BF00BF0E980078782803D00E98007805
:105E7000582801D1102623E00E980078702803D00E
:105E80000E98007850280CD1102644F0100444F4E9
:105E900080740E984078562812D10E98401C0E90AF
:105EA0000EE00E9800786F2801D1082608E00E98C1
:105EB0000078622801D1022602E00A2624F01004AC
:105EC0000E980078582803D00E980078502801D1F9
:105ED00044F020040E980078692805D00E980078C8
:105EE000642801D024F00C0404F4806008B124F08C
:105EF00001040E980078692803D00E980078642871
:105F00007CD104F40070B8B31898C01D20F00700CD
:105F10001890D0E900AB189A083218920020CDE909
:105F2000069803E073E17CE1F2E01CE1CDE9046056
:105F30000894BAEB00017BEB000001DA012000E0DD
:105F40000020002102900846B1EB0A0170EB0B0023
:105F500002DA5046594605E000200146B0EB0A003F
:105F600061EB0B01CDE900012A463846DDE90C134F
:105F7000FFF7BFFD0546C7E0FFE704F48070D0B12E
:105F8000189850F804AB18904FEADA70CDE90398EE
:105F900002960594BAF1000F01DD514601E0CAF105
:105FA0000001CDE900102A463846DDE90C13FFF761
:105FB00062FD0546A8E004F0400028B1189810F8EA
:105FC000041B1890C8B20DE004F0800028B11898A6
:105FD00030F8041B189008B204E01898006818996B
:105FE000091D189182464FEADA70CDE903980296AE
:105FF0000594BAF1000F02DD514602E00BE0CAF150
:106000000001CDE900102A463846DDE90C13FFF700
:1060100032FD054678E00E980078562818D1189879
:1060200050F804AB1890DAF8040000680990099859
:106030000090DAF800300D98421B0C984119384650
:10604000FFF708FE0544002009905DE0B35B0108FE
:1060500004F40070D0B11898C01D20F00700CDE9FD
:106060000698089418900020CDE9046002901899D1
:1060700003C9189A08321892CDE900012A46384619
:10608000DDE90C13FFF735FD05463DE004F48070B3
:1060900098B10022CDE903980296059418980068FB
:1060A0001899091DCDE9000218912A463846DDE904
:1060B0000C13FFF7E0FC054626E004F0400028B191
:1060C000189810F8041B1890C8B20DE004F0800076
:1060D00028B1189830F8041B189088B204E018987A
:1060E00000681899091D189182460020CDE900A08A
:1060F000CDE90398029605942A463846DDE90C134B
:10610000FFF7B9FC054600BF0E98401C0E9093E0C7
:10611000012604F0020050B905E02A466D1C20203B
:10612000DDE90C13B8473046761C4045F5D3189985
:1061300011F8043BD8B22A466D1C1891DDE90C1306
:10614000B84704F0020050B105E02A466D1C20203B
:10615000DDE90C13B8473046761C4045F5D30E9860
:10616000401C0E9068E0189850F804AB1890504608
:10617000B9F1000F01D0494601E04FF0FF310A4666
:10618000014600E0491C0B781BB1131EA2F101026D
:10619000F8D10E1A04F4806028B14E4501D2304681
:1061A00000E04846064604F0020050B905E02A46E1
:1061B0006D1C2020DDE90C13B8473046761C4045A5
:1061C000F5D306E01AF8010B2A466D1CDDE90C1325
:1061D000B8479AF8000040B104F480600028F1D07C
:1061E000B9F10000A9F10109ECD104F0020050B1AD
:1061F00005E02A466D1C2020DDE90C13B847304627
:10620000761C4045F5D30E98401C0E9014E02A46AB
:106210006D1C2520DDE90C13B8470E98401C0E902C
:106220000AE02A466D1C0E990878DDE90C13B84780
:106230000E98401C0E9000BF00BF00BF0E98007863
:1062400000287FF410AD0D98854201D2284601E068
:106250000D98401E02460020DDE90C13B847284681
:106260000FB0BDE8F08F2DE9F04104460E4600273F
:1062700074B13146204600F02DF80546B5F5801F73
:1062800005D20C2D01D9284600E00C20074600BF9E
:106290003846BDE8F081024600BF481E084018B1EC
:1062A00000BF00BF00BFFEE700BF481E1040101A2D
:1062B000704710B502464B1E13444C1E23EA0400DF
:1062C00000BF4B1E0B401BB100BF00BF00BFFEE76D
:1062D00000BF10BD024600BF481E084018B100BFF5
:1062E00000BF00BFFEE700BF481E10444B1E98438E
:1062F000704700002DE9F04180460E4644460120DB
:106300006086002500270DE056F8270025A1EAF752
:10631000DBFB10B1681C85B202E0608E401C608619
:10632000781C87B256F8270020B156F8270000786D
:106330000028E9D1208EA84201D1BDE8F081A06AF1
:1063400020B1A06A1AF0F0FF0020A062E06A20B13C
:10635000E06A1AF0E9FF0020E062E8001AF016FF98
:10636000A06200BFA06A18B900BF00BF00BFFEE76F
:1063700000BF68001AF00AFFE06200BFE06A18B9C7
:1063800000BF00BF00BFFEE700BFA06A08B1E06A1F
:1063900000B900256900E06A1BF0DDF9258600BF21
:1063A000CBE700000A0000002DE9F84F81460E46B9
:1063B000924699F8090000F00700022801D1304602
:1063C00000E050468346564501DD304600E0504629
:1063D0000746032000EB470020F0030000F1100502
:1063E0003948006839490968A0EB0108002405EB29
:1063F000080037490968884206D233480468606853
:1064000020F0004060603AE031480068854221D8C1
:1064100013E04FF0FF300090002269462D480EF047
:1064200003FF002269462C480EF0FEFE2648006855
:1064300026490968A0EB010800BF08EB05002449C4
:1064400009688842E5D820480468606820F0004068
:10645000606014E028461AF099FE044600BF1CB99B
:1064600000BF00BF00BFFEE700BF14B90020BDE8B9
:10647000F88F606820F0004000F100406060324614
:106480005946484601F0BAFF2060606800F040407D
:10649000401C6060606820F080406060A781A4F8C4
:1064A0000EB06068C00F20B1204600F11001A1605D
:1064B00008E0054800681030A060034800682844E0
:1064C000014908602046D2E7F80000244C0200246D
:1064D000F400002429140208A9520208F0B585B07E
:1064E00006460D463446002004900390029094F82E
:1064F0003C0000F0030020B1012838D0022866D00B
:1065000000BF94F83C0000F003005A490978884223
:106510001BD02620005D00EB001000EB4000142192
:1065200090FBF1F0544908702720005D00EB00104B
:1065300000EB4000142190FBF1F05049087094F8F2
:106540003C0000F003004B49087002A803A9CDE904
:10655000001005EB45014FF6FF7202EA410004AB63
:1065600046490A78444909780AF034FC5FE094F817
:106570003C0000F003003F49097888421AD0A08C03
:1065800000EB400040024FF4B471B0FBF1F03C4925
:1065900008802720005D00EB001000EB4000142174
:1065A00090FBF1F03549087094F83C0000F00300CE
:1065B0003049087002A803A9CDE90010E9B204AB84
:1065C0002E4802782E4800880AF004FC2FE094F848
:1065D0003C0000F003002749097888421AD0A08CBB
:1065E00000EB400040024FF4B471B0FBF1F02449DD
:1065F00008802620005D00EB001000EB4000142115
:1066000090FBF1F01C49087094F83C0000F0030086
:106610001849087002A803A9EAB204ABCDE900103A
:1066200015480178164800880AF0D4FB00BF00BF67
:106630009DF810009DF80C109DF80820D708BDF8B3
:10664000003067F304038F080093BDF8003067F350
:106650004A13C7080093BDF8003067F3CF230093B7
:10666000BDF800703B460193BDF80410084605B024
:10667000F0BD0000AA010024A8010024A901002403
:10668000A601002410B50120074908700748FEF74D
:1066900088FC20B90648006824F0D2FD03E00448D5
:1066A000006824F0D9FD10BD340200241C0E002423
:1066B0003802002410B5044694F83E00C0F34000B0
:1066C00050B9A08F002807DDA08F4FF6FF718842D8
:1066D00002D0A08F401EA087A08FA8B9606B20B108
:1066E00094F83E00C0F3400070B121461748FEF711
:1066F000D7FCFFF7C7FFE06810B12046E168884784
:1067000020461AF011FE1FE0A06B4042E062606B71
:10671000D0B194F83E10C1F3400111B9216B494248
:10672000E16294F83E104908C94394F83E2061F3B1
:10673000410284F83E20E069616AE1616062A06A1A
:10674000616BA162606300BF10BD00001C0E0024DD
:106750002DE9F04180464248006824F0CDFB064612
:106760004048007880F001003E4908703E48FEF73E
:1067700018FC04466BE000203C49087094F83E0089
:10678000C0F3800037490978884253D035480178F2
:106790002C34A07C61F38200A07420688719A07C4F
:1067A0002C3CC0F3C00010BBE06A00281FDC002FA7
:1067B0001DDB94F83E0000F0010060B9206950B183
:1067C0002046216988470546E0692844E061606AFF
:1067D0002844606200BFA06810B12046A1688847C5
:1067E00094F83E0020F00800083084F83E00E06A8B
:1067F0003044E062E06A00281BDBD4E90A108842DA
:1068000001DDA06AE0622046A16988470546206A4A
:10681000A84206D02562606818B12946D4E9000272
:106820009047D4E90A10884202DB2046FFF742FF76
:1068300000BF00BF0D48007820B10B48FEF7B1FB48
:10684000044604E021460848FEF7C3FB0446002C3A
:1068500091D124F05FFB02490860BDE8F08100009F
:1068600030020024350200241C0E002434020024CF
:10687000F7B582B004460E4614B9049805B0F0BDD1
:1068800000BF6322314620461EF024FA0190019D8C
:1068900000BFBDB12868A8B100BF642231462046C0
:1068A0001EF018FA01900198C0B207464FB13A465F
:1068B0002B682846049998470190BDF80400ADF86C
:1068C000100000BF0498D9E770B504460D46606813
:1068D00018B129466068FFF7F7FF206818B129460C
:1068E00020462268904770BD70B505460C46A1B29F
:1068F00028460FF0BFFD70BD70B505460C46A1B22D
:1069000028460FF008FE70BD10B541EC100BFBF7E8
:10691000A7FE51EC100B10BD70B504460D4600BF2C
:10692000204600F03BF818B100BF00BF00BFFEE7F3
:1069300000BF284600F050F9001D616808446060FF
:10694000204600F03AF8204670BD70B505460C466A
:10695000284600F041F904F11001884201D30120DA
:1069600070BD0020FCE70146A1F1080070477CB52E
:1069700005460C46204600F02FF906466A4601A956
:1069800025F0FAFC21462846DDE900320DF07CFFB7
:106990007CBD0146087900F00100704710B504463F
:1069A000204600F019F908B9012010BD0020FCE7CD
:1069B0000146087900F00200704770B50446204691
:1069C00000F097F805462C60284670BD7CB5064659
:1069D0000C4600200190009000256CB16A4601A988
:1069E000204625F0E6FC01980E2805DA6A4601A942
:1069F000304627F01BFF054685B100BF284600F052
:106A0000EBF8A04203D200BF00BF00BFFEE700BF0B
:106A100029463046DDE9003227F03AFB28467CBDA6
:106A200070B504462046FFF7C8FF0546284600F02B
:106A3000BEF8204600F0B6F870BD70B5044620469A
:106A400000F057F80546284600F0B6F8204600F05A
:106A5000BEF870BD70B506460D46284600F049F8F0
:106A6000044600BF1CB900BF00BF00BFFEE700BF67
:106A70002046FFF78EFF90B100BF2846FFF78EFF3C
:106A800018B100BF00BF00BFFEE700BF214630467F
:106A900000F076F821462846FFF73EFF05462846D7
:106AA00070BD70B506460D462846FFF781FFF0B170
:106AB000284600F057F8044600BF1CB900BF00BFCD
:106AC00000BFFEE700BF00BF2046FFF762FF18B916
:106AD00000BF00BF00BFFEE700BF2146304600F008
:106AE0004FF829462046FFF717FF054600BF284606
:106AF00070BD2DE9F0410446204600F06DF8061FF8
:106B0000204600F0B8F80746314625F035FF054627
:106B100000BF2046FFF742FF18B100BF00BF00BF13
:106B2000FEE700BF2846BDE8F0812DE9F0410646AA
:106B30000C461546002794B100BF1DB900BF00BF29
:106B400000BFFEE700BF2A462146304600F097F816
:106B50002046FFF772FF204600F08DF807463846C2
:106B6000BDE8F08110B5044600BF2046FFF720FFC6
:106B700018B900BF00BF00BFFEE700BF206810BD0E
:106B80007CB505460C46204600F026F806466A46C7
:106B900001A925F0F1FB21462846DDE9003227F066
:106BA00077FA7CBD416841F001014160704741685E
:106BB00041F0020141607047416821F002014160EB
:106BC0007047426802F003030B434360704741681B
:106BD00021F00101416070470146486820F0030040
:106BE00070472DE9F04706460C46304600F043F862
:106BF0008046211F25F0C0FE07463046FFF7ECFF18
:106C0000211D451A00BF384600F035F88146384648
:106C100000F031F880460421FFF74BFB814503D09B
:106C200000BF00BF00BFFEE700BF00BF3046FFF758
:106C3000D3FF2919091D884203D000BF00BF00BF40
:106C4000FEE700BF29463846FFF7BBFF00BF3846C6
:106C5000FFF7C2FF0C2803D200BF00BF00BFFEE752
:106C600000BF21463046FFF7ACFF3846FFF7D8FE9D
:106C70003846BDE8F087014601F1080070472DE96C
:106C8000F04106460C46154600BF2046FFF781FE40
:106C900018B900BF00BF00BFFEE700BF294620466D
:106CA000FFF753FE78B129462046FFF79AFF0746C3
:106CB0002046FFF782FE3846FFF779FF3946304617
:106CC000FFF755FE00BFBDE8F0812DE9F041064613
:106CD0000C46154600BF2046FFF75BFE18B100BF0B
:106CE00000BF00BFFEE700BF29462046FFF72DFE8C
:106CF00088B129462046FFF774FF07463846FFF75C
:106D00005BFF39463046FFF7A5FE07463946304659
:106D1000FFF72DFE00BFBDE8F0812DE9F8430646E0
:106D2000344618F0E9FA8046404618F02AFB78BB52
:106D3000304615F06CFF38B3304615F0E4FD208F77
:106D4000E18E884212D0E08E2087E08E00906A4665
:106D50001C21304616F048FA0746012F02D038466B
:106D6000BDE8F88330461EF0D6FD00BF404618F05F
:106D700018FB0546042D06D130461CF02DFC0746B5
:106D8000002117F0ACF809E0304615F0A3FF05E04C
:106D9000FFE7208FE08630461EF0BDFD0120DFE7D3
:106DA0002DE9F0410446204616F018FA054628461B
:106DB0001CF06CFC0646284610F018FC0746012221
:106DC0003946304623F050FABDE8F0810146C1F360
:106DD000C01070470146C1F3801070470146C1F3EF
:106DE000C01070470146C1F3002070470146C1F34F
:106DF000C00070470146C1F3401070470146C1F31F
:106E0000402070470146C1F3003070470146C1F38E
:106E1000001070472DE9F04F89B004460D4600215F
:106E200020461CF0CEFA30B91C2128461AF093FCFB
:106E300009B0BDE8F08F2946204600F00BFB29463B
:106E4000204600F07DF8002120461DF0EDFC089062
:106E5000002120461DF06EFE0790002120461DF007
:106E6000A3FA012800D100E000208146002120463D
:106E70001EF016F90746002120461DF083FB06464A
:106E800042F2D170874205D1608CC0F3802008B9EE
:106E9000012000E00020824620461CF032FB0690D4
:106EA00000BF4FF0000824480288414620461DF0EC
:106EB00011FF03900398C0B200BF8346AA682969F6
:106EC0002868CDE90209CDE900125A465146089BCF
:106ED00006980CF08DFA288342F2D170864205D1D3
:106EE000608CC0F3402008B9012000E0002005902C
:106EF00020461CF0E7FA049000BF4FF000080F484E
:106F00000288414620461DF0E5FE03900398C0B27A
:106F100000BF83460023EA6869686869CDE9021307
:106F2000CDE900025A46079BDDE904010CF060FA46
:106F3000688300BF7CE700001E01002422010024BA
:106F40002DE9F34F87B00C4607980BF06FFA804697
:106F500007981CF0D6FA0690404601F0CAFA206164
:106F6000216948001AF04CF92060216948001AF0A4
:106F700047F9A060002548E05848029038F915000C
:106F800041F69A7188423FD10020019029E0019991
:106F900007981CF016FA0090514900981EF029F944
:106FA00000B11BE000980BF05FFA8246BAF1010FC6
:106FB00000D013E000980BF047FA8346AB4500D0B1
:106FC0000CE000981EF0ADF80299884201DA0298B0
:106FD00002E000981EF0A5F8029000BF0198401C46
:106FE000019007981CF00BFA01998842CFD80298BB
:106FF000002804DB0298A16821F8150003E00021B5
:10700000A06820F8151000BF6D1C2069A842B3D8F5
:107010000026B14600251BE038F9150041F69B71AA
:10702000884202DB411A0E4411E041F69A7188420F
:1070300006D1A16831F8151049440FFA81F906E02C
:10704000A16821F8150009EB00010FFA81F96D1C08
:107050002069A842E0D8002107981DF0E5FB0590C3
:107060002169491EDDE9050200FB112000B20690EE
:107070000698A0EB090007B2002F00DA00274FF0B6
:10708000FF30049000200390002513E038F915002C
:1070900041F69B7188420CDB421A11B207FB01F2E8
:1070A000B2FBF6F212B2A36823F8152004950391FF
:1070B00000BF6D1C2069A842E8D8049800280ADBAC
:1070C0000398301A7843B0FBF6F0381A01B2A26880
:1070D000049822F8101009B0BDE8F08F01E0FFFF1E
:1070E000010006002DE9FC5F0546002211462846F6
:1070F0001FF0D6FC002128461DF0BDF98146002175
:1071000028461DF03EFD484407B2002128461DF0E8
:10711000EFFA48440FFA80FA28461DF0ABF83844DD
:1071200050440FFA80FB3B4E28461CF068F9019052
:107130004FF000085CE0A868006850F82840364925
:1071400020461EF056F800B150E020461EF060FCCC
:10715000002839D1002120461DF0BEF8009000988B
:1071600030B1012807D0022804D0032815D100E04F
:1071700000BF00BF00BFB4F91A10B5F91600081A15
:10718000401CB04201DA304605E0B4F91A10B5F9F6
:107190001600081A401C06B214E0002120461DF01B
:1071A000B3FF70B904F114000FF08FFA3844B04205
:1071B00001DA304604E004F114000FF086FA384496
:1071C00006B200BF00BF10E0B4F91A10B5F91600FE
:1071D000081A401CB04201DA304605E0B4F91A1032
:1071E000B5F91600081A401C06B200BF08F10108E4
:1071F000019880459FD30748864209D006EB0A00D4
:1072000006B25E4502DD3046BDE8FC9F5846FBE70E
:107210005846F9E701E0FFFF010004002DE9FC5F9B
:1072200005460022114628461FF01EFC0021284674
:107230001DF021F98246002128461DF0DFFB504455
:107240000FFA80F8002128461DF02FFB50440FFA5A
:1072500080F928461DF01EF84844404400B20190D1
:10726000724C28461CF0CBF88346002128461DF0BE
:1072700074F8012866D100265BE0A868006850F821
:1072800026706B4938461DF0B4FF00B150E0384617
:107290001EF0BEFB002839D1002138461DF01CF835
:1072A0000090009830B1032805D0062804D00828A3
:1072B00015D102E000BF00BF00BFB5F91800B7F953
:1072C0001410401A401CA04201DA204605E0B5F92E
:1072D0001800B7F91410401A401C04B214E0002141
:1072E00038461DF004FF70B907F114000FF067FA7B
:1072F0004044A04201DA204604E007F114000FF0F8
:107300005EFA404404B200BF00BF10E0B5F91800B7
:10731000B7F91410401A401CA04201DA204605E0DB
:10732000B5F91800B7F91410401A401C04B200BF98
:10733000761C5E45A1D33D48844269D004EB090028
:1073400004B265E000265BE0A868006850F826708B
:10735000374938461DF04DFF00B150E038461EF069
:1073600057FB80BB002138461CF0B6FF0090009808
:1073700030B1012805D0042804D0072815D102E037
:1073800000BF00BF00BFB7F91800B5F91410401ACC
:10739000401CA04201DA204605E0B7F91800B5F913
:1073A0001410401A401C04B215E0002138461DF0AC
:1073B000ABFE78B907F114000FF001FA4844A0427F
:1073C00002DA204605E008E007F114000FF0F7F9B3
:1073D000484404B200BF00BF10E0B7F91800B5F987
:1073E0001410401A401CA04201DA204605E0B7F90B
:1073F0001800B5F91410401A401C04B200BF761CE6
:107400005E45A1D30948844202D004EB080004B2CF
:107410000648844202D10198BDE8FC9F019884424D
:1074200001DD2046F8E70198F6E7000001E0FFFFE4
:107430000100040010B50446206819F05DFF606883
:1074400019F05AFFA06819F057FFE06819F054FFCF
:1074500010BD00002DE9F34F87B00C4607980BF0E4
:10746000D5FD8046404601F044F8606161694800FE
:1074700019F0C6FE60606169480019F0C1FEE06065
:10748000002548E05948029038F9150041F69A71F4
:1074900088423FD10020019029E0019907981BF014
:1074A00090FF0090524900981DF0A3FE00B11BE030
:1074B00000980BF073FE8246BAF1010F00D013E082
:1074C00000980BF05BFE8346AB4500D00CE00098C3
:1074D0001CF08CF80299884201DA029802E00098C8
:1074E0001CF084F8029000BF0198401C019007989E
:1074F0001BF085FF01998842CFD80298002804DB51
:107500000298E16821F8150003E00020E16821F805
:10751000150000BF6D1C6069A842B3D80026B146B3
:1075200000251BE038F9150041F69B71884202DB0B
:10753000411A0E4411E041F69A71884206D1E16881
:1075400031F8151049440FFA81F906E0E16821F895
:10755000150009EB00010FFA81F96D1C6069A84262
:10756000E0D8002107981DF0E5FA069007981BF077
:10757000A9FF01466269521E069800FB121000B274
:1075800005900598A0EB090007B2002F00DA00274C
:107590004FF0FF30049000200390002511E038F9EF
:1075A000150041F69B7188420ADB421A11B207FBB3
:1075B00001F2B2FBF6F212B2E36823F8152000BF25
:1075C0006D1C6069A842EAD8049800280ADB039879
:1075D000301A7843B0FBF6F0381A01B2E26804982A
:1075E00022F8101009B0BDE8F08F000001E0FFFFA5
:1075F000010006007CB504460D4616462888218900
:10760000084400B2ADF8000068886189084400B2FF
:10761000ADF80200A8882189084400B2ADF8040042
:10762000E8886189084400B2ADF806003246694630
:107630002046636998477CBDF8B505460E462C4642
:10764000206B10B1206B007818B9606B08B901206D
:10765000F8BD606B58B1284623F0FBF90746104986
:1076600009688847616B884201D30020F0E7206BEE
:1076700098B1002000900AE069460A4A206B12681F
:1076800090470746B74201D10120E1E700BF206BD8
:107690000099405C0028EFD1DAE70120D8E700002C
:1076A0008C0200247C02002470B5044694ED470A45
:1076B000D4ED480A30EE200AD4ED490A30EE200A13
:1076C000B7EEC00A84ED4C0B94ED470AD4ED480A9E
:1076D00030EE600AD4ED490A30EE600AB7EEC00A17
:1076E00084ED6E0B94ED470AD4ED480A30EE600A43
:1076F000D4ED490A30EE200AB7EEC00A84ED900BB3
:1077000094ED470AD4ED480A30EE200AD4ED490A38
:1077100030EE600AB7EEC00A84EDB20B00251FE020
:1077200005EB051204F5947101EBC20191ED022BFA
:10773000B0EE421B05EB051204F5947101EBC2019A
:1077400091ED002BB0EE420B05EB051204F59471A0
:1077500001EBC20101F12000F5F751FD681CC5B233
:10776000042DDDDB70BD000070B5044604B970BDAA
:107770002046F5F757FE002510E02846ECF70CF8F8
:1077800000EE100AB8EEC00B05EB051104F594707D
:1077900000EBC10080ED000B681CC5B2042DECDBD2
:1077A0000948007840B10948006881B20848FAF7F2
:1077B000F3FC002004490870FAF7B2FC84ED450A96
:1077C000C4ED460A00BFD2E7C0030024C40300246E
:1077D000A01E012470B50546EBF7B4FFF5F752F98A
:1077E000EBF702FBFAF7BCFC01210F482AF000FD81
:1077F00001210E482AF0FCFC002411E004EB0412E5
:1078000005F5947101EBC20101F120009FED081B09
:107810009FED090B0A4A0021F5F76CFD601CC4B20C
:10782000042CEBDB70BD000024070024B807002403
:1078300000000000000044400000000000005E4026
:107840009838050870B50446EBF792FA0546012D05
:1078500002D0022D0AD104E000212046EBF756FCAD
:1078600005E001212046EBF751FC00E000BF00BF1E
:1078700070BD70B50546002411E004EB041205F557
:10788000947101EBC20191ED0E0BBDEEC00B10EE39
:10789000101A08B22146F5F783F9601CC4B2042C13
:1078A000EBDB70BD10B5044694F8100118B9204602
:1078B000F5F710FA02E02046F6F710F810BD0000C8
:1078C00010B504460322034904F12800F5F7DCF95A
:1078D00010BD0000B00200249FED060A80ED470AAB
:1078E0009FED040A80ED480A9FED020A80ED490AE7
:1078F00070470000000000000D48FFF76BFFECF739
:107900003FF90B48FFF7DCFF11E00948FFF79AFF4A
:107910000748FFF729FF0648FFF7C4FF0448FFF7B1
:10792000C3FE0348FFF7A5FF0A2025F031F8ECE776
:10793000E80F00242DE9FF4F8FB00F46209DF87807
:1079400000F0010008B1FA4800E0FA480E90F8781B
:1079500000F0010008B1F84800E0F8480D90F87810
:1079600000F0010008B9F44800E0F4480C90012050
:107970000B90B5E000220B9200206A88B5F804C095
:10798000A2EB0C0211B200261AE006EB860CEA68A4
:1079900002EB8C02127C02F0010242B906EB860C6B
:1079A000EA6802EB8C029289024410B207E006EB0F
:1079B000860CEA6802EB8C0212898A1A11B2761CD4
:1079C0002A69B242E1D8002685E006EB860CEA6817
:1079D00002EB8C02127C02F00102002A7AD191FBA8
:1079E000F0F80FFA88F306EB8609D5F80C8008EB5F
:1079F0008908B8F80C8008FB03F80FFA88F206EB48
:107A00008609D5F80C8008EB8908B8F9049006EBD4
:107A1000860AD5F80C8008EB8A08B8F906809045EC
:107A200001DD904607E006EB860AD5F80C8008EBEE
:107A30008A08B8F90680C14508DD06EB8609D5F845
:107A40000C8008EB8908B8F9048013E006EB86097E
:107A5000D5F80C8008EB8908B8F90680904501DD5F
:107A6000904607E006EB8609D5F80C8008EB8908FC
:107A7000B8F90680C44694450BD04FF0010806EBD8
:107A8000860AD5F80C9009EB8A09C9F81080CDF860
:107A90002C8006EB8609D5F80C8008EB8908A8F83D
:107AA00008C006EB8609D5F80C8008EB8908B8F801
:107AB0000C80A0EB08080FFA88F006EB8609D5F8D1
:107AC0000C8008EB8908B8F80880A1EB08080FFAC9
:107AD00088F100BF761C2A69B2423FF676AF00BF3C
:107AE0000B9800287FF446AF00210F981CF04FFC44
:107AF000012800D100E000200A90002009900890A1
:107B000008A809A9CDE9001029890BB2B5F902200E
:107B100038781E9924F0FEFFF87800F0010048B193
:107B20000A9838B10F981BF0ECFCBDF824100844FB
:107B300000B2099011990F981BF043FC04468AE1AA
:107B40007F4920461DF055FB40B1F878C0F3800115
:107B500011AA0F980BF095F804467CE1002120460D
:107B60001CF0E6FC07900798002858D000200390EE
:107B7000002610E006EB8601E86850F82100A042DC
:107B800008D106EB8600E96801EB8000B0F9080037
:107B9000039003E0761C2869B042EBD800BFF87868
:107BA00000F0010030B1608C20F4806000F580604E
:107BB000608405E0608C20F4007000F50070608443
:107BC00004F114000D9988470399884226D0204675
:107BD0001DF0A1FE00BFA08AADF80400E08AADF858
:107BE0000600208BADF80800608BADF80A0000BFDE
:107BF00004F114000E9A0399904701AA2921204606
:107C000015F0F2FA20461BF041FD22462221009099
:107C100015F0EAFA20461DF07EFE00BF07E0608CFA
:107C200020F480606084608C20F400706084002008
:107C300006907878012812D0022819D104F1140096
:107C40000C998847B5F90010491C21F00101081A68
:107C5000039000EBD070401000B2069009E004F1F0
:107C600014000C9988472988081A00B2069000E091
:107C700000BF00BFF87800F0010050B10A9840B191
:107C800004F114000D998847BDF82410081A00B2B9
:107C900009900020039043F20C02204603991DF046
:107CA00019F8029002980FFA80F800BF00200390A4
:107CB00043F20D02204603991DF00CF80290029841
:107CC0000FFA80F900BF20461DF02BFA05902046E0
:107CD0001BF08CFC049008F4C040B0F5005F01D1AB
:107CE000012000E0002030B128F4C040B0F5FA6F68
:107CF00001DC012000E0002090B128F4C040B0F584
:107D00007A7F04DD28F4C040C0F57A7001E028F4E1
:107D1000C04005994843642190FBF1F00FFA80F8C8
:107D200009F4C040B0F5005F0CD101200BE0000069
:107D30000B690208FF6802084B6802082D670208F9
:107D400001000600002030B129F4C040B0F5FA6F00
:107D500001DC012000E0002090B129F4C040B0F522
:107D60007A7F04DD29F4C040C0F57A7001E029F47F
:107D7000C04004994843642190FBF1F00FFA80F968
:107D8000A18A1C98401A40440FFA80FAE18A1D9893
:107D9000401A48440FFA80FBF87800F0010010B157
:107DA000BDF9240000E0069850440FFA80FAF878F4
:107DB00000F0010008B1069801E0BDF92400584424
:107DC0000FFA80FBBAF1000F02D1BBF1000F1BD0FC
:107DD00020461DF0A0FDA08A504400B2A082208B56
:107DE000504401B22183E08A584401B2E182608BA1
:107DF000584401B2618320461DF08DFD01235A468F
:107E0000514620461DF064FEF87800F0010008B1EC
:107E10000A9870B904F114000D9988471F99084415
:107E2000BDF820100844BDF82410084400B20990A1
:107E300008E0BDF820101F980844BDF82410081A67
:107E400000B20990F878C0F3800111AA0F980AF0E7
:107E500018FF044600BF24B1DDE9111081427FF410
:107E60006FAE13B0BDE8F08F2DE9F04F8DB0054631
:107E70008946B9F1000F02D10DB0BDE8F08FA5F829
:107E80001890286810B1286819F04EFA09EB4901DA
:107E9000062202EB410019F079F9286000BF28683A
:107EA00018B900BF00BF00BFFEE700BF28686860C8
:107EB0000221286801FB0900801CE8600421286871
:107EC00001FB0900001DA860B9F1010F0CD1B4201D
:107ED000696808700020E96808800120E968488026
:107EE0000020A9680880C7E709F10101C80019F05E
:107EF00087F9074609F1010007EB80084FF0000AF7
:107F00004FEA890002B20BA90CA800F067F900241F
:107F1000BDF930008010079000200390CCE00026CF
:107F200016E00BA90CA800F061F90CA800F04BF9C1
:107F300000B90FE0BDF93000801007A941F8260014
:107F4000BDF8300000F0030003A941F82600761CBC
:107F5000042EE6DB00BF042E00D0B3E00A99079898
:107F6000884219D1079800B227F814000FFA8AF056
:107F700028F81400DDE9030108440599084406992E
:107F80000844696808556868005D0007000E696864
:107F90000855601C04B28DE0DDE9070188422CD051
:107FA000079800B227F814000FFA8AF028F8140096
:107FB0000398696808556868005D0007000E6968E5
:107FC0000855601C04B20798401E00B227F8140040
:107FD0000FFA8AF028F814000498001D0599084447
:107FE00006990844696808556868005D0007000E36
:107FF00069680855601C04B25CE0099907988842DA
:108000002CD0079800B227F814000FFA8AF028F84D
:108010001400DDE903010844696808556868005DDB
:108020000007000E69680855601C04B20798401EDE
:1080300000B227F814000FFA8AF028F81400059807
:10804000083006990844696808556868005D0007AB
:10805000000E69680855601C04B22BE0079800B256
:1080600027F814000FFA8AF028F81400DDE903015C
:10807000084405990844696808556868005D000768
:10808000000E69680855601C04B20798401E00B2D3
:1080900027F814000FFA8AF028F8140006980C301C
:1080A000696808556868005D0007000E6968085532
:1080B000601C04B20AF1010A0CA800F084F8002840
:1080C0007FF42DAF00BF40F2D32109FB01F00290F5
:1080D000029880120190601E37F9101001988142B9
:1080E00005D1601E38F910100198814226D0DDE9D3
:1080F0000121A1EB8220B0F5007F04DC00FB00F140
:108100004800001407E0C0F5806000FB00F1480063
:108110000014C0F10F00019909B227F81410019959
:1081200009B228F814106A6810556968095D0907D2
:10813000090E6A681155611C0CB200BFA61E0EE044
:1081400038F8160027F8140037F8160028F814003D
:108150006868805D69680855761E601C04B2002E50
:10816000EEDA4FF0000B00260020E968088023E0DB
:10817000E96821F81B6037F81600A96821F81B0090
:1081800010E0A86830F81B0037F91610884203DAAF
:10819000A86830F81B0001E037F91600A96821F83B
:1081A0001B00761C38F91600584501D1A642E8DBC1
:1081B0000BF101000FFA80FBA642D9DB384619F01B
:1081C0009BF800BF58E60146B1F90200B1F9002062
:1081D000904201DC012070470020FCE70280002370
:1081E0004380C2F101031BB20B807047B1F900203C
:1081F000002A07DC0B8842885200D21C1A4412B2B3
:108200000A800CE042880388D21A5200521D0B8863
:108210001A4412B20A800288521E12B202804288A8
:10822000521C12B24280704737B582B01546022DFB
:1082300004DCBDF80C10084605B030BDBDF80C00DC
:10824000C00ABDF8081000EBD1241F2C01D2204633
:1082500000E01F20BDF8081060F3CF210291BDF8A7
:108260000C00C0F34510BDF80810C1F345114418C7
:108270003F2C01D2204600E03F20BDF8081060F3FB
:108280004A110291BDF80C0000F01F00BDF8081063
:1082900001F01F0144181F2C01D2204600E01F20CE
:1082A000BDF8081060F304010291FF2D03D1BDF861
:1082B00008100846C0E72A46DDE9020110F0E2FB9B
:1082C0000190BDF804100846B6E717B581B0144612
:1082D000022C04DCBDF80810084604B010BDBDF83F
:1082E0000400C00ABDF80810C90A10FB01F04109DA
:1082F000BDF8040061F3CF200190BDF8040000F048
:108300001F00BDF8081001F01F0110FB01F041092A
:10831000BDF8040061F304000190BDF80400C0F34F
:108320004510BDF80810C1F3451110FB01F081099B
:10833000BDF8040061F34A100190FF2C03D1BDF891
:1083400004100846C9E72246DDE9010110F09AFB56
:108350000090BDF800100846BFE737B582B015465B
:10836000022D04DCBDF80C10084605B030BDBDF888
:108370000C00C00ABDF80810A0EBD124002C01DDD0
:10838000204600E00020BDF8081060F3CF210291E4
:10839000BDF80C00C0F34510BDF80810C1F345113D
:1083A000441A002C01DD204600E00020BDF8081032
:1083B00060F34A110291BDF80C0000F01F00BDF8F7
:1083C000081001F01F01441A002C01DD204600E0D6
:1083D0000020BDF8081060F304010291FF2D03D1C5
:1083E000BDF808100846C0E72A46DDE9020110F092
:1083F00049FB0190BDF804100846B6E708B50346EE
:1084000000930098484080EA620008BD2DE9F84FCB
:108410008046404614F0E2FE8246404614F07DFE5F
:10842000064650461BF032F981462B2E09D14846AC
:1084300021F00DFF044600222146484621F014FF9A
:108440003AE00A2E38D1694650461BF0A1F9504651
:108450001BF057F80446002148461BF0B2FF0128E4
:108460000AD1204604EBD071BDF90020C2EB6101B6
:1084700091FBF4F10DB209E0204604EBD071BDF997
:10848000002002EB610191FBF4F10DB2002D00DA46
:1084900000250027484621F0DAFEA84200D0012737
:1084A00001222946484621F0DFFE27B100221C2187
:1084B000484614F099FE00BFBDE8F88F10B5806003
:1084C000C06000230361002110E0002400F11403C8
:1084D00043F82140002206E000F14C0303EBC113F6
:1084E00043F82200521C202AF6DB491C0E29ECDB43
:1084F00010BD0146002000E0401C31F9102041F67B
:10850000FF739A42F8D170477CB506460D46344653
:108510005020005D00F00100A84233D00DB10120D1
:1085200000E000205021095D60F30001502001555A
:1085300004F1440168460EF0B8F8BDF80000616A25
:10854000898A084400B2ADF80000BDF80210606AE4
:10855000C08A084400B2ADF80200BDF80400616AA8
:10856000898A084400B2ADF80400BDF80610606ABC
:10857000C08A084400B2ADF80600694630461DF0D6
:1085800004FA00BF7CBD37B582B0054614462146CB
:10859000039810F0C8F80190BDF80410084605B023
:1085A00030BD2DE9FF4F8DB005460E461446F07ADA
:1085B000022803DC012011B0BDE8F08F3089326958
:1085C00001460C901098FCF715FA07460FB90020E9
:1085D000F1E7397D01F01F0015F05DFE10B14FF09D
:1085E00006080AE0397D01F01F0015F037FE10B1D2
:1085F0004FF0050801E04FF00408386A38B100BFB9
:1086000000BF214628463A6A26F021FBDEE0B86921
:10861000002859D021460BA80EF008F8308818B968
:108620007088B0F5807F32D020460EF0D6F88346B1
:1086300000BFE0886188401A401C00B20890301DDD
:108640007188CDE90010308803B259460BA8089A0A
:10865000FBF7FAFCBDF82C002188084400B2ADF805
:108660002C00BDF82E006188084400B2ADF82E0041
:10867000BDF830002188084400B2ADF83000BDF8E4
:1086800032006188084400B2ADF8320000BF0BAA86
:1086900009A8A968FBF7C8F88146B9F1000F04D111
:1086A000384601F0FAFB012085E7D5F808A009A8B3
:1086B000A860CDF80080224631462846BB6911F0FB
:1086C000D7FAC5F808A081E022460BA8A968FBF7F5
:1086D000ABF80A900A9820B9384601F0DEFB012079
:1086E00069E70BA80EF079F809900BA80EF075F861
:1086F00000EB4000039018F083FD8146D5F808A0F8
:108700000BA907A80DF092FF012107A80EF0F7F8BA
:10871000BDF92C00B4F90010401A0690BDF92E00E6
:10872000B4F90210A0EB010BBDF92E00059042E058
:1087300007AA514602A8FBF777F80A900A9800B9F1
:1087400036E0CDF80090099803B20FFA8BF2069844
:1087500001B2384616F0CCFA0490049801280ED0E5
:10876000384616F0E5F900BF00BF484618F0C4FDD2
:10877000384601F092FBC5F808A000201BE702A8CC
:10878000A8604B4607AA31462846CDF8008011F074
:108790006FFABDF81E00401C00B2ADF81E00BDF817
:1087A0002200401C00B2ADF822000BF1010B00BF0B
:1087B0000598401C0590BDF9321005988142B7DA42
:1087C000C5F808A0484618F097FD00BF384601F0EC
:1087D00064FB0120EFE600BF00BF704770B505469F
:1087E0000E46144602480460284610F0B7FE70BDDD
:1087F000AC10005010B5F3F763FE00210948EEF706
:108800003DF8002205215820EEF7F4F85820EEF745
:10881000DDF804480068406B40F001000149096838
:10882000486310BD2C0B0024F8B505462C4616F005
:1088300063FD0646206B22F05FFB3168898B88421E
:108840002CD2606A009094F83C0000F0030020B144
:10885000012806D002280CD107E00020ADF8000066
:1088600007E064208DF8020003E064208DF8030027
:1088700000BF00BF304616F003FF2846009910F0F5
:108880000EFD50B100221C21284614F0ADFC074615
:10889000012F01D03846F8BD00BF00BF22F03AFBDF
:1088A00020630120F7E700002DE9F04F9BB0074659
:1088B00089461646BA4617A810F057FF4FF4A02174
:1088C00038461BF021FD9DF8691060F382018DF898
:1088D000691030460DF0C0FF054600EBD5704FEA39
:1088E00060083088404400B2ADF8580070884044B9
:1088F00000B2ADF85A00002138461BF0B8FE1590C2
:10890000494603A81AF012FB17A80B904FF4003049
:10891000109033480490002005900AF13000FCF7D5
:1089200065FB044657E02079032800D04DE0208BFA
:10893000ADF85C00208A00B2ADF85E006079FD28D9
:1089400001DD159803E060791599484300128DF810
:1089500068002568B5F92000E98B08440090B5F956
:108960002030D5E90512A06818F0FCFB8346B5F964
:108970002000E98B08440090B5F92030D5E90512B4
:10898000E06818F0EFFB0290608B404400B2ADF855
:108990004800149416A80C9003AA1A21384614F023
:1089A00023FC029880B21FFA8BF1CDE90010BDF8CC
:1089B000480083B216AA17A9484610F0B8FE03AAC9
:1089C0001B21384614F010FC00BF21460AF130008C
:1089D000FCF706FB0446002CA5D11BB0BDE8F08FC8
:1089E00040FE040870B504460D4600222946204684
:1089F00007F082FE01222946204607F07DFE022272
:108A00002946204607F096FC04222946204607F016
:108A100091FC70BD2DE9F74F9EB00C46E07802281E
:108A200002DC21B0BDE8F08F1CA820990DF010FEEB
:108A3000B4F9200001282EDD94F82200FD282ADB5D
:108A4000208840B3BDF8700014F8231F4908C1F313
:108A50008001084400B2ADF87000BDF872002178C2
:108A60004908C1F34001084400B2ADF87200BDF8F6
:108A7000740021784908C1F3C001401A00B2ADF872
:108A80007400BDF8760014F82319C1F34001401AB0
:108A900000B2ADF876001E981CA982681AA8FAF7F1
:108AA000C3FE00B9BDE7E07B00F0070616B9A08859
:108AB000199001E0E0881990BDF864106089814246
:108AC00000D100261CA812F039F818901C2111A81A
:108AD000E7F7D3FFA0788DF85D00BDF86400ADF82E
:108AE0004C00189860B9208850B94EB91CA8119054
:108AF000E0788DF85C0011A91E9812F0F1FF90E764
:108B0000E078FD2801DBFF2000E0E07810901CA851
:108B10000DF094FE0F901CA80DF001FE0E90DDE903
:108B20000E01814201DA0F9800E00E980D90B4F921
:108B300000100D98B1EB600F02DAB4F9000001E00B
:108B40000D98401007461AA80DF078FE81464FF0A8
:108B5000FF300C9000200B90002F01DC189870B1B2
:108B6000484618F04DFB0B9000233AB21CA905A80B
:108B700012F05CFB002105A811F0DAFC0C90BDF8A6
:108B80006800ADF80C00BDF86C00ADF810000B9853
:108B9000149003A811901690FF208DF85C00A01D82
:108BA000DDE90E2114F04AFF8046B8F1000F0CD029
:108BB000022E0AD1BDF96810D8F8080000EB410078
:108BC000BDF97010A0EB410012901898A0B3BDF948
:108BD0006A502CE028B2ADF80E0028B2ADF81200B1
:108BE0004A4610990B9818F07CFDBDF968100FFAF1
:108BF00089F32AB20B9811F051FF8DF854009DF8BB
:108C00005400012802D102208DF85400012E09D110
:108C1000BDF97210691AD8F8080000EB410000880D
:108C2000ADF84C0011A91E9812F05AFF6D1CBDF949
:108C30006E00A842CEDACCE0FFE700255CE0BDF88C
:108C4000720028440FFA80FABDF87600401B0FFA34
:108C500080FBBDF96A00504504DDBDF96E00584542
:108C600000DA48E04A4610990B9818F03AFDBDF931
:108C70000C100FFA89F352460B9811F00FFF8DF884
:108C800054009DF85400012802D102208DF85400B0
:108C9000BDF96A00504514DCADF80EA0ADF812A085
:108CA000012E0AD1BDF97210AAEB0101D8F8080013
:108CB00000EB41000088ADF84C0011A91E9812F09D
:108CC0000FFFBDF96E00584514DBADF80EB0ADF8DE
:108CD00012B0012E0AD1BDF97210ABEB0101D8F828
:108CE000080000EB41000088ADF84C0011A91E9867
:108CF00012F0F6FE00BF6D1CBD42A0DBBDF8700097
:108D0000ADF80400BDF87400ADF80800BDF87200BD
:108D1000384400B2ADF80600BDF87600C01B00B2C2
:108D2000ADF80A0001A811F009FF00900098B0B951
:108D3000AEB9BDF87200384400B2ADF80E00BDF80F
:108D40007600C01B00B2ADF8120010988DF85C00E0
:108D50000020149011A91E9812F0C2FE38E010985D
:108D60008DF85C0001208DF85400BDF97600A0EB71
:108D7000070ABDF97200C51927E0009870B14A468C
:108D800010990B9818F0ADFCBDF968100FFA89F333
:108D90002AB20B9811F082FE8DF8540028B2ADF87B
:108DA0000E0028B2ADF81200012E09D1BDF97210E3
:108DB000691AD8F8080000EB41000088ADF84C00B3
:108DC00011A91E9812F08CFE6D1C5545D5DD00BF13
:108DD00000BF0B9810B10B9818F08EFA0C98401C3D
:108DE00028B10C9812F00AFB05A811F083FEB8F127
:108DF000000F02D0404614F018FE00BF11E62DE926
:108E0000F0478EB007460C461546206910B90EB0E3
:108E1000BDE8F087A07E022800DCF8E7206916F0A4
:108E20000BFA0646022E55D1002041F6FF71CDE91E
:108E30000001029003460DA8D4E9041222F074FC4C
:108E400028460DF0FBFC814600EBD970298801EB28
:108E50006000BDF9348008EBD871A0EB610000B26E
:108E6000ADF82C00BDF82C00BDF834100844401EAD
:108E700000B2ADF8300028460DF051FC814600EB01
:108E8000D970698801EB6000BDF9368008EBD871B4
:108E9000A0EB610000B2ADF82E00BDF82E00BDF8C9
:108EA00036100844401E00B2ADF8320003A811F09D
:108EB000C7FA60690390208BADF81800A07E8DF88A
:108EC0002600002000900BAA03A93846236910F061
:108ED00003FFAEE00DA9206915F056FE8046B8F1FB
:108EE000010F02D000BF00BF91E707A810F0D7FE26
:108EF000A0788DF82800208BADF82400E07E8DF856
:108F00002600A07E8DF82700207FE8BB28460DF0C4
:108F100095FC824600EBDA70298801EB60000D9920
:108F2000C1F38A2909EBD971A0EB610000B2ADF859
:108F3000140028460DF0F3FB824600EBDA706988D6
:108F400001EB60000D994FEA515909EBD971A0EB83
:108F5000610000B2ADF81600BDF814000D99C1F320
:108F60008A210844401E00B2ADF81800BDF8160072
:108F70000D9900EB5150401E00B2ADF81A0005AA41
:108F800007A93846236900E002E010F039FE4FE0FF
:108F90006888ADF81600BDF816000D9900EB515029
:108FA000401E00B2ADF81A003BE02888ADF814006E
:108FB000BDF814000D99C1F38A210844401E00B287
:108FC000ADF8180017E005AA07A93846236910F084
:108FD00017FEBDF814000D99C1F38A21084400B2B0
:108FE000ADF81400BDF818000D99C1F38A210844AA
:108FF00000B2ADF81800BDF91400B5F904108842AC
:10900000E1DDBDF816000D9900EB515000B2ADF84E
:109010001600BDF81A000D9900EB515000B2ADF8E2
:109020001A00BDF91600B5F906108842BDDD00BF73
:1090300000BF00BFEBE62DE9F04F87B083460C463A
:10904000164694F82200022802DC07B0BDE8F08F33
:10905000208C00B9F9E794F82300C0F3440000B96C
:10906000F3E794F8230000F0010000B1EDE730468B
:109070000DF0E4FB814630460DF051FB0746B4F994
:109080000050B94501DA484600E038468246B5EB63
:109090006A0F01DD4FEA6A05314605A80DF0D8FADE
:1090A000BDF9141094F82300400800F0040010B13A
:1090B000B4F9200003E0B4F92000284440420844F9
:1090C00000B2ADF81400BDF9181094F82300400860
:1090D00000F0080010B1B4F9200003E0B4F920005A
:1090E00028444042081A00B2ADF81800BDF9161025
:1090F00094F82300400800F0020010B1B4F92000F9
:1091000003E0B4F9200028444042084400B2ADF81E
:109110001600BDF91A1094F82300C0F3400010B1F6
:10912000B4F9200003E0B4F9200028444042081AB2
:1091300000B2ADF81A00208C281A0FFA80F8B8F1A6
:10914000000F01DA4FF00008A07894F82210CDE962
:109150000210E08BADF804002BB205AA3146584648
:10916000CDF8008000F002F800BF6EE72DE9FF4F58
:10917000A3B00D4616461F463298FF2801DBFF209C
:1091800000E032983290284611F0D8FC22902298C4
:1091900068B967B9309850B932980090324629467C
:1091A000319B239800F0A9FA27B0BDE8F08F2398EF
:1091B0002946826820A8FAF737FB00B9F4E720A80F
:1091C0000DF03CFB81461C2119A818F0C4FA484652
:1091D00018F016F81C904FF0FF301890002F0ADDA1
:1091E00000233A46294612A812F020F8002112A8BE
:1091F00011F09EF91890012331460CA8309A12F014
:1092000015F800210CA811F093F90B9009A81990FA
:109210001E90BDF8C400ADF86C0032988DF87C004B
:1092200033988DF87D00B5F900003844B6F9001088
:10923000884203DDB5F90000384401E0B6F90000CA
:1092400000B2ADF81C00B5F90400C01BB6F904105B
:10925000884203DAB5F90400C01B01E0B6F9040046
:1092600000B2ADF82000B5F902003844B6F902109A
:10927000884203DDB5F90200384401E0B6F9020086
:1092800000B2ADF81E00B5F90600C01BB6F9061015
:10929000884203DAB5F90600C01B01E0B6F9060002
:1092A00000B2ADF8220007A80DF0C8FA0690B5F993
:1092B0000200B6F90210884201DC012000E0002023
:1092C0008246B5F90600B6F90610884201DB012096
:1092D00000E000208346229800284CD0BDF8800092
:1092E000ADF82400BDF88400ADF82800BDF9824037
:1092F00029E0BAF1000F04D1BDF91E00A04200DD43
:1093000020E0BBF1000F04D1BDF92200A04200DA39
:109310001DE020B2ADF8260020B2ADF82A00494683
:109320001C9818F04FFABDF980100FFA89F322B299
:109330001C9811F0B3FB8DF8740019A9239812F052
:10934000CFFB00BF641CBDF98600A042D1DA00BF8C
:109350000CA811F0CFFB0B9812F050F81898401C95
:1093600028B112A811F0C6FB189812F047F81C9803
:1093700017F0C2FF18E7B5F90000B6F900108842EF
:1093800001DC012000E000200590B5F90400B6F9E9
:109390000410884201DB012000E00020049001203D
:1093A0000390059860B1049850B1BAF1000F07D04E
:1093B000BBF1000F04D00698322801DA0020039098
:1093C00001208DF87400BAF1000F15D0039898B100
:1093D000BDF81C00ADF82400BDF82000ADF8280051
:1093E0006888ADF826007088401E00B2ADF82A00EB
:1093F00019A9239812F074FBBBF1000F15D0039844
:1094000098B1BDF81C00ADF82400BDF82000ADF8FF
:109410002800F088401C00B2ADF82600E888ADF8BE
:109420002A0019A9239812F05BFB059898B12888A7
:10943000ADF824003088401E00B2ADF82800BDF819
:109440001E00ADF82600BDF82200ADF82A0019A9CB
:10945000239812F045FB049898B1B088401C00B2E4
:10946000ADF82400A888ADF82800BDF81E00ADF8BE
:109470002600BDF82200ADF82A0019A9239812F0A1
:109480002FFB0398F0BBBDF88000ADF82400BDF8B9
:109490008400ADF82800B5F90200B6F90210401AB0
:1094A000B84201DA384604E0B5F90200B6F9021014
:1094B000401A00B20290002442E06888204400B2C2
:1094C0000190E888001B00B20090BDF9821001985D
:1094D000814205DDBDF986100098814200DA2EE058
:1094E00049461C9818F06EF9BDF924100FFA89F35B
:1094F000019A1C9811F0D2FA8DF87400BDF982100F
:10950000019800E020E0814209DC0198ADF82600D6
:109510000198ADF82A0019A9239812F0E1FABDF9D3
:1095200086100098814209DB0098ADF8260000986B
:10953000ADF82A0019A9239812F0D2FA00BF641CD2
:1095400002988442B9DBC7E0BDF88000ADF8240082
:10955000BDF98410BDF91C00401E814202DABDF93C
:10956000840002E0BDF91C00401E00B2ADF82800E6
:1095700009A80DF063F98046B8F1000F48DD0598A1
:1095800010B9BAF1000F1ED0BDF9824017E020B229
:10959000ADF8260020B2ADF82A0041461C9818F01C
:1095A00011F9BDF92410434622B21C9811F076FA45
:1095B0008DF8740019A9239812F092FA641CBDF971
:1095C0001E00A042E3DC059810B9BBF1000F1FD0CC
:1095D000BDF92200441C17E020B2ADF8260020B2ED
:1095E000ADF82A0041461C9818F0ECF8BDF924109B
:1095F000434622B21C9811F051FA8DF8740019A953
:10960000239812F06DFA641CBDF98600A042E3DADB
:10961000BDF98010BDF92000401C814202DDBDF97A
:10962000800002E0BDF92000401C00B2ADF824002B
:10963000BDF88400ADF8280009A80DF0FFF88046B9
:10964000B8F1000F48DD049810B9BAF1000F1ED030
:10965000BDF9824017E020B2ADF8260020B2ADF887
:109660002A0041461C9818F0ADF8BDF92410434675
:1096700022B21C9811F012FA8DF8740019A92398DF
:1096800012F02EFA641CBDF91E00A042E3DC04981F
:1096900010B9BBF1000F1FD0BDF92200441C17E028
:1096A00020B2ADF8260020B2ADF82A0041461C9841
:1096B00018F088F8BDF92410434622B21C9811F026
:1096C000EDF98DF8740019A9239812F009FA641CB9
:1096D000BDF98600A042E3DA0CA811F00BFA0B9852
:1096E00011F08CFE12A811F005FA189811F086FE00
:1096F0001C9817F001FE00BF56E52DE9FF4F89B019
:1097000080460C461546DDF858901C21684618F036
:1097100022F807A80090BDF83000ADF808008DF8D9
:109720001890B4F90200B5F90210884201DC01205A
:1097300000E000200646B4F90600B5F9061088429C
:1097400001DB012000E000200746B4F90000B5F974
:109750000010884201DC012000E000208246B4F9BC
:109760000400B5F90410884201DB012000E000206C
:1097700083462088ADF81C00A088ADF820006088E2
:10978000ADF81E006888401E00B2ADF822001EB180
:109790006946404612F0A4F9E888401C00B2ADF8D2
:1097A0001E00E088ADF822001FB16946404612F065
:1097B00097F92088ADF81C002888401E00B2ADF84B
:1097C000200016B1B5F9020001E0B4F90200ADF8CD
:1097D0001E0017B1B5F9060001E0B4F90600ADF8B6
:1097E0002200BAF1000F03D06946404612F078F922
:1097F000A888401C00B2ADF81C00A088ADF820007D
:10980000BBF1000F03D06946404612F069F90DB074
:10981000BDE8F08F2DE9FF4F93B00746904699467B
:109820004FF6FF70804502D117B0BDE8F08F3E467D
:10983000746A208C1290208C484506D0A4F82090A1
:10984000608C20F00400001D60844FF480212046CD
:109850001BF00DFB11904FF4802120461BF077FB8D
:109860000546119813F01CFE8246384609F00FF9A0
:109870008346BBF81600ADF83E00BDF93E000AEB8A
:10988000050108FB010000B2ADF83E00284605EBDB
:10989000D071BDF83E20A2EB610109B2ADF83E10D7
:1098A000BDF83E0050442844401E00B2ADF84200CE
:1098B000706A808AADF83C00706A008BADF8400099
:1098C00001A811F0C9FD01AA4FF4802120461BF028
:1098D00073FE0FAA01A9149811F0A2FD129820841A
:1098E000608C20F00400608400BF9DE72DE9F04FFC
:1098F00091B007460D46904699464FF6FF70804559
:1099000002D111B0BDE8F08F1097109F7C6A208CB7
:109910000F90208C484506D0A4F82090608C20F051
:109920000400001D608407A810F08AFD07AA4FF408
:10993000802120461BF065FD4FF4802120461BF05E
:1099400006FBADF82E00384609F0A1F8064606B928
:10995000D7E7079813F0A4FD8246F08AADF8160009
:10996000BDF91600BDF92E10514408FB010000B2EC
:10997000ADF81600BDF92E0000EBD071BDF8162031
:10998000A2EB610109B2ADF81610BDF81600504403
:10999000BDF82E100844401E00B2ADF81A00A08A8F
:1099A000ADF81400208BADF8180005AA03A8A9682B
:1099B000F9F73AFF8346BBF1000F13D0A868029075
:1099C00003A8A860304616F0CDFB0190002000905F
:1099D00006F1140207A92846019B10F07DF90298B0
:1099E000A86000BF0F982084608C20F00400608481
:1099F00000BF86E72DE9F0410546354800680FF0C5
:109A0000C7FD04462868866BF06A10B13046F16ADB
:109A10008847206890B1606880B10CE02C480068ED
:109A20000068806A38B12A4A12681068284A1268A9
:109A30001268916A884720690028EFD101202061CF
:109A4000234800680068C068806900F0010050B1D8
:109A50001F4800680068C0688069C0F3400010B10A
:109A60000120606101E000206061606908B10120AF
:109A700000E0002007462868406998B12868007C0B
:109A8000C0F3011048B12868007CC0F3800020B109
:109A9000D6E9001000F01EF804E0D6E9002128689D
:109AA000FDF7A8FD206880B1606870B12868007C6F
:109AB00000F0010000B147B12168A068884202D1DE
:109AC0006068A06001E02068A060BDE8F08100004F
:109AD000E80000242DE9F34F83B00446884800686D
:109AE0000568874800680068007CC0F3400040B10A
:109AF000287CC0F3800020B100BF00BF05B0BDE8E6
:109B0000F08F287CC0F3011002280AD12146284694
:109B1000049A00F004F921462846049AFDF76AFDEC
:109B2000EBE0287CC0F30110012804D0287CC0F3AE
:109B300001100328F4D100200290714800680FF052
:109B400027FD824620460CF041FE064620460CF0DA
:109B5000C3FD83464FF4A050B0FBF6F000B2584569
:109B600005DA4FF4A050B0FBF6F000B200E0584622
:109B70000190B4F90280287CC0F3011001280BD1B8
:109B800068882188401A401E00B2E080E088801B6F
:109B9000401C00B2608006E020886080608830440D
:109BA000401E00B2E08000279EE0ABEB0701019869
:109BB000814201DD019801E0ABEB07000FFA80F96B
:109BC0000120CAF8100047BBB34526DBB146297C0B
:109BD000C1F30111032901D1012100E00021084650
:109BE0003146049A00F00FF9287CC0F301100128D7
:109BF00007D1A4F8008008EB0600401E00B2A08048
:109C00003FE02888401EA0EB080000B2A080A0889A
:109C1000801B401C00B2208033E0029820B94FF432
:109C2000205017F0EDFA029002980090297CC1F3C1
:109C30000111032901D1012100E0002108464A4613
:109C40003146049B00F0B2F8287CC0F301100128D3
:109C50000AD108EB070000B2208008EB0700484457
:109C6000401E00B2A0800CE02888401EA0EB080037
:109C7000C01B00B2A080A088A0EB0900401C00B26D
:109C8000208007EB090058450DDBDAF8180000F0DA
:109C9000010040B1DAF81800C0F3400018B101200B
:109CA000CAF8140002E00020CAF81400029808B9AB
:109CB000049800E00298024621462846FDF79AFCE7
:109CC00004E0A86A10B12846A96A8847DAF81000AB
:109CD0000028F6D106FB09F1049800EB410004903E
:109CE00007EB090007B200BF5F45FFF65EAF0298C1
:109CF00010B1029817F000FB00BF00BFFEE60000A5
:109D0000E800002418B5048800940C8804801488A6
:109D10000C801C881480BDF800401C8018BD2DE903
:109D2000FC5F05460C46164620460CF04FFD824669
:109D300020460CF0D1FC83461AFB0BF001900198F1
:109D4000471E4FF0000811E006EB47000088009026
:109D500006EB470006EB48010988018006EB480046
:109D6000BDF8001001807F1E08F101084745EBD8BF
:109D7000B4F9069068886188401A401E00B2E080FD
:109D80006888A0EB0900401E00B26080B4F904901E
:109D900028882188401A401E00B2A0802888A0EBA5
:109DA0000900401E00B22080BDE8FC9F2DE9F0476D
:109DB00004461D46089F01FB02F0A0F1010C481E5D
:109DC00000FB02F800231AE008EB03000CB1ACEB37
:109DD000000000260FE0A946AD1C07EB400AB9F8C9
:109DE0000090AAF800900CB1104400E0801A06F12F
:109DF00001090FFA89F68E42EDDB581C03B293423B
:109E0000E2DBBDE8F0872DE9F04782460C461546B7
:109E100000263BE0002731E0601E801B0FFA80F82F
:109E2000601EC01B0FFA80F9BAF1000F12D007FBB9
:109E3000048C05EB4C0308FB049C05EB4C0209FB6E
:109E4000046C05EB4C0106FB047C05EB4C00FFF7B2
:109E500059FF11E009FB046C05EB4C0308FB049C63
:109E600005EB4C0207FB048C05EB4C0106FB047C64
:109E700005EB4C00FFF746FF781C07B2601C00EBB7
:109E8000D071B7EB610FC7DB701C06B204EBD47165
:109E9000B6EB610FBEDBBDE8F08710B50446204687
:109EA00014F046FE10BD00002DE9F14F9EB01E9843
:109EB00013F094F905462C461E9813F036F91D90C0
:109EC000606A16F04FF907465020005D00F001006F
:109ED00010B91FB0BDE8F08F0FA811F0BDFA0FAA9E
:109EE0004FF4E02128461BF067FB04F144010DA864
:109EF0000CF0DBFBBDF83400616A898A084400B2CB
:109F0000ADF83400BDF83610606AC08A084400B26B
:109F1000ADF83600BDF83800616A898A084400B29D
:109F2000ADF83800BDF83A10606AC08A084400B243
:109F3000ADF83A000DAA0FA91D9811F071FA4FF46F
:109F4000E02128461AF0D8FA06464FF4E0212846C8
:109F50001AF03AFD30440FFA80F84FF4E021284619
:109F60001AF0ABFE30440FFA80F900200B900C90F1
:109F7000E16CC8191F49096888478246E06CC1191D
:109F800052460BA817F059FABDF83400404400B20D
:109F9000ADF83400BDF83600484400B2ADF83600E4
:109FA0004FF0000BD4F824A040F2574259465046D7
:109FB0001AF090FE019001980A9002A810F040FA61
:109FC00002AA4FF4E02128461BF01BFA9DF83F003F
:109FD000022805DCBDF81400BDF82810884207D01F
:109FE00000200BAB0DAA02A900901D980FF074FE83
:109FF00000BF6EE7700200242DE9F04FBDB00546AA
:10A000000E4600BF00BFAB460BF13000FBF73CF83B
:10A0100010B13DB0BDE8F08F05F114023BA8B16866
:10A02000F9F702FC00B9F4E7B0683A903BA8B060D9
:10A0300035A810F051FA35AA4FF4E02128461BF05C
:10A0400047FA27A811F008FA9DF8DC008DF89F0068
:10A0500047F6FF70ADF89C004FF4E02128461BF056
:10A060002CF8074600EBD7704FEA60094FF4E02167
:10A0700028461BF022F8074600EBD7704FEA600A2B
:10A08000314604A818F052FF24A80A9016A8089098
:10A090004FF4E020119069480590052006900BF1DF
:10A0A0003000FAF7A3FF0446C0E00A2235A924A82D
:10A0B00017F0C3F9382227A916A817F0BEF9E088CF
:10A0C000ADF89000E088ADF85C0039A80D9038A894
:10A0D0000E90607B00F0010020B1B4F90070B4F97B
:10A0E000028010E0A08847F6FF71884200D197E017
:10A0F000A28801AB2846A1680DF0D0FEBDF904701E
:10A10000BDF9068000BFA88A384407B2E88A4044F7
:10A110000FFA80F8B9F1000F19D0BAF1000F16D07C
:10A12000A7EB090000B2ADF8080007EB090000B288
:10A13000ADF80C00A8EB0A0000B2ADF80A0008EB7D
:10A140000A0000B2ADF80E0002A8079001E000205E
:10A150000790207B00F0030070B3207B00F001002B
:10A1600010B1B5F9140000E03846ADF8E400ADF8E0
:10A17000E680207B00F0020010B1B5F9180000E085
:10A180003846ADF8E000BDF8E600ADF8E20004AAFC
:10A190001A21284613F028F838AB39AA24A93046EA
:10A1A00010F083F902AA16A9304611F039F904AA71
:10A1B0001B21284613F018F8207B00F00C0070B328
:10A1C000ADF8E470207B00F0040010B1B5F9160082
:10A1D00000E04046ADF8E600BDF8E400ADF8E00070
:10A1E000207B00F0080010B1B5F91A0000E04046ED
:10A1F000ADF8E20004AA1A21284612F0F5FF38ABA8
:10A2000039AA24A9304610F050F902AA16A93046FE
:10A2100011F006F904AA1B21284612F0E5FF00BF41
:10A2200021460BF13000FAF7DBFE0446002C7FF4E8
:10A230003CAF3A98B06000BFEBE6000008F90408B4
:10A240002DE9F14F9AB01A9812F0C8FF04461A98F7
:10A2500012F06BFF199020461AF063FF0746204664
:10A2600019F0C4F9834607EBD771A28A02EB6101AA
:10A2700009B218910BEBDB714A10E18A114409B263
:10A28000179107EBD7714E1014A810F025F914AAF6
:10A29000002120461BF01CF94FF41D7016FB00F046
:10A2A000552190FBF1F0642190FBF1F000B2ADF884
:10A2B0005200BDF85200801C00B2ADF852000020E0
:10A2C0001390002120461AF02EF80546002347F689
:10A2D000FF7204F114010DA810F0A8FF00210DA8D1
:10A2E00010F026F90C9000BFA08AADF82800E08A93
:10A2F000ADF82A00208BADF82C00608BADF82E0055
:10A3000000BFBDF82800284400B2ADF82800BDF811
:10A310002C00401B00B2ADF82C00BDF82A002844E8
:10A3200000B2ADF82A00BDF82E00401B00B2ADF817
:10A330002E00012347F6FF720AA904A810F076FF49
:10A34000002104A810F0F4F80390BDF952804FF0FA
:10A35000000A4FE051462046FCF7C0F80090BDF8D7
:10A360000000ADF850001398C0F30F290FFA89F0E0
:10A3700021F0ECF806EB08014843189901EBE030B6
:10A3800000B2ADF804000FFA89F021F0CFF806EB27
:10A3900008014843179901EBE03000B2ADF8060020
:10A3A0000FFA89F021F0D2F8711BA1EB08014843A4
:10A3B000189901EBE03000B2ADF808000FFA89F00F
:10A3C00021F0B4F8711BA1EB08014843179901EB88
:10A3D000E03001B2ADF80A1002AB01AA14A9199835
:10A3E00010F063F80AF103001FFA80FA139800F5E1
:10A3F00087601390BAF5807FACDD0DA810F07AFB72
:10A4000004A810F077FB0C9810F0F8FF039810F0F8
:10A41000F5FF1BB0BDE8F08F2DE9F04FA5B0044665
:10A420000F46254604F1140123A8BA68F9F7FCF990
:10A430002290229810B925B0BDE8F08FB86821901D
:10A4400023A8B860002120461AF02FF81E900021A2
:10A4500020461AF044FA01461E98084400B21D90A6
:10A46000002120461AF0A7FB01461E98084400B2BE
:10A470001C90204619F045F87E35E98848430012C3
:10A4800000B21B90204619F01DF82989484300129C
:10A4900000B21A9017A810F01FF817AA0021204642
:10A4A0001BF016F8394605A818F040FD0020129060
:10A4B0008C4806900020079017A80B904FF0FF30B3
:10A4C000139000200E900F9005AA1A21204612F03A
:10A4D0008BFE002001903122204601991AF0FAFBF0
:10A4E0000090009800F0FF0B00BF0021204619F0FB
:10A4F000DCFF0490002001903322204601991AF0DD
:10A50000E9FB0090009800F0FF0800BF204619F01A
:10A5100063F90390204619F059FA029035F87E0944
:10A52000002865D0E18A1C9801440298081A00B2FC
:10A530000190A08AADF88000208BADF87C004FF030
:10A540000009B5F87E000FFA80FABBF1020F1ADDA0
:10A550000498002817DD08F0020040B100212046D1
:10A560001AF029FB18B909F101000FFA80F908F077
:10A57000010040B1002120461AF0D4F818B9AAF120
:10A5800001000FFA80FA4E462FE01A987043B5F892
:10A590007E10491E90FBF1F000B2ADF88200BDF8CC
:10A5A00082100198084400B2ADF88200BDF8820024
:10A5B000ADF87E004B4806900120079020A80E9031
:10A5C0001FA80F90139605AA1A21204612F00CFE20
:10A5D0001FAB20AA17A938460FF067FF05AA1B2159
:10A5E000204612F001FE701C06B25645CDDB00BFBE
:10A5F000B5F88000002865D0A18A1D980144039811
:10A60000081A00B20190E08AADF88200608BADF8C4
:10A610007E004FF00009B5F880000FFA80FABBF118
:10A62000020F1ADD0498002817DD08F0040040B17D
:10A63000002120461AF053F918B909F101000FFA68
:10A6400080F908F0080040B1002120461AF0F0F926
:10A6500018B9AAF101000FFA80FA4E462FE01B98B4
:10A660007043B5F88010491E90FBF1F000B2ADF8D0
:10A670008000BDF880100198084400B2ADF8800059
:10A68000BDF88000ADF87C001648069002200790C7
:10A6900020A80E901FA80F90139605AA1A212046F5
:10A6A00012F0A2FD1FAB20AA17A938460FF0FDFE3D
:10A6B00005AA1B21204612F097FD701C06B25645D4
:10A6C000CDDB00BF4FF0FF30139000200E900F90B5
:10A6D00005AA1B21204612F087FD2198B86000BF13
:10A6E000A9E6000008F904082DE9F14F9AB01A987C
:10A6F00012F013FD07461A9812F070FD05462C461D
:10A70000122F7DD11A9812F066FD06463078022885
:10A7100002D11BB0BDE8F08F94F8380000F00300C0
:10A72000032805D094F8380000F00300022802D175
:10A7300001203070EDE794F83800C0F3840004285D
:10A7400008D094F83800C0F38400012802D001201A
:10A750003070DEE74FF0000A4622514628461AF0D4
:10A76000B9FA19901998C0B2FF2802D001203070B0
:10A77000CFE7002128461AF02BFC8146208E814429
:10A78000B9F1000F02D001203070C2E70021284645
:10A790001AF05FFC8046E08E00FB08F04FEA2028AC
:10A7A0001A9812F018FD8346B8F5807F09D100226F
:10A7B00005F114015846F9F778F8E8BB012030702C
:10A7C000A7E7284618F012FF824628461AF0A9FC8F
:10A7D000179004F132001FFA88F100235246CDE9A8
:10A7E000001018A81799F9F72FFCBDF86000A98A86
:10A7F000084400B2ADF86000BDF86210E88A00E0DD
:10A800001DE0084400B2ADF86200BDF86400A98AFA
:10A81000084400B2ADF86400BDF86610E88A084448
:10A8200000B2ADF86600002218A95846F9F73DF8C5
:10A8300018B9012030706CE700E000BF19E2152F55
:10A8400001D0182FFAD1002128461AF002FC8046C8
:10A85000E08E00FB08F04FEA2028002128461AF07D
:10A86000B7FB8246208E824428461AF05AFC199083
:10A87000284618F0BBFE1890002641F232023146FD
:10A8800028461AF027FA0E900E9800B2814600BFB3
:10A8900041F61202314628461AF01CFA0E900E9824
:10A8A00048440FFA80FB00BF41F6130231462846A8
:10A8B0001AF010FA0E900E98484400B2179000BF9C
:10A8C00041F61002314628461AF004FA0E900E980E
:10A8D000484400B2169000BF41F6110231462846A6
:10A8E0001AF0F8F90E900E98484400B21590608E58
:10A8F000584400B2ADF85000A18E1698084400B23A
:10A90000ADF8520094F8390000F00300012804D19A
:10A9100012A9284618F014FE27E014A91FFA88F09F
:10A920000FFA8AF3CDE9000112A8DDE91821F9F741
:10A930008BFBBDF84800A98A084400B2ADF8480076
:10A94000BDF84A10E88A084400B2ADF84A00BDF8E4
:10A950004C00A98A084400B2ADF84C00BDF84E1076
:10A96000E88A084400B2ADF84E0005F1140110A8C1
:10A970000BF089FE12A905F114000BF084FEBE480D
:10A980001A9918F0F9FC0F900F98012800D0C0E632
:10A9900010A905F114000BF076FE152F7ED1E08D85
:10A9A00008B1A08D00B9B4E6B8F1000F00D1B0E64F
:10A9B0001A9812F0BAFB064605F114010DA80BF027
:10A9C00062FE284614F026FB0C9094F8390000F043
:10A9D000030001283CD1B4F92C10BDF93020891AAC
:10A9E000481C00EBD071BDF83420A2EB610109B224
:10A9F000ADF83410B4F92C10BDF93020891A481C78
:10AA000000EBD071BDF83820A2EB610109B2ADF8BE
:10AA10003810B4F92E10BDF93220891A481C00EB09
:10AA2000D071BDF83620A2EB610109B2ADF8361045
:10AA3000B4F92E10BDF93220891A481C00EBD071F0
:10AA4000BDF83A20A2EB610109B2ADF83A1013E06B
:10AA500012A80BF01DFFBDF834100844401E00B2D0
:10AA6000ADF8380012A80BF084FEBDF8361008448B
:10AA7000401E00B2ADF83A00BDF83400584400B2B0
:10AA8000ADF83400BDF836101698084400B2ADF8A1
:10AA90003600BDF838101798081A00E0E8E000B258
:10AAA000ADF83800BDF83A101598081A00B2ADF8A4
:10AAB0003A0094F8380000F00300012805D094F81B
:10AAC000380000F0030000287AD106A80FF0E7F85C
:10AAD00006AA002128461AF035FC1FFA88F0ADF8C6
:10AAE0001A001FFA8AF0ADF81800608EADF81C004D
:10AAF000A18EADF81E1094F83800C0098DF82C0016
:10AB0000BDF84800584400B2ADF81000BDF84A1036
:10AB10001698084400B2ADF81200BDF84C10179812
:10AB2000081A00B2ADF81400BDF84E101598081AB6
:10AB300000B2ADF81600B068039004AA04A8B1688A
:10AB4000F8F772FE00B9E4E504A8B060BDF836106D
:10AB5000608D084400B2ADF80600BDF90600BDF9ED
:10AB60003610884206DDBDF80600E18D401A00B2BD
:10AB7000ADF80600BDF80600E18D0844401E00B2A5
:10AB8000ADF80A0049E0BDF83400218D084400B258
:10AB9000ADF80400BDF90400BDF93410884206DDAB
:10ABA000BDF80400A18D401A00B2ADF80400BDF854
:10ABB0000400A18D0844401E00B2ADF8080016E064
:10ABC00034E001AA06A93046636A0FF019F8BDF80F
:10ABD0000400BDF83010084400B2ADF80400BDF820
:10ABE0000800BDF83010084400B2ADF80800BDF907
:10ABF0000400BDF938108842E3DBBDF80600BDF85B
:10AC00003210084400B2ADF80600BDF80A00BDF8E5
:10AC10003210084400B2ADF80A00BDF90600BDF9D3
:10AC20003A108842AFDB0398B06020E094F8380017
:10AC300000F00300022811D104A80FF001FC04AABF
:10AC4000002128461AF0DDFB0020009005F11402D7
:10AC500004A93046636A0FF03FF808E000BF00BF68
:10AC6000002305F11402194630460EF0C9FF00BF5B
:10AC700000BF00BF4DE50000943705082DE9F14FF6
:10AC8000DCB05C9812F0AAFA05462C465C9812F0EB
:10AC90004CFA5B9059A9284618F052FC0020CDE9E7
:10ACA000105040F60A02DDE910011AF013F80F9077
:10ACB0000F9800B258900020CDE9105040F60B02DA
:10ACC000DDE910011AF006F80F900F9800B25790C6
:10ACD000BDF864115898081A00B2ADF86401BDF8C7
:10ACE00068115898084400B2ADF86801BDF86611C3
:10ACF0005798081A00B2ADF86601BDF86A11579866
:10AD0000084400B2ADF86A0159A80BF0B3FD8346C0
:10AD100059A80BF020FD5690D4E90A10A0EB0109C8
:10AD20005698834501DB012000E00020804600208A
:10AD3000559094F85C0000F0030001280BD1A06A44
:10AD4000002808DAE06A002805DDA16A206B884245
:10AD500001D1012055900021284619F0E7FD5490BB
:10AD60000021284619F08BFE53900021284619F047
:10AD700049FF52900021284619F0FBFC519059A937
:10AD800004F134000BF06DFCA18E5498084400B21D
:10AD9000A086218F5398081A01B22187E18E52981C
:10ADA000084401B2E186618F5198081A01B26187A7
:10ADB000B8F1000F13D004F134000BF0CCFC0428E0
:10ADC0000DDA569800EBD0714A10E98A1144891EB9
:10ADD0000AB2E286E08E001D01B2618715E0B8F18B
:10ADE000000F12D104F134000BF044FD04280CDAFA
:10ADF00058460BEBD071AA8A02EB6101891E09B299
:10AE0000A186A08E001D01B2218704F134000BF051
:10AE100031FD509004F134000BF09DFC4F90B8F1DF
:10AE2000000F01D0509800E04F988246B8F1000F13
:10AE300005D004F13406371DFE484C9004E004F1BF
:10AE40003606371DFC484C90A06D401CF8B1A36A33
:10AE5000216DC91A01FB0AF191FBF9F108B2A36A4D
:10AE6000616DC91A01FB0AF191FBF9F10AB2131ADB
:10AE7000D4F858C003FB0CF1CB1701EB13631B1282
:10AE80001BB24D934D99014409B24D9108E0A16A5E
:10AE9000206B401A00FB0AF090FBF9F000B24D90D5
:10AEA000A06C401CE0B1A36A216CC91A01FB0AF135
:10AEB00091FBF9F108B2A36A616CC91A01FB0AF1AE
:10AEC00091FBF9F10AB2131AD4F848C003FB0CF154
:10AED000CB1701EB136300EB23231BB24E9308E067
:10AEE000D4E90901401A00FB0AF090FBF9F000B226
:10AEF0004E900020119041F26A422846119919F0B3
:10AF0000E9FE10901098C0B24B90B8F1000F0ED02F
:10AF10004B9801280BD130463E4607464E99494290
:10AF200009B24E914D99494209B24D9100BFB8F115
:10AF3000000F0AD031884E98084400B2388031881A
:10AF40004D98084400B230800AE039884E98081ABB
:10AF5000401C00B2308039884D98081A00B2388001
:10AF6000559878B3A26A524202FB0AF292FBF9F2B8
:10AF700011B2B8F1000F0CD032880A4410B2B7F900
:10AF80000020824201DD30801BE03A883280388028
:10AF900017E03A88521A521C10B2B6F900208242C9
:10AFA00001DD388002E032883A803080B7F9002035
:10AFB000B6F900309A4204DAB6F900003A883280D5
:10AFC000388000BF559800BB04F134004C99884785
:10AFD00001281ADC68465B9917F0A8FF4FF400308F
:10AFE0000D90964801900020029004F134000390E7
:10AFF0006A461A21284612F0F7F86A461B212846AD
:10B0000012F0F2F85DB0BDE8F08F04F1340149A808
:10B010000BF027FB3BA810F01FFA3BAA4FF40031BE
:10B0200028461AF0C9FA29A85B9917F07FFF4FF458
:10B030000030369081482A9000202B903BA82D901C
:10B0400004F134002C9029AA1A21284612F0CCF8D9
:10B050000020119060222846119919F03BFE1090B3
:10B06000109800B228905698834501DA584600E0BF
:10B0700056982790DDE92701B1EB600F02DD279894
:10B0800040102890BDF9EC0026904F9950988842C6
:10B0900001DA509800E04F982790DDE92601B0EBE7
:10B0A000610F02DD279840102690B8F1000F08D0FC
:10B0B00004F134000BF0DEFB01462698B1EB400FA3
:10B0C0000BDCB8F1000F28D104F134000BF043FB86
:10B0D00001462698B1EB400F1FDD9DF8EF0011905F
:10B0E0009DF8060110909DF80E010F9000208DF83C
:10B0F000EF008DF806018DF80E0104F134023BA932
:10B100005B9810F08DF911988DF8EF0010988DF87C
:10B1100006010F988DF80E0100BFA98A54980844C3
:10B1200000B2ADF87800298B5398081A00B2ADF838
:10B130007C00E98A5298084400B2ADF87A00698B25
:10B140005198081A00B2ADF87E0000231EA920A86D
:10B15000289A10F06BF8002120A80FF0E9F91D9053
:10B160009DF822011C909DF80E011B9000208DF887
:10B170000E018DF8220159A919A80BF072FABDF839
:10B1800064105498084400B2ADF86400BDF866102D
:10B190005298084400B2ADF86600BDF868105398A4
:10B1A000081A00B2ADF86800BDF86A105198081A84
:10B1B00000B2ADF86A00B8F1000F15D019A80BF075
:10B1C000CAFA042810DA569800EBD0714A10E98ABE
:10B1D0001144891E09B2ADF86610BDF86600001D65
:10B1E00000B2ADF86A0017E0B8F1000F14D119A849
:10B1F0000BF040FB04280FDA58460BEBD071AA8AFB
:10B2000002EB6101891E09B2ADF86410BDF864005B
:10B21000001D00B2ADF86800BDF9EC20002304F178
:10B22000340113A810F002F8002113A80FF080F9E0
:10B23000129005E07568020857670208EC360508A9
:10B2400019AA3BA95B9810F0EBF81B988DF80E013A
:10B250001C988DF8220100208DF8EF008DF8060172
:10B260008DF8220104F134023BA95B9810F0D8F864
:10B2700013A80FF03FFC20A80FF03CFC129810F030
:10B28000BDF81D9810F0BAF829AA1B21284611F024
:10B29000ABFF00BFB6E6F0B591B00546284611F009
:10B2A0009DFF0446284611F040FF0746264603A8A6
:10B2B00010F0D2F803AA4FF4403120461AF07CF97E
:10B2C00047F6FF70ADF80C002C20805D00F0010007
:10B2D00038B120460DF0D1FF0090BDF80000ADF868
:10B2E0001000214601A807F0EBFA01AA03A938468D
:10B2F00010F096F811B0F0BD2DE9F04FB3B08146D3
:10B30000484611F06BFF80464446484611F00DFF59
:10B3100032900021404619F061F80546404619F088
:10B3200000FF8246404618F061F98346DA4501DBAA
:10B33000012000E0002006460EB1584600E05046CD
:10B340003190002794F85C0000F00300012806D13A
:10B35000A06A002803DAE06A002800DD0127002E39
:10B360003CD097B93EB1012D02D1B4F9340009E0C7
:10B37000B4F9380006E0012D02D1B4F9360001E03D
:10B38000B4F93A00ADF8BC0037E0606A002812DB7F
:10B390003EB1012D02D1B4F9340009E0B4F938000E
:10B3A00006E0012D02D1B4F9360001E0B4F93A000B
:10B3B000ADF8BC0021E03EB1012D02D0B4F934005B
:10B3C00009E0B4F9380006E0012D02D0B4F93600E6
:10B3D00001E0B4F93A00ADF8BC000EE01FB9E08E10
:10B3E000ADF8BE0009E0606A002803DBE08EADF82E
:10B3F000BE0002E0608FADF8BE0021A810F02CF86E
:10B4000021AA4FF4403140461AF0D6F833462FA90E
:10B410004046319A21F0D9FB2FA904F168000BF0C6
:10B420003BF90FA8329917F081FD4FF440301C9082
:10B430003C481090002011901D9004F1680012907B
:10B4400021A8139040461DF0C6FB022810D00FAA79
:10B450001A21404611F0C8FE04F1680221A9329871
:10B460000FF0DEFF0FAA1B21404611F0BDFE55E094
:10B47000382221A901A815F0E0FF0FAA1A214046A1
:10B4800011F0B2FE04F1680221A932980FF0C8FF52
:10B490000FAA1B21404611F0A7FE96B13EB1012D27
:10B4A00002D0B4F9340009E0B4F9380006E0012D07
:10B4B00002D0B4F9360001E0B4F93A00ADF8BC00AE
:10B4C00002E0608FADF8BE0033462FA94046319AA6
:10B4D00021F07BFB2FA904F160000BF0DDF838228E
:10B4E00001A921A815F0A9FF0120119004F1600025
:10B4F000129021A8139001201D900FAA1A214046F6
:10B5000011F072FE04F1600221A932980FF088FF59
:10B510000FAA1B21404611F067FE00BF33B0BDE803
:10B52000F08F0000203805082DE9F04790B007465D
:10B53000384611F053FE0546284618F0A7F806468F
:10B5400008A80EF07DFF08AA0021304619F059FF27
:10B55000384611F0EAFD0446D4F8088006F11402DA
:10B5600006A8A168F8F760F910B910B0BDE8F08737
:10B5700006A8A06004A9304607F020FEA88AADF80E
:10B580000800E88AADF80A00288BADF80C00BDF879
:10B590001200ADF80E0002AA02A8A168F8F744F95B
:10B5A00098B1D4F8089002A8A060284614F0DAFDFB
:10B5B00082460020534605F1140208A90090204657
:10B5C0000EF08AFBC4F8089000BFA88AADF8080006
:10B5D000BDF81600ADF80A00288BADF80C00688B9A
:10B5E000ADF80E0002AA02A8A168F8F71DF998B1FB
:10B5F000D4F8089002A8A060284614F0B3FD824653
:10B600000020534605F1140208A9009020460EF0D0
:10B6100063FBC4F8089000BFC4F8088000BFA4E72B
:10B620002DE9FF4FA1B0064614462498807B00F018
:10B630000F052298807E1F90032D00D10425012D37
:10B6400006D0022D0BD0042D10D0082D1DD114E0F2
:10B65000DFF86C834FF0800A02201E901AE0DFF8BA
:10B6600064834FF0C00A04201E9013E0DFF8588373
:10B670004FF0F00A10201E900CE0DFF850834FF0DE
:10B68000FF0A4FF480701E9004E000BF00BF25B099
:10B69000BDE8F08F00BF1F98FD2823DACC48017861
:10B6A0001F98814203D1CB480068A84213D00020E4
:10B6B0000DE018F80010FF2901D11F9904E018F8D7
:10B6C00000101F9A51430912C34A1154401C1E997D
:10B6D0008842EED300BFDFF80083BD491F98087091
:10B6E000BC4805602498B0F806B0249800891B90E7
:10B6F0000BFB05F01A90B4F90000B168B1F9001025
:10B70000884201DB002005E0B068B0F90000B4F920
:10B710000010401A1990B4F900005844B168B1F90A
:10B720000410884201DC584606E0B068B0F9040015
:10B73000B4F90010401A401C1890B4F90200B16826
:10B74000B1F90210884201DB002005E0B068B0F9D1
:10B750000200B4F90210401A1790B4F902101B98B5
:10B760000844B168B1F90610884201DC1B9806E074
:10B77000B068B0F90600B4F90210401A401C1690E7
:10B780001A9917984843199901FB050015902E99AD
:10B79000159801EBD0002E90159800F007071C219A
:10B7A0000DA815F0D8FF22988089ADF83C002298AA
:10B7B000807E8DF84C002298807FC0F3C2008DF807
:10B7C0004D00F9F727FF01900DF0E6FE0C901B9855
:10B7D0000BFB00F10C98814201DD0C9802E01B99F3
:10B7E0000BFB01F00B900B9815F00AFD8146CDF88C
:10B7F000409000200A9021881998084400B2ADF8C2
:10B800002000218818980844401E00B2ADF824009A
:10B8100061881798084400B2ADF82200BDF82200F4
:10B82000ADF8260000BFBDF82400BDF82010401A76
:10B83000401C00B2079000BFBDF82000ADF8140016
:10B84000BDF82200ADF81600BDF82400ADF81800D0
:10B85000BDF82600ADF81A0000BFBDF81610169806
:10B86000084400B2ADF81A0005A80FF067F904907B
:10B8700008A80D901290C5F10800039019980BEBE1
:10B8800000011898081A6843029017981C9078E0F5
:10B890000A9801902AFA07F0209019981D9028E044
:10B8A0002E980078209908400399C91BC84014902D
:10B8B000149830B1149818F800100A9809F800107C
:10B8C00003E000210A9809F800100398874204D287
:10B8D0002F442098E840209005E00027CDF880A074
:10B8E0002E98401C2E900A98401C0A901D98401CCF
:10B8F0001D9018991D988842D2DB0498A0B1BDF91B
:10B900002620BDF92010019B09EB0300079B0FF0D7
:10B91000C5F88DF844009DF8440028B9019909EB59
:10B920000100079915F017FFDDE91801411A0A987F
:10B9300001440B98814206D2BDF82600401C00B29B
:10B94000ADF8260012E002208DF844000DA9304623
:10B9500010F0C6F8BDF82600401C00B2ADF8220079
:10B96000BDF82200ADF8260000200A900298074496
:10B970002E9800EBD7002E9007F007071C98401C6C
:10B980001C9016991C98884282DBBDF92200BDF9F3
:10B99000261088420ED0BDF82600401E00B2ADF839
:10B9A000260002208DF844000DA9304610F098F8CA
:10B9B00000200A90484615F09FFC00BF67E6000093
:10B9C00054F7040856F7040862F7040872F70408ED
:10B9D0000001002404010024A00C00242DE9FF4FE5
:10B9E0008FB00C4615461E46B4F90200401E0E905C
:10B9F0000E9840100D900E9800F001010D9808442B
:10BA00000C90B5F90000B6F90010884202DAB5F9D9
:10BA1000000001E0B6F90000ADF82800B5F900001B
:10BA2000B6F90010884202DDB5F9000001E0B6F970
:10BA30000000401E00B2ADF82C0069880C98081A6E
:10BA400000B2ADF82A0069880D98084400B2ADF83C
:10BA50002E000F980AA982680AA8F7F7E5FE824629
:10BA6000BAF1000F02D113B0BDE8F08FE08818B131
:10BA7000A08808B1012000E0002083460120099041
:10BA80000AA80FF05BF810B10020099004E0BBF1A8
:10BA9000000F01D0002009901C2102A815F05BFEC8
:10BAA0000AA802902088ADF81000207A8DF82000B6
:10BAB000099820B102A90F9810F012F878E00AA8AE
:10BAC0000AF0B5FE0746BDF92E000190BDF82A0028
:10BAD000ADF82E0000200090BBF1000F0BD0B4F9A0
:10BAE0000600B4F904100844BDF9281091FBF0F2E7
:10BAF00000FB12100090384615F082FB8046CDF80E
:10BB000014800AA80790BDF92A904AE039464046B9
:10BB100015F058FEBDF928103BB20FFA89F24046E5
:10BB20000EF0BCFF8DF81800BBF1000F27D09DF878
:10BB3000180020B3009800211BE0B4F904208242D1
:10BB400007DBA3881B1A1AB28B1819B2831818B214
:10BB50000BE0B4F90620B4F904301A44824201DC47
:10BB6000002002E0002208F801204A1C11B2421C09
:10BB700010B2B942E1DB02228DF8182000BF02A901
:10BB80000F980FF0ADFFBDF82A00401C00B2ADF8D1
:10BB90002A00BDF82E00401C00B2ADF82E0009F1BD
:10BBA000010901988145B1DD404615F0A5FB00BFB4
:10BBB00000BF58E72DE9FF4FC7B08B4691469A4624
:10BBC000B9F90200BAF90210884210DAB9F8020095
:10BBD000ADF81A01BAF80200ADF81601B9F8000084
:10BBE000ADF81801BAF80000ADF814010FE0BAF88A
:10BBF0000200ADF81A01B9F80200ADF81601BAF862
:10BC00000000ADF81801B9F80000ADF81401BDF955
:10BC10001401BDF91811441ABDF91601BDF91A1124
:10BC2000451A002C01DD204600E06042002D01DDB8
:10BC3000294600E06942884201DD012000E0002041
:10BC40004490BBF9026000204390449870B1002DED
:10BC500001DD284600E068424101002C01DD20465C
:10BC600000E0604291FBF0F043900DE0002C01DD1C
:10BC7000204600E060424101002D01DD284600E041
:10BC8000684291FBF0F04390E0494398085C7043B0
:10BC90003F30C611771006F0010000EB0708BDF930
:10BCA0001801BDF91411884202DABDF9180101E04A
:10BCB000BDF91401801B00B2ADF80401BDF91801F3
:10BCC000BDF91411884202DDBDF9180101E0BDF98A
:10BCD0001401304400B2ADF80801BDF91A01BDF9F4
:10BCE0001611884202DABDF91A0101E0BDF9160108
:10BCF000801B00B2ADF80601BDF91A01BDF916119D
:10BD0000884202DDBDF91A0101E0BDF91601304497
:10BD100000B2ADF80A01479841A9826841A8F7F737
:10BD200083FD4090409810B94BB0BDE8F08F449827
:10BD3000F0B3002C24DD0021BDF81601C01B00B2B9
:10BD4000CDE90001BDF91431BDF81A01C01B02B2E2
:10BD5000BDF9181135A80EF0EBFF0121BDF8160151
:10BD6000404400B2CDE90001BDF91431BDF81A011B
:10BD7000404402B2BDF918112AA80EF0D9FF4AE0DA
:10BD80000021BDF81601404400B2CDE90001BDF923
:10BD90001431BDF81A01404402B2BDF9181135A89A
:10BDA0000EF0C6FF0121BDF81601C01B00B200E075
:10BDB0000DE0CDE90001BDF91431BDF81A01C01B39
:10BDC00002B2BDF918112AA80EF0B2FF23E000213B
:10BDD000BDF91601CDE90001BDF81401404403B2DC
:10BDE000BDF91A21BDF81801404401B235A80EF082
:10BDF0009FFF0121BDF91601CDE90001BDF8140135
:10BE0000C01B03B2BDF91A21BDF81801C01B01B255
:10BE10002AA80EF08DFF002135A80EF089FB1390A3
:10BE200000212AA80EF084FB12904FF0FF301190F1
:10BE300010909BF80900C0F3001068BB0321BDF807
:10BE40001A01204400B2CDE90001BDF81801401BE1
:10BE500003B2BDF91A21BDF918111FA80EF068FF31
:10BE60000221BDF81601204400B2CDE90001BDF861
:10BE70001401401B03B2BDF91621BDF9141114A819
:10BE80000EF056FF00211FA80EF052FB119000216A
:10BE900014A80EF04DFB109041A80AF0C8FC0F90BA
:10BEA000F9F7B8FB01900DF077FB0D9041A80AF06F
:10BEB0006EFC01460D98814203D241A80AF067FC4E
:10BEC00000E00D980C900C9815F09AF90B90BDF9C4
:10BED0000A010A90BDF80601ADF80A010020099098
:10BEE000DDE90B0115F06EFC1C2102A815F033FCF6
:10BEF00041A80290BBF80000ADF810009BF80800C4
:10BF00008DF820000B98059041A80790BDF9060117
:10BF10000E9040E0BDF90411099B0B9AD0180F9ABE
:10BF200013B20E9A12B20EF0B9FD8DF818009DF8FA
:10BF3000180028B9099A0B9988180F9915F00BFC6D
:10BF40000F990998084409900F99099801440C9891
:10BF5000814206D2BDF80A01401C00B2ADF80A01C8
:10BF600016E002208DF8180002A947980FF0B8FDDE
:10BF7000BDF80A01401C00B2ADF80601BDF806018B
:10BF8000ADF80A0100200990DDE90B0115F01AFC5B
:10BF90000E98401C0E900A990E988842BADDBDF9A1
:10BFA0000601BDF90A1188420CD0BDF80A01401EF5
:10BFB00000B2ADF80A0102208DF8180002A94798D6
:10BFC0000FF08EFD0B9815F097F935A80EF092FD45
:10BFD0002AA80EF08FFD1198401C10B11FA80EF07A
:10BFE00089FD1098401C10B114A80EF083FD139821
:10BFF0000FF004FA12980FF001FA11980FF0FEF901
:10C0000010980FF0FBF900BF8EE6000072F80408EC
:10C010002DE9FF4F91B00C4615461E46B4F90200BB
:10C02000401E1090109840100F90109800F00101E1
:10C030000F9808440E9029880E98081A00B2ADF89F
:10C04000300029880F98084400B2ADF83400B5F9E3
:10C050000200B6F90210884202DAB5F9020001E0E6
:10C06000B6F90200ADF83200B5F90200B6F90210D7
:10C07000884202DDB5F9020001E0B6F90200401E77
:10C0800000B2ADF8360011980CA982680CA8F7F739
:10C09000CBFB8146B9F1000F02D115B0BDE8F08F9E
:10C0A000E08818B1A08808B1012000E00020824695
:10C0B00001200B900CA80EF041FD10B100200B9058
:10C0C00004E0BAF1000F01D000200B901C2104A85D
:10C0D00015F041FB0CA804902088ADF81800207AD8
:10C0E0008DF828000B9820B104A911980FF0F8FCE6
:10C0F00066E00CA80AF09BFB8346BDF9360003906E
:10C10000BDF83200ADF83600584615F079F80290C7
:10C11000029807900CA8099000200190BAF1000F36
:10C120000BD0B4F90600B4F904100844BDF932107C
:10C1300091FBF0F200FB12100190019FBDF93280DB
:10C1400037E05946029815F03DFBBDF930100FFA63
:10C150008BF30FFA88F202980EF0A0FC8DF8200005
:10C16000BAF1000F13D09DF8200070B1B4F90400AB
:10C17000B84202DA00208DF82000B4F90600B4F9C4
:10C1800004100844B84200DC0027781C07B204A958
:10C1900011980FF0A5FCBDF83200401C00B2ADF8BC
:10C1A0003200BDF83600401C00B2ADF8360008F190
:10C1B000010803988045C4DD029815F09DF800BF82
:10C1C00000BF6AE72DE9FC5F8046404611F006F8A3
:10C1D0000746B946D9F824603446404610F0A5FF1A
:10C1E0000546606A00F114026846A968F7F71CFB6F
:10C1F0008246BAF1000F41D0D5F808B0C5F808D092
:10C2000094F83C00C0F3401048B3608FE18E884240
:10C210000CD1628F212329463046FDF7FBFA628F4D
:10C22000212329463046FDF761FB24E0628F20235D
:10C2300029463046FDF7EEFA628F20232946304624
:10C24000FDF754FBE28E012329463046FDF7E2FA62
:10C25000E28E012329463046FDF748FB0BE0628F52
:10C26000202329463046FDF7D5FA628F2023294640
:10C270003046FDF73BFBC5F808B000BFBDE8FC9FAA
:10C280002DE9F14FD0B0509810F0A8FF0446254694
:10C29000288E10B951B0BDE8F08F509810F045FFCE
:10C2A0004F90608C20F00400001D60844DA9204652
:10C2B00017F046F90026B246B4F82080002020840A
:10C2C000608C20F00400001D608427A80FF0C4F8E3
:10C2D0001FA80EF0B5F827AA4FF4A021204619F0A8
:10C2E0006BF91FAA4FF4A021204619F08AF8608C40
:10C2F00020F004006084A4F820800021204618F07B
:10C300008EFC1E900021204618F040FA1D9000215E
:10C31000204618F018FB1C900021204618F0BCFBAA
:10C320001B9009A84F9916F001FE4FF4A02016901B
:10C33000D7480A9000200B903DA80D9035A80E908C
:10C3400000BF9BE103E00AF101001FFA80FA696A6D
:10C3500051F82A00CFA1E4F7B7FB0028F3D0E96A2F
:10C3600031F81600FAF742FD00B181E10027E96AD1
:10C3700031F81600FAF72AFD08B147F00107E96A1B
:10C3800031F81600FAF736FD10B147F0800716E0D5
:10C39000A88EB04213D108F0200008B147F0200762
:10C3A00008F0020008B147F0020708F0040008B1E5
:10C3B00047F0040708F0080008B147F00807A86A2A
:10C3C00000EBC6014BA80AF055F9BDF82C01BDF8E9
:10C3D0003411084400B2ADF82C01BDF82E01BDF8AF
:10C3E0003611084400B2ADF82E01BDF83001BDF899
:10C3F0003411084400B2ADF83001BDF83201BDF887
:10C400003611084400B2ADF8320157B9382227A9D5
:10C410003DA815F012F820221FA935A815F00DF837
:10C420001DE02784608C20F00400001D60843DA87E
:10C430000FF012F835A80EF003F83DAA4FF4A02132
:10C44000204619F0B9F835AA4FF4A021204618F07B
:10C45000D8FFA4F82080608C20F004006084E96A92
:10C4600031F81600FAF7CEFC8346BBF1000F06D078
:10C470009DF8F10040F001008DF8F10005E09DF815
:10C48000F10020F001008DF8F1004BA80C901796F8
:10C4900009AA1A21204610F0A7FE9DF817014008AE
:10C4A00000F01000F0B39DF8170120F03E001E30A0
:10C4B0008DF81701BDF92C11B4F914201C98104403
:10C4C00081420AD19DF81701400820F004009DF830
:10C4D000171160F345018DF81711BDF93011B4F94A
:10C4E00018201B98101A81420AD19DF817014008A4
:10C4F00020F008009DF8171160F345018DF8171121
:10C50000BDF92E11B4F916201E98104481420CD1A9
:10C510009DF81701400820F002009DF8171160F304
:10C52000450100E014E08DF81711BDF93211B4F99E
:10C530001A201D98101A81420AD19DF8170140084F
:10C5400020F001009DF8171160F345018DF81711D7
:10C550004BA80AF007F9814607F0200060B1E86AAD
:10C5600030F8160000F4007030B1BDF82E01A0EBD9
:10C57000090000B2ADF82E014BAA3DA94F980EF06C
:10C580004FFF35980890BDF9E8000790BDF9E60027
:10C590000690686A50F82A0005904DA80AF071F9D3
:10C5A00003909DF8F11002460698CDE90121009014
:10C5B00004A8DDE9073205991FF0B6F84BA80AF088
:10C5C00060F9BDF91010401A039000EBD070BDF86F
:10C5D0002C1101EB600000B2ADF82C014BA80AF061
:10C5E000C1F8BDF91210401A039000EBD070BDF8ED
:10C5F0002E1101EB600000B2ADF82E01BDF82C0148
:10C60000BDF81010084400B2ADF83001BDF82E019D
:10C61000BDF81210084400B2ADF8320107F0200056
:10C62000C0B1E86A30F8160000F4007090B14846D6
:10C6300009EBD071BDF82E21A2EB610109B2ADF872
:10C640002E1109EBD071BDF83221A2EB610109B2C4
:10C65000ADF83211002000904BAA35A9059B4F98E8
:10C660000DF03AFB09AA1B21204610F0BDFD00BFCA
:10C67000701C86B20AF101001FFA80FA288EB042BF
:10C680003FF760AE608C20F00400608400BF01E6DC
:10C69000243705080A0000002DE9F14FA2B02298C6
:10C6A00010F09CFD04462546229810F03EFD219096
:10C6B0000021204617F006FF81462646002741F656
:10C6C00012023946304618F005FB0A900A98484491
:10C6D00000B2209000BF41F613023946304618F0F0
:10C6E000F9FA0A900A98484400B21F9000212046A7
:10C6F00018F0AFFA484400B21E9016A80DF0A0FE44
:10C7000016AA4FF40031204618F07BFEA86A10B13B
:10C71000D5F828800AE0802014F072FD06468022B9
:10C720003146204610F034FAB04600BF4FF0000A00
:10C7300095F83C0000F00F00012800D18246002649
:10C7400041F26A423146204618F0C4FA0A900A982B
:10C75000C0B2012800D18246E86A00287ED0E86A8B
:10C7600012F06AFD0A900A98022814D19DF875000B
:10C7700041F6FF72BDF96A10CDE900120290BDF9D1
:10C780006C30169A07A8E96A1EF0CEFFBDF91C604E
:10C79000BDF91E7011E007A9E86A12F0F5F98346A9
:10C7A000BBF1010F05D10798C0F38A260798470D02
:10C7B00002E04FF0FF36374600BFBAF1000F0DD050
:10C7C000A18A2098084400B2ADF82000BDF82000EE
:10C7D0003044401E00B2ADF824000DE0218B1F98BC
:10C7E000081A801B00B2ADF82000BDF820003044CC
:10C7F000401E00B2ADF824000A98022815D1E18A43
:10C800001E98084400B2ADF82200BDF8220038445A
:10C81000401E00B2ADF826000020009008AA16A91C
:10C82000EB6A21980DF058FA40E0204616F0DEFE43
:10C83000A0EB070B0BEBDB704110E08A084400B261
:10C84000ADF82200BDF822003844401E00B2ADF819
:10C85000260002A80DF023FA02AA00E027E04FF418
:10C860000031204618F06EFD304606EBD0714910BD
:10C8700009B2ADF80C10384607EBD07149100AB276
:10C88000ADF80E204FF4003B43F60F025946204608
:10C8900018F020FA0190019880B2ADF8080008AABB
:10C8A00002A9EB6A21980DF0ABF900BF00BF0EA8FA
:10C8B0000DF0C6FD0EAA0021204618F0A2FD9DF83D
:10C8C000550041F6FF72BDF94A10CDE90012029001
:10C8D000BDF94C3041460DA80E9A1EF025FFE18AA5
:10C8E0001E98084400B2ADF82E00BDF82E00BDF829
:10C8F0003610084400B2ADF83200E86AB0B92046FC
:10C9000018F00FFCBDF93410461A06EBD670A18A58
:10C9100001EB600000B2ADF82C00BDF82C00BDF8B2
:10C920003410084400B2ADF8300022E0BAF1000F34
:10C9300011D0218B1F98081ABDF83410401A00B28C
:10C94000ADF82C00BDF82C00BDF83410084400B23E
:10C95000ADF830000DE0A18A2098084400B2ADF88F
:10C960002C00BDF82C00BDF83410084400B2ADF81E
:10C970003000002043460BAA0EA9009021980DF02C
:10C98000ABF9A86A10B9404614F0B6FC23B0BDE874
:10C99000F08F2DE9F14F90B0109810F01FFC054674
:10C9A0002C46109810F0C1FB06460EA9284616F03A
:10C9B00053FD002794F84800C0F3001008B147F079
:10C9C000010794F84800C0F3401008B147F002078F
:10C9D0000021284618F07EFB42F2D171884205D131
:10C9E000688CC0F3802008B947F0040706A80DF052
:10C9F00027FDB4F84400ADF82E004620005BADF8EA
:10CA000030008DF8357006AA0021284618F0F9FC90
:10CA10000DA8411E626A03780BB90123037000BFA1
:10CA2000284613F0ABFB0790284613F0A1FB0890B3
:10CA30004FF6FF71079888421ED0089888421BD095
:10CA40004FF4802B44F257425946284618F042F9D9
:10CA5000029002980390BDF80C00ADF8260000BFCC
:10CA600020225946284618F035F902900298039082
:10CA7000BDF80C00ADF8280094F8480000F007005D
:10CA8000022805D094F8480000F0070003281FD1C1
:10CA90009DF83400022803D09DF83400032817D1F4
:10CAA00041F6FF71BDF92A008DE88300BDF92C30F5
:10CAB000069A03A8616A1EF037FE0EA809F0EFFE81
:10CAC000BDF90C10884202DA01208DF8340000BF55
:10CAD00004F1300894F8480000F00700032805D05E
:10CAE0000EA809F04DFEB0F5806F01DA4FF0000896
:10CAF0000EA904A8B268F6F797FE8146B9F1000FB7
:10CB000002D111B0BDE8F08F94F8480000F00700A2
:10CB100070B9284616F05AFF8346CBF1000002B2E6
:10CB200000210EA809F0D3FE688BADF83E0000BFCF
:10CB300094F8480000F00700022805D094F8480057
:10CB400000F0070003280ED1D6F808B004A8B060A2
:10CB5000CDF800800EAA06A93046636A0DF0BCF835
:10CB6000C6F808B007E0CDF800800EAA06A9304646
:10CB7000636A0DF0B1F8D6F808A004A8B06094F884
:10CB8000480000F0070003284FD141F6FF71BDF9BE
:10CB90002A008DE88300BDF92C30069A03A8616A4B
:10CBA0001EF0C2FD0EA809F07AFEBDF90C108842F5
:10CBB0001BDA20221146069810F057FC00EB4000CB
:10CBC000B4F84410BDF80C201144084400B2ADF88C
:10CBD0002E004620005BADF83000CDF800800EAA94
:10CBE00006A93046636A0DF077F80EA809F0C8FD73
:10CBF000BDF90E10884217DAB4F84400ADF82E00E3
:10CC0000069810F051FC4621095BBDF80E20114436
:10CC1000084400B2ADF83000CDF800800EAA06A995
:10CC20003046636A0DF058F800BFC6F808A000BF90
:10CC300067E72DE9F14F9AB01A9810F06EFA804626
:10CC40001A9810F0CBFA0446B8F1150F16D11A98BD
:10CC500010F06BFA054618A9204606F0AFFA0AA8AC
:10CC60000EF0FAFB0AAA4FF48021204618F0A4FC2B
:10CC700018AA0AA928460EF0D3FBC5E0B8F1180F90
:10CC8000FBD11A9810F051FA054612A80DF0D8FB06
:10CC900012AA4FF48021204618F0B3FB10A92046B9
:10CCA00006F08CFA10AA0EA8A968F6F7BDFD0D9043
:10CCB0000D9800287DD0204605F0F5FE81462046DF
:10CCC00018F02FFA8346484613F04CFA02210390DD
:10CCD000BDF95A00CDE901B10090BDF95C300CA856
:10CCE000129A03991EF020FD204616F07FFC06469E
:10CCF000304606EBD0714A10B4F916100A44B9F95F
:10CD00001610891A0B91484616F070FC0B9989038E
:10CD100091FBF0F00B900021204618F0C0F80A902B
:10CD20001299B1F908200A99B1F90810501A00EBCC
:10CD3000D071491009B20991BDF832100998081A4A
:10CD400000B2ADF83200304606EBD0714A10B4F9AB
:10CD500016105718BDF932000B99484307EBA0375E
:10CD600009983F1A0021204617F0B9FB82464FF080
:10CD7000000B41F612025946204617F0ABFF039014
:10CD8000039800B2089000BF41F6130259462046AE
:10CD900017F0A0FF0390039800B20790A18A0898AB
:10CDA0000844504400B2ADF8140038B2ADF8160093
:10CDB00000E028E0218B0798081AA0EB0A0000B2D7
:10CDC000ADF81800BDF81600BDF83210084400B2E6
:10CDD000ADF81A009DF8650040F002008DF865007E
:10CDE000A86804900EA8A860484613F0BBF98346D3
:10CDF00000205B4605AA12A9009028460CF06CFFA3
:10CE00000498A86000BF00BF1BB0BDE8F08F2DE9FB
:10CE1000F14FA8B0289810F0E1F90446254628986B
:10CE200010F083F927900021204617F0B3FD2690DB
:10CE30000021204617F057FE25900021204617F0CC
:10CE400022FF24900021204617F0C7FC239000BF4A
:10CE5000A08AADF88400E08AADF88600208BADF89A
:10CE60008800608BADF88A0000BFBDF8841026985A
:10CE7000084400B2ADF88400BDF888102598081A5F
:10CE800000B2ADF88800BDF886102498084400B2BE
:10CE9000ADF88600BDF88A102398081A00B2ADF8E4
:10CEA0008A0013A80EF0D8FA13AA4FF400312046D6
:10CEB00018F082FB21AA13A927980EF0B1FA0026D8
:10CEC000204616F093FB074600BF208BA18A401A2C
:10CED000401CC01B0FFA80F8686A401C40B1696AA8
:10CEE00001FB08F0C11700EB116109120EB20CE052
:10CEF000204617F0DFF900F0010BBBF1000F01D065
:10CF0000404600E00020064600BF4FF0000B41F213
:10CF10006A425946204617F0DDFE00900098C0B2E4
:10CF2000012802D1A8EB060006B2A08A304400B264
:10CF3000ADF84400BDF84400384400B2ADF84800F4
:10CF4000E08AADF84600608BADF84A004FF44031FE
:10CF5000204617F01FFD81464FF44031204617F060
:10CF6000C2FD82464FF44031204617F08CFE1090EF
:10CF70004FF44031204617F030FC0F90BDF84400CC
:10CF8000A0EB090000B2ADF84400BDF848005044E1
:10CF900000B2ADF84800BDF846101098081A00B26B
:10CFA000ADF84600BDF84A100F98084400B2ADF83D
:10CFB0004A0001A80EF050FA01AA4FF44031204671
:10CFC00018F0FAFA11AA01A927980EF029FA29B047
:10CFD000BDE8F08F2DE9F14FE0B0609810F0FEF859
:10CFE00004462546609810F0A0F8814604F114012B
:10CFF0005EA8D9F80820F6F717FC10B961B0BDE8B3
:10D00000F08FD9F808005D905EA8C9F808004FF0CD
:10D01000000841F232024146204617F05BFE0C90B8
:10D020000C9800B256900021204617F039FE55901A
:10D030000021204617F0DEFB54900021204617F017
:10D04000B6FC53900021204617F05AFD52904FF441
:10D05000A021204617F0ABFC51904FF4A0212046B0
:10D0600017F04EFD50904FF4A021204617F018FE07
:10D070004F904FF4A021204617F0BCFB4E90208C1F
:10D080004D9000202084608C20F00400001D6084FE
:10D090003FA80EF0E1F93FAA4FF4A021204618F076
:10D0A0008BFA29A80DF0CCF929AA4FF4A02120462B
:10D0B00018F0A7F94D982084608C20F0040060845B
:10D0C0000027204616F096FC0146E28A5598104447
:10D0D000401E411A5698084400B2ADF86E01204631
:10D0E00016F07EFC20900021204617F084F90128DC
:10D0F00000D100E000201F9049460DA815F016FF52
:10D100004FF4A0201A90FE480E9000200F9031A8F6
:10D11000119021A812904FF0000B33E2E86A30F929
:10D120001B000C90BDF86E01401C00B2ADF86A0106
:10D13000BDF86A110C980844401E00B2ADF86E01AB
:10D14000BDF96A01BDF97E11884200DD1EE21F981B
:10D1500058B1218B5298081A401E2099411A5698AE
:10D16000081A00B2ADF868010AE0A18A5398084491
:10D17000401E2099411A5698084400B2ADF86C013F
:10D180000026F7E100200B90A86A50F8270020B194
:10D19000A86A50F8270000780B901F9880B1BDF85E
:10D1A0006801401E00B2ADF86C01286B30F8160023
:10D1B000BDF86C11081A401C00B2ADF868010FE010
:10D1C000BDF86C01401C00B2ADF86801286B30F866
:10D1D0001600BDF868110844401E00B2ADF86C019D
:10D1E0004FF0000800BF34E007EB0801A86A50F8D0
:10D1F000210048B307EB0802A96A51F8220008B1E0
:10D2000001780B910B9901F00101D9B11F9961B11E
:10D2100006EB0801491C2A6B32F81110BDF8682191
:10D22000511A09B2ADF868110DE006EB0801491C6E
:10D230002A6B32F81110BDF86C21114409B2ADF817
:10D240006C1100E00BE000E009E008F101001FFABA
:10D2500080F808EB0601A88C401E8142C4DB00BFA9
:10D26000BDF96E01BDF97A11884207DA08F10100B3
:10D27000384487B206EB080086B279E100BFBDF8FA
:10D280006801ADF82400BDF86A01ADF82600BDF8CC
:10D290006C01ADF82800BDF86E01ADF82A0000BFA2
:10D2A0009DF81F01400800F0040090B1BDF9241062
:10D2B000B4F914205398104481420ADDBDF91C01D1
:10D2C00000EBD071BDF82420A2EB610109B2ADF8EA
:10D2D00024109DF81F01400800F0020090B1BDF934
:10D2E0002610B4F916205598104481420ADDBDF984
:10D2F0001C0100EBD071BDF82620A2EB610109B240
:10D30000ADF826109DF81F01400800F00800B8B1E4
:10D31000BDF92810B4F918205298101A401E814205
:10D320000EDABDF91C0100EBD07182B202F00102ED
:10D3300002EB6101BDF82820114409B2ADF82810B4
:10D340009DF81F01C0F34000B8B1BDF92A10B4F92F
:10D350001A205498101A401E81420EDABDF91C01A1
:10D3600000EBD07182B202F0010202EB6101BDF864
:10D370002A20114409B2ADF82A104FF0000AE88EB5
:10D38000584523D1A88EB04220D194F8200000F057
:10D39000400030B994F8200000F0200008B14AF0B5
:10D3A000200A94F8200000F0020008B14AF0020AB6
:10D3B00094F8200000F0040008B14AF0040A94F840
:10D3C000200000F0080008B14AF0080ABAF1000F86
:10D3D0000AD138223FA931A814F02FF8202229A918
:10D3E00021A814F02AF81EE0A4F820A0608C20F0F8
:10D3F0000400001D608431A80EF02EF821A80DF065
:10D400001FF831AA4FF4A021204618F0D5F821AA20
:10D410004FF4A021204617F0F4FF4D982084608C33
:10D4200020F00400608409A81090A88C0BFB006019
:10D430001B900DAA1A2120460FF0D6FE09AA31A989
:10D4400048460DF0EDFFA86A50F8270000287DD06F
:10D45000BDF868115198084400B2ADF86001BDF8FC
:10D460006C115098081A00B2ADF86401BDF86A1149
:10D470004F98084400B2ADF86201BDF86E114E98A5
:10D48000081A00B2ADF866010B98C0F3400008908E
:10D49000089810B10220579001E00020579000BF7B
:10D4A000BDF86401BDF86011401A401C00B2049040
:10D4B000BDF9962004995798CDE900210290A86AF9
:10D4C00050F82700411CBDF998305CA8299A1EF03D
:10D4D0002BF9089818BB0C9901EBD172BDF86A3191
:10D4E00003EB6202BDF9720100EBD073A2EB6302A1
:10D4F00012B2ADF862210C9901EBD17202E000008A
:10D5000058380508BDF86A3103EB6202BDF97201B3
:10D5100000EBD07302EB630212B2ADF866215AAA97
:10D520005EA906A8F6F780F90590059890B106A8BF
:10D53000C9F8080000200090A86A50F82700431C92
:10D5400058AA21A948460CF0C7FB00E003E05EA8FA
:10D55000C9F8080000BF0DAA1B2120460FF044FEA9
:10D5600008F10100384487B206EB080086B200BF1C
:10D57000701C86B2A88CB0423FF704AE0BF10100DC
:10D580001FFA80FBE88C58453FF7C8AD00BF5D9897
:10D59000C9F8080000BF31E52DE9F04FA3B00746F8
:10D5A000894616462297304609F056F9054600EBA3
:10D5B000D5704FEA60083088404400B2ADF884006E
:10D5C0007088404400B2ADF886001EA80CF084FFBD
:10D5D0001EAA4FF4A021384617F07AFF18A80CF0C5
:10D5E0005EFB18AA4FF4A021384617F0ABFE0021CD
:10D5F000384617F03CF81790494605A815F096FCF8
:10D600007048069021A80E9022983030F7F7EEFC73
:10D610000446D1E025681694207901285CD1B5F93B
:10D620002000E98B08440090B5F92030D5E90512B7
:10D63000E06813F097FD8246A88B00EB0801608A32
:10D6400008440FFA80FB0FFA8AF01DF07FFF10FBF1
:10D650000BF047F6FF7190FBF1F0BDF8861008441F
:10D6600000B2ADF812000FFA8AF01DF067FF10FB50
:10D670000BF047F6FF7190FBF1F0BDF88410084401
:10D6800000B2ADF81000A08AADF87800208A00B290
:10D69000ADF87A006079FD2801DD179803E0607924
:10D6A0001799484300128DF88000012013901EA89E
:10D6B0000B9004A80F9005AA1A2138460FF094FD8C
:10D6C00004AB21AA1EA948460CF0EFFE05AA1B21B7
:10D6D00038460FF089FD68E02079002865D120697F
:10D6E00000B963E0B5F92000E98B08440090B5F972
:10D6F0002030D5E90512E06813F034FD824604A914
:10D70000206911F041FABDF88410A08A081A00B20D
:10D71000ADF80800BDF88610E08A081A00B2ADF82E
:10D720000A00BDF808000499C1F38A210844401E8C
:10D7300000B2ADF80C00BDF80A00049900EB51509E
:10D74000401E00B2ADF80E006079FD2801DD17988B
:10D7500003E060791799484300128DF86B00A08AA6
:10D76000ADF86400E18A18A8C1800AEB8A004FEA8C
:10D77000400ABAF5616F01DDAAF5616A1FFA8AF005
:10D78000ADF8600018A80C9005AA1A2138460FF0D1
:10D790002BFD02AA18A9484623690CF031FA05AA04
:10D7A0001B2138460FF020FD00BF00BF2146229804
:10D7B0003030F7F715FC0446002C7FF42BAF23B074
:10D7C000BDE8F08F40FE04082DE9F74F8AB00C4603
:10D7D000904694F82A00022802DC0DB0BDE8F08FD4
:10D7E000E08C00B9F9E794F82A90B9F1FD0F01DD5A
:10D7F0004FF0FF09414608A808F02AFF208D401E7F
:10D8000005B2BDF82000401B00B2ADF82000BDF805
:10D810002200401B00B2ADF82200BDF824002844CD
:10D8200000B2ADF82400BDF82600284400B2ADF8DF
:10D83000260008A906A808F00BFFBDF81800E18C27
:10D84000401A00B2ADF81800BDF81C00E18C084485
:10D8500000B2ADF81C00BDF81A00E18C401A00B20D
:10D86000ADF81A00BDF81E00E18C084400B2ADF816
:10D870001E0008A808F0E2FF824608A808F04FFF43
:10D880000746B4F90060BA4501DA504600E0384670
:10D890008346B6EB6B0F01DD4FEA6B06E08C30443C
:10D8A00000B20590A07894F82A10CDE90210A08C5F
:10D8B000ADF8040030B2009008AA06A9059B0A98AA
:10D8C000FBF754FC00BF88E7F8B5054628460FF083
:10D8D00085FC064628460FF07EFC0446606BB0F5DA
:10D8E000A02F54D1A06B072806D200202169C87050
:10D8F000216981F8220014E0208F81B22022304675
:10D9000009F07AFE68B100202169C870216981F8A8
:10D910002200122019F094FD0090BDF800106069FB
:10D920008181208F81B24FF40042304609F064FEBD
:10D9300098B166202169C87030461DF0BDFA00908C
:10D94000BDF8001020698180304609F04FFEA16BC0
:10D95000884202D1B2202169C870208F81B24FF471
:10D960008042304609F048FE88B1FF20216981F8E5
:10D97000220030461DF0A0FA0090BDF8001020698A
:10D98000C1832069008C401C00B221690884F8BD65
:10D990002DE9F04F8BB0814648460FF01FFC05463D
:10D9A0002C4648460FF0C1FB8346606A12F0DAFB52
:10D9B00082469AF8000000283ED1A06A00283BD099
:10D9C000A06A0078C0B303A80CF03AFD03AA4FF494
:10D9D0000021284617F015FD94F85C00C0F3C00044
:10D9E00028B19DF8290040F002008DF8290000219F
:10D9F000284616F0E9FF07460021284617F05DF992
:10DA000080460021284616F077FD064605F11401F0
:10DA100001A808F04AFE08EB060002B2B81901B2EC
:10DA200001A808F054FF0020009001AA03A958465D
:10DA3000A36A0CF051F900BF0BB0BDE8F08F7CB5C4
:10DA40000446A06985686089002856D1A08900280D
:10DA500053D1E088218988424FDAE18808B21DF06D
:10DA600075FDB4F90410B4F90E20891A48432168F1
:10DA7000498801EBE03000B2ADF80200E1885A318C
:10DA800008B21DF063FDA18810FB01F02168098830
:10DA900001EBE03000B2ADF80400218908B21DF0BE
:10DAA00055FDA18810FB01F02168498801EBE030A9
:10DAB00000B2ADF8060021895A3108B21DF046FDCA
:10DAC000B4F90410B4F90E20891A48432168098872
:10DAD00001EBE03000B2ADF800002A466946684626
:10DAE000F5F7A2FE06463EB1A169C1F808D06A4624
:10DAF0002169A0690DF094FCC2E0608910B1A08991
:10DB000000287BD16089D0BB20680088ADF8000078
:10DB100020684088A188084400B2ADF80600E1887A
:10DB200008B21DF013FDB4F90410B4F90E20891ADF
:10DB300048432168498801EBE03000B2ADF80200AB
:10DB4000E1885A3108B21DF001FDA18810FB01F0F7
:10DB50002168098801EBE03000B2ADF804002A46E4
:10DB600069466846F5F760FE06463EB1A169C1F810
:10DB700008D06A462169A0690DF052FC00BFA08957
:10DB800000287DD120680088A188084400B2ADF843
:10DB9000040020684088ADF80200218908B21DF019
:10DBA000D5FCA18810FB01F02168498801EBE03029
:10DBB00000B2ADF8060021895A3108B21DF0C6FC4A
:10DBC000B4F90410B4F90E20891A48432168098871
:10DBD00001EBE03000B2ADF800002A466946684625
:10DBE000F5F722FE06463EB1A169C1F808D06A46A3
:10DBF0002169A0690DF014FC42E0FFE76089A1896A
:10DC0000884205D1608918B12089E188884211DBFA
:10DC10006089022802D1A08901280BD060890328DD
:10DC200002D1A089022805D06089032828D1A089C3
:10DC3000012825D120680088ADF8000020684088C0
:10DC4000ADF8020020680088A188084400B2ADF851
:10DC5000040020684088A188084400B2ADF806009E
:10DC60002A4669466846F5F7DFFD06463EB1A169DA
:10DC7000C1F808D06A462169A0690DF0D1FB00BF48
:10DC8000A06985607CBD7CB50446A0698568608913
:10DC9000012856D1A089012853D1E08821898842E2
:10DCA0004FDAE18808B21DF051FCA18810FB01F0A9
:10DCB0002168498801EBE03000B2ADF80600E18848
:10DCC0005A3108B21DF042FCB4F90410B4F90E2028
:10DCD000891A48432168098801EBE03000B2ADF8A9
:10DCE0000400218908B21DF031FCB4F90410B4F924
:10DCF0000E20891A48432168498801EBE03000B2C0
:10DD0000ADF8020021895A3108B21DF01FFCA1882C
:10DD100010FB01F02168098801EBE03000B2ADF89A
:10DD200000002A4669466846F5F77EFD06463EB184
:10DD3000A169C1F808D06A462169A0690DF070FB9D
:10DD4000C7E06089012802D0A08901287ED16089BE
:10DD500001283AD120680088A188401A00B2ADF8A5
:10DD6000000020684088ADF80200E18808B21DF08C
:10DD7000EDFBA18810FB01F02168498801EBE03040
:10DD800000B2ADF80600E1885A3108B21DF0DEFBA2
:10DD9000B4F90410B4F90E20891A4843216809889F
:10DDA00001EBE03000B2ADF804002A46694668464F
:10DDB000F5F73AFD06463EB1A169C1F808D06A46BA
:10DDC0002169A0690DF02CFB00BFA0890128B7D103
:10DDD00020680088401E00B2ADF80400206840882A
:10DDE000A188084400B2ADF80600218908B21DF0F0
:10DDF000ADFBB4F90410B4F90E20891A4843216828
:10DE0000498801EBE03000B2ADF8020021895A31B7
:10DE100008B21DF09BFBA18810FB01F02168098866
:10DE200001EBE03000B2ADF800002A4669466846D2
:10DE3000F5F7FAFC06463EB1A169C1F808D06A467A
:10DE40002169A0690DF0ECFA43E0FFE76089A18940
:10DE5000884206D16089012803D02089E188884260
:10DE60000FDB608910B9A08902280AD0608910B937
:10DE7000A089032805D0608903282AD1A089022817
:10DE800027D120680088A188401A00B2ADF80000B0
:10DE900020684088ADF8020020680088401E00B26B
:10DEA000ADF8040020684088A188084400B2ADF8AD
:10DEB00006002A4669466846F5F7B6FC06463EB1B6
:10DEC000A169C1F808D06A462169A0690DF0A8FAD5
:10DED00000BFA06985607CBD7CB50446A0698568EB
:10DEE0006089022856D1A089022853D1E08821896F
:10DEF00088424FDAE1885A3108B21DF027FBA18829
:10DF000010FB01F02168098801EBE03000B2ADF8A8
:10DF10000000E18808B21DF019FBB4F90410B4F94F
:10DF20000E20891A48432168498801EBE03000B28D
:10DF3000ADF80600218908B21DF008FBA18810FB8E
:10DF400001F02168498801EBE03000B2ADF8020031
:10DF500021895A3108B21DF0F9FAB4F90410B4F964
:10DF60000E20891A48432168098801EBE03000B28D
:10DF7000ADF804002A4669466846F5F755FC0646A2
:10DF80003EB1A169C1F808D06A462169A0690DF0C7
:10DF900047FACCE06089022802D0A08902287DD10E
:10DFA000608902283CD120680088401E00B2ADF88C
:10DFB000040020684088A188401A00B2ADF8020031
:10DFC000E1885A3108B21DF0C1FAA18810FB01F0B6
:10DFD0002168098801EBE03000B2ADF80000E1886B
:10DFE00008B21DF0B3FAB4F90410B4F90E20891A7E
:10DFF00048432168498801EBE03000B2ADF80600E3
:10E000002A4669466846F5F70FFC06463EB1A16907
:10E01000C1F808D06A462169A0690DF001FA00BF75
:10E02000A0890228B5D120680088A188401A00B2D2
:10E03000ADF8000020684088401E00B2ADF8060030
:10E0400021895A3108B21DF081FAB4F90410B4F9EB
:10E050000E20891A48432168098801EBE03000B29C
:10E06000ADF80400218908B21DF070FAA18810FBF8
:10E0700001F02168498801EBE03000B2ADF8020000
:10E080002A4669466846F5F7CFFB06464EB1A169B8
:10E09000C1F808D06A462169A06900E002E00DF0ED
:10E0A000BFF944E06089A189884206D160890228CD
:10E0B00003D02089E18888420FDB608910B9A089EC
:10E0C00003280AD06089012802D1A089032804D03E
:10E0D000608901282BD1A08948BB20680088A188CD
:10E0E000401A00B2ADF8000020684088A188401AAC
:10E0F00000B2ADF8020020680088401E00B2ADF802
:10E10000040020684088401E00B2ADF806002A4690
:10E1100069466846F5F788FB06463EB1A169C1F835
:10E1200008D06A462169A0690DF07AF900BFA0699C
:10E1300085607CBD7CB50446A0698568608903283C
:10E1400056D1A089032853D1E088218988424FDA2B
:10E15000E1885A3108B21DF0F9F9B4F90410B4F9A4
:10E160000E20891A48432168098801EBE03000B28B
:10E17000ADF80000E18808B21DF0E8F9A18810FBB5
:10E1800001F02168498801EBE03000B2ADF80200EF
:10E1900021895A3108B21DF0D9F9A18810FB01F08C
:10E1A0002168098801EBE03000B2ADF80400218954
:10E1B00008B21DF0CBF9B4F90410B4F90E20891A95
:10E1C00048432168498801EBE03000B2ADF8060011
:10E1D0002A4669466846F5F727FB06463EB1A1691F
:10E1E000C1F808D06A462169A0690DF019F9C7E0A5
:10E1F0006089032802D0A08903287ED16089032882
:10E200003CD120680088A188084400B2ADF8040021
:10E2100020684088401E00B2ADF80600E1885A31FF
:10E2200008B21DF093F9B4F90410B4F90E20891A5C
:10E2300048432168098801EBE03000B2ADF80000E6
:10E24000E18808B21DF082F9A18810FB01F0216875
:10E25000498801EBE03000B2ADF802002A46694679
:10E260006846F5F7E1FA06463EB1A169C1F808D063
:10E270006A462169A0690DF0D3F800BFA089032880
:10E280007ED120680088ADF8000020684088A18811
:10E29000401A00B2ADF8020021895A3108B21DF0CF
:10E2A00055F9A18810FB01F02168098801EBE030E5
:10E2B00000B2ADF80400218908B21DF047F9B4F9A5
:10E2C0000410B4F90E20891A48432168498801EBEB
:10E2D000E03000B2ADF806002A4669466846F5F718
:10E2E000A3FA06463EB1A169C1F808D06A46216981
:10E2F000A0690DF095F843E0FFE76089A1898842A5
:10E3000006D16089032803D02089E18888420FDB89
:10E310006089022801D1A08950B16089012801D10A
:10E32000A08928B1608902282AD1A089012827D193
:10E3300020680088ADF8000020684088A188401A55
:10E3400000B2ADF8020020680088A188084400B23D
:10E35000ADF8040020684088401E00B2ADF8060009
:10E360002A4669466846F5F75FFA06463EB1A16956
:10E37000C1F808D06A462169A0690DF051F800BFC4
:10E38000A06985607CBD000070B5A4B006460D464E
:10E3900020AA22A9304615F037FB22A808F0F7F989
:10E3A00028B920A808F0F3F908B924B070BD12A963
:10E3B000304620F08BF90446012C00D0F5E72946C1
:10E3C000684614F0B3FD1B4801900220029012A889
:10E3D00004904FF480300D9022A808F0D8F980B155
:10E3E00022A803906A461A2130460EF0FDFE22AAAA
:10E3F00012A928460DF014F86A461B2130460EF08B
:10E40000F3FE20A808F0C3F990B120A803906A4653
:10E410001A2130460EF0E8FE20A8039020AA12A987
:10E4200028460CF0FDFF6A461B2130460EF0DCFE4C
:10E4300000BFBAE730F704082DE9F04FB1B0054648
:10E440000F4605F114012FA8BA68F5F7EDF910B9D8
:10E4500031B0BDE8F08FB8682E902FA8B8602C4678
:10E460000021284616F03BFA2B900021284616F092
:10E47000A2FB2A90284615F044F8B4F884104843CB
:10E4800000120FFA80FA284615F01CF8B4F886102E
:10E49000484300120FFA80FB04F12400F6F787FDD1
:10E4A00028900021284616F0CCF982346188484330
:10E4B000001227902188491E279801FB10A021886F
:10E4C00090FBF1F000B2269028992698B0FBF1F06D
:10E4D00000B225904FF4A021284616F0B2F96188C9
:10E4E000823C484300122490284615F075F90146F5
:10E4F0002B98401A00B22390284615F067FA01467F
:10E500002A98401A00B2229014A80CF0A5FF14AA71
:10E510004FF4A021284617F04FF814A8C07B20F034
:10E52000070114A8C173FF208DF85300688BBDF854
:10E530005010084400B2ADF8B600394602A814F0F5
:10E54000F5FC4FF4A0200F905D4803900420049048
:10E550004FF00008AAE02798504400FB08F0B4F8F8
:10E56000821090FBF1F0A98A01442398084400B27C
:10E570000190CDF8408004F12400F6F737FD0646FF
:10E580008CE0307B00F0010000B181E094F888005D
:10E59000C0F3C00008B9708900E0002000B200900C
:10E5A0000198ADF8B000BDF8B0102598014424984A
:10E5B000081A401E00B2ADF8B4002599019808442D
:10E5C00000B20190BDF9B400BDF9BC10884200DA78
:10E5D0005EE0BDF9B000BDF9C010884200DD60E02A
:10E5E0003089ADF8540000984044B4F8821090FB94
:10E5F000F1F201FB12000FFA80F9706830F919107E
:10E60000307BC0F3001204F16C0030F91200081ADC
:10E6100000FB0BF02990307BC0F3001104F1700077
:10E6200030F91110307BC0F3001204F16C0030F9A6
:10E630001200091A299890FBF1F029902998ABEB68
:10E640000001E88A01442298084400B2ADF8B20003
:10E65000706830F9190047F6FF71884217D02CA86E
:10E66000059014A806901396706830F9190012905E
:10E6700002AA1A2128460EF0B7FD2CAA14A9384682
:10E680000CF0CEFE02AA1B2128460EF0ADFD00BF05
:10E69000314604F12400F6F7A3FC0646002E7FF471
:10E6A00070AF00BF08F101001FFA80F8B4F88200D3
:10E6B00040453FF750AF2E98B86000BFC8E6000055
:10E6C00008F904082DE9F34FB9B083463A980BF1E5
:10E6D0001401826837A8F5F7A7F810B93BB0BDE878
:10E6E000F08F3A988068369037A93A9881605D46F5
:10E6F000B5F88200022800DAF0E70021584615F04C
:10E70000D4FE33900021584616F0E9F801463398BC
:10E71000084400B232900021584616F04CFA0146E7
:10E720003398084400B23190584614F0EAFEB5F828
:10E7300084104843001200B23090584614F0C2FED4
:10E74000B5F886104843001200B22F90584615F0D5
:10E7500043F80146BBF8142032981044401A00B226
:10E760002E90584615F032F90146BBF81620319824
:10E770001044401A00B22D903A980BF114018268AF
:10E780002BA8F5F751F82A902A9800B9A6E727A8F0
:10E790000BF0A2FE27AA4FF4A021584616F098FECF
:10E7A00019A80CF059FE19AA4FF40031584616F07A
:10E7B00003FF4FF40031584616F07FFC064600EB8D
:10E7C000D67047104FF40031584615F0E8FE064663
:10E7D00000EBD6704FEA600ABDF99E00574501DA9A
:10E7E000394600E0514600EBD072B1EB620F06DD16
:10E7F0009DF8A50020F0100010308DF8A500BDF8A0
:10E800009E00012806D19DF8A50020F010001030D0
:10E810008DF8A500B5F882103098814201DB012007
:10E8200000E00020189005F12400F6F7DFFB044615
:10E83000D4E1207B00F0010000B1C9E12089ADF8EE
:10E840009C002089ADF8680095F88800C0F3C000EE
:10E8500008B9608900E0002006B217962E98ADF83E
:10E86000D4002E98ADF8D000179E179EB046606871
:10E8700030F91810207BC0F3001205F16C0030F95C
:10E880001200081A2F9948431690207BC0F30011FC
:10E8900005F1700030F91110207BC0F3001205F172
:10E8A0006C0030F91200091A169890FBF1F01690DE
:10E8B00016992F98411A2D98084400B2ADF8D2004D
:10E8C00004A83A9914F032FBC8480590032006903A
:10E8D0004FF4A020119027A80A9019A80890159429
:10E8E000BDF9D2000390BDF9D20002904FF00009AB
:10E8F00023E1BDF8D000ADF8D400BDF8D200ADF8EA
:10E90000D600BDF9D4103698B0F904003844401C44
:10E91000814200DD16E1309800FB09F0B5F8821065
:10E92000491E90FBF1F12E98084400B2ADF8D000DA
:10E9300017984844B5F8821090FBF1F201FB1200E1
:10E9400006B2606830F91610207BC0F3001205F1A2
:10E950006C0030F91200081A2F9948431690207B5A
:10E96000C0F3001105F1700030F91110207BC0F3E5
:10E97000001205F16C0030F91200091A169890FB8C
:10E98000F1F0169016992F98411A2D98084400B26C
:10E99000ADF8D200BDF9D0103698B0F90000C01B18
:10E9A000401E814201DAB046C3E0B9F1000F58D0F1
:10E9B0001898E8B3606830F9180047F6FF7188428C
:10E9C000F5D0606830F916008842F0D0BDF9D21059
:10E9D0000298814201DA029801E0BDF9D20002906A
:10E9E000BDF9D2100398814201DD039801E0BDF921
:10E9F000D2000390BDF9D400BDF9D010884230D0C8
:10EA0000BDF9D2000190BDF8D000401E00B2ADF8B3
:10EA1000D000BDF8D000ADF8D4000398ADF8D60012
:10EA20000298ADF8D200BDF9D600BDF9D21000E0D1
:10EA300018E0884205D1BDF8D200401C00B2ADF804
:10EA4000D20034AB35AA27A93A980BF02EFDBDF8B9
:10EA5000D000401C00B2ADF8D0000198039001989E
:10EA6000029064E0BDF8D400C01B00B2ADF8000015
:10EA7000BDF8D400384400B2ADF80400BDF8D600AB
:10EA8000A0EB0A0000B2ADF80200BDF8D600504479
:10EA900000B2ADF80600A9F101001290606830F9EB
:10EAA000180047F6FF71884201D035A800E0002029
:10EAB0000D90606830F9160047F6FF71884201D06A
:10EAC00034A800E000200E90CDF81CD0606830F92A
:10EAD0001800149004AA1A2158460EF085FB6068AD
:10EAE00030F9180047F6FF7188420AD0606830F9A3
:10EAF0001600884205D034AB35AA27A93A980BF006
:10EB0000D4FC77B1BAF1000F0BD0606830F918006F
:10EB100047F6FF71884204D06A4619A93A980CF06A
:10EB20007FFC04AA1B2158460EF05EFB00BFB046D6
:10EB300000BF09F101001FFA80F9B5F882004845CD
:10EB40003FF7D7AE00BF1898E8BBB5F8820048453C
:10EB50003DD1606830F9160047F6FF71884236D023
:10EB6000BDF8D000C01B00B2ADF80000BDF8D00069
:10EB7000384400B2ADF80400BDF8D200A0EB0A00A2
:10EB800000B2ADF80200BDF8D200504400B2ADF8BA
:10EB90000600A9F10100129000200D900E90CDF812
:10EBA0001CD0606830F91600149004AA1A21584647
:10EBB0000EF01AFB6A4619A93A980CF031FC04AA27
:10EBC0001B21584600E002E00EF00EFB00BF00BF24
:10EBD000214605F12400F6F703FA0446002C7FF4E1
:10EBE00028AE3A993698886000BF77E508F904089E
:10EBF0002DE9F34FB3B08146349809F114018268CE
:10EC000031A8F4F711FE10B935B0BDE8F08F349893
:10EC10008068309031A9349881604D460021484683
:10EC200015F043FC2D900021484615F058FE2C901D
:10EC30000021484615F0BFFF2B90484614F061FCB8
:10EC4000B5F884104843001200B22A90484614F0E8
:10EC500039FCB5F886104843001200B229904846A6
:10EC600014F0BAFD0146B9F814202C9802442D98EE
:10EC70001044401A00B22890484614F0A7FE0146FE
:10EC8000B9F816202B9802442D981044401A00B26F
:10EC9000279024A80BF020FC24AA4FF4A02148467A
:10ECA00016F016FC16A80CF0D7FB16AA4FF400318C
:10ECB000484616F081FC4FF40031484616F0FDF945
:10ECC000064600EBD67047104FF40031484615F069
:10ECD00066FC064600EBD6704FEA6008BDF992006C
:10ECE000474501DA394600E0414600EBD072B1EB0E
:10ECF000620F06DD9DF8990020F0100010308DF8AD
:10ED00009900BDF89200012806D19DF8990020F0E5
:10ED1000100010308DF8990005F12400F6F766F91F
:10ED2000044698E1207B00F0010000B18DE12089CC
:10ED3000ADF890002089ADF85C0095F88800C0F32C
:10ED4000C00008B9608900E0002006B21596289836
:10ED5000ADF8BC002898ADF8B800159E159EB346D6
:10ED6000606830F816000A2847D02A980090236877
:10ED700033F91600237BC3F3C00C05F1780333F994
:10ED80001C20237BC3F3C00C05F1740333F91C1062
:10ED9000002312F0E7F900B2ADF8B800BDF8B810E2
:10EDA0002898084400B2ADF8B8002998009063682C
:10EDB00033F91600237BC3F3001C05F1700333F90C
:10EDC0001C20237BC3F3001C05F16C0333F91C10DA
:10EDD000002312F0C7F900B2ADF8BA00BDF8BA10BE
:10EDE0002998401A00B2ADF8BA00BDF8BA102798B9
:10EDF000084400B2ADF8BA0005E04EF20100ADF8EB
:10EE0000B800ADF8BA0003A8349914F08FF84FF4A5
:10EE1000A0201090944804900320059024A8099005
:10EE200016A8079014944FF0000AC8E0BDF8B80087
:10EE3000ADF8BC00BDF8BA00ADF8BE00159850445E
:10EE4000B5F8821090FBF1F201FB120006B2606887
:10EE500030F9160047F6FF71884247D02998009094
:10EE6000636833F91600237BC3F3001C05F17003BC
:10EE700033F91C20237BC3F3001C05F16C0333F929
:10EE80001C10002312F06EF900B2ADF8BA00BDF804
:10EE9000BA102998401A00B2ADF8BA00BDF8BA10FD
:10EEA0002798084400B2ADF8BA002A980090236869
:10EEB00033F91600237BC3F3C00C05F1780333F953
:10EEC0001C20237BC3F3C00C05F1740333F91C1021
:10EED000002312F047F900B2ADF8B800BDF8B81041
:10EEE0002898084400B2ADF8B80001E0B34662E0EB
:10EEF000BAF1000F5DD0BDF8BC00C01B00B2ADF888
:10EF00000400BDF8BC00384400B2ADF80800BDF8FC
:10EF1000BE00A0EB080000B2ADF80600BDF8BE00D0
:10EF2000404400B2ADF80A00AAF1010011906068F7
:10EF300030F91B0047F6FF71884201D02FA800E08E
:10EF400000200C90606830F9160047F6FF71884287
:10EF500001D02EA800E000200D9001A80690606866
:10EF600030F91B00139003AA1A2148460EF03CF911
:10EF7000606830F91B0047F6FF71884213D0606863
:10EF800030F9160088420ED02EAB2FAA24A934984F
:10EF90000BF08BFA3FB1B8F1000F04D001AA16A90B
:10EFA00034980CF03DFA03AA1B2148460EF01CF9D8
:10EFB00000BFB34600BF0AF101001FFA80FAB5F89E
:10EFC000820050453FF732AFB5F8820050453BD143
:10EFD000606830F9160047F6FF71884234D0BDF8FA
:10EFE000B800C01B00B2ADF80400BDF8B80038444A
:10EFF00000B2ADF80800BDF8BA00A0EB080000B2FE
:10F00000ADF80600BDF8BA00404400B2ADF80A0001
:10F01000AAF10100119000200C900D9001A806901B
:10F02000606830F91600139003AA1A2148460EF0C2
:10F03000DBF801AA16A934980CF0F2F903AA1B21F7
:10F0400048460EF0D1F800BF00BF214605F124006C
:10F05000F5F7C6FF0446002C7FF464AE349930986F
:10F06000886000BFD0E5000008F904082DE9F74FDB
:10F07000A2B00F46F88D10B925B0BDE8F08F97F813
:10F080003600022800DCF7E7F88D012808D1B7F92F
:10F090003400002804DC388E10B9788E00B9EBE714
:10F0A00024980088398E0844B98E401A00B2ADF811
:10F0B000800024988088398E0844B98E084400B2B4
:10F0C000ADF8840024984088798E0844B98E401A9F
:10F0D00000B2ADF882002498C088798E0844B98EB9
:10F0E000084400B2ADF88600B7F92E0000EBD071ED
:10F0F000BDF88020A2EB6101491E09B2ADF878107D
:10F10000B7F92E0000EBD071BDF8842002EB61014D
:10F11000491C09B2ADF87C10B7F92E0000EBD07194
:10F12000BDF88220A2EB6101491E09B2ADF87A1048
:10F13000B7F92E0000EBD071BDF8862002EB61011B
:10F14000491C09B2ADF87E1097F836001D901D9845
:10F15000FD2801DDFF201D9022981EA982681BA8B2
:10F16000F4F762FB00B987E719A8249907F070FA51
:10F170004FF0FF32114619A807F098FBB7F900804D
:10F1800019A807F05BFB834619A807F0C8FA834566
:10F1900003DA19A807F052FB02E019A807F0BFFA3A
:10F1A00018901898B8EB600F02DD18984FEA6008C5
:10F1B000B7F90000179020A807F040FB834620A86D
:10F1C00007F0ADFA834503DA20A807F037FB02E029
:10F1D00020A807F0A4FA1890DDE91701B0EB610F41
:10F1E00002DD189840101790B7F92E1017980C18D8
:10F1F00004FB04F1480012F003F88246B7F92E2010
:10F20000179803B2514620A81FF03EFC1EA80BF031
:10F2100095FC16904FF00109169820B9F878FF2850
:10F2200001DBB87808B14FF000094FF0FF300F90C4
:10F23000B9F1000F0BD101230FFA88F219A910A818
:10F240000BF0F4FF002110A80BF072F90F901EA82C
:10F2500007F0F4FA834611F0D3FF0E901C2102A8A8
:10F2600012F079FA0CA8029007900E980590B88DCC
:10F27000ADF8100097F836008DF82000B8788DF8BA
:10F2800021001EA807F0DAFA834600EBDB70BDF818
:10F29000781001EB600000B201901EA807F03FFA61
:10F2A000834600EBDB70BDF87A1001EB600000B222
:10F2B0000090BDF87C00ADF83400BDF87C00001B68
:10F2C000401C00B2ADF83000BDF87A00ADF8320055
:10F2D000BDF87A002044401E00B2ADF83600BDF9FA
:10F2E00030100198814202DDBDF9300000E0019844
:10F2F000ADF83000BDF936100098814202DABDF950
:10F30000360000E00098ADF8360022980CA982681B
:10F310000AA8F4F789FA002866D00FFA88F219A92A
:10F320000AA8F4F7C2FA00285ED10AA807F086FA04
:10F3300083465646BDF92A00BDF97A10401A00FBF3
:10F340000466BDF92810BDF97C00001B401C081A9A
:10F350000644B9F1000F09D00FFA88F219A90AA8DA
:10F36000F4F71EFB10B10120099001E0CDF82490C4
:10F37000BBF1000F37DD0E980590BDF82800ADF801
:10F380003000BDF82C00ADF8340002208DF81800D4
:10F39000BDF92A5023E0ADF83250ADF83650099847
:10F3A000A8B9224631460E9812F047F8BDF9281048
:10F3B0005B462A460E980BF071FB8DF818009DF8FD
:10F3C0001800012804D102208DF8180000E00596ED
:10F3D00002A922980CF084FB2644681C05B2BDF9F2
:10F3E0002E00A842D7DA00BFBDF87C00ADF834008B
:10F3F000BDF87C00001B401C00B2ADF83000BDF829
:10F400007E00001B401C00B2ADF83200BDF87E004B
:10F41000ADF83600BDF930100198814202DDBDF92A
:10F42000300000E00198ADF83000BDF932100098CE
:10F43000401C814202DDBDF9320001E00098401C11
:10F4400000B2ADF8320022980CA982680AA8F4F73D
:10F45000EBF9002866D00FFA88F219A90AA8F4F788
:10F4600024FAA8BB0AA807F0E9F983465646BDF975
:10F470003600BDF92E10401A00FB0466BDF92810B5
:10F48000BDF97C00001B401C081A0644B9F1000FAE
:10F4900009D00FFA88F219A90AA8F4F781FA10B175
:10F4A0000120099001E0CDF82490BBF1000F38DD78
:10F4B0000E980590BDF82800ADF83000BDF82C007E
:10F4C000ADF8340002208DF81800BDF92E5024E06C
:10F4D00028E0ADF83250ADF836500998A8B9224668
:10F4E00031460E9811F0A9FFBDF928105B462A4657
:10F4F0000E980BF0D3FA8DF818009DF8180001282B
:10F5000004D102208DF8180000E0059602A9229887
:10F510000CF0E6FA2644681E05B2BDF92A00A8429E
:10F52000D7DD00BFBDF87800204400B2ADF8300050
:10F53000BDF87C00001B00B2ADF83400BDF87A00C5
:10F54000ADF83200BDF87A002044401E00B2ADF89C
:10F550003600BDF936100098814202DABDF9360056
:10F5600000E00098ADF8360022980CA982680AA83D
:10F57000F4F75AF9002870D00FFA88F219A90AA8EE
:10F58000F4F793F9002868D10AA807F057F98346E1
:10F590005646BDF92A00BDF93210401A00FB046638
:10F5A000B9F1000F09D00FFA88F219A90AA8F4F7E7
:10F5B000F7F910B10120099001E0CDF82490BBF1DA
:10F5C000000F49DD099810B90E98059001E0002060
:10F5D0000590BDF82800ADF83000BDF82C00ADF85E
:10F5E0003400BDF92A5033E0ADF83250ADF8365052
:10F5F0000998C8B931785A460E9812F072F8BDF9D8
:10F6000028105B462A460E980BF048FA8DF8180031
:10F610009DF81800012802D102208DF8180002A9D7
:10F6200022980CF05DFA10E01D98FF2801D1307887
:10F6300005E0307897F8361010FB01F000128DF8D5
:10F64000200002A922980CF04BFA2644681C05B24F
:10F65000BDF92E00A842C7DA00BF97F836008DF832
:10F660002000BDF87800204400B2ADF83000BDF8AD
:10F670007C00001B00B2ADF83400BDF87E00001B1A
:10F68000401C00B2ADF83200BDF87E00ADF8360087
:10F69000BDF932100098401C814202DDBDF93200F4
:10F6A00001E00098401C00B2ADF8320022980CA98D
:10F6B00082680AA8F4F7B8F800287DD00FFA88F21B
:10F6C00019A90AA8F4F7F1F800287AD10AA807F0D6
:10F6D000B5F883465646BDF93600BDF92E10401ADE
:10F6E00000FB0466BBF1000F6ADDB9F1000F09D021
:10F6F0000FFA88F219A90AA8F4F752F910B10120FB
:10F70000099001E0CDF82490099810B90E98059061
:10F7100001E000200590BDF82800ADF83000BDF8EC
:10F720002C00ADF83400BDF92E5042E0ADF8325057
:10F73000ADF83650B9F1000F09D00FFA88F219A9C7
:10F740000AA8F4F72DF910B10120099001E0CDF8D5
:10F7500024900998C8B931785A460E9811F0C1FF23
:10F76000BDF928105B462A460E980BF097F98DF8E4
:10F7700018009DF81800012802D102208DF8180009
:10F7800002A922980CF0ACF910E01D98FF2801D1D5
:10F79000307805E0307897F8361010FB01F0001251
:10F7A0008DF8200002A922980CF09AF92644681ED0
:10F7B00005B2BDF92A0001E003E001E0A842B5DD91
:10F7C00000BF97F836008DF82000BDF87C00001BC4
:10F7D000401C00B2ADF83000BDF87C00ADF834003C
:10F7E000BDF87A00204400B2ADF83200BDF87E00CA
:10F7F000001B00B2ADF83600BDF932100098401C75
:10F80000814202DABDF9320001E00098401C00B2EA
:10F81000ADF83200BDF936100098814202DDBDF925
:10F82000360000E00098ADF83600BDF930100198C0
:10F83000814202DDBDF9300000E00198ADF83000F2
:10F8400022980CA982680AA8F3F7EEFFE0B30FFA3A
:10F8500088F219A90AA8F4F728F8A8BB0AA806F0A4
:10F86000EDFF83465646601E00FB0466BDF9281076
:10F87000BDF97C00001B401C081A0644B9F1000FBA
:10F8800009D00FFA88F219A90AA8F4F789F810B17B
:10F890000120099001E0CDF82490099808B1304684
:10F8A00000E00E980590BBF1000F33DDBDF8280095
:10F8B000ADF83000BDF82C00ADF8340002208DF812
:10F8C0001800BDF92A5021E025E0ADF83250ADF81E
:10F8D00036500998A0B95A4631460E9811F0ADFD40
:10F8E000BDF928105B462A460E980BF0D7F88DF824
:10F8F00018009DF81800012802D102208DF8180088
:10F9000002A922980CF0ECF8681C05B2BDF92E0093
:10F91000A842DADA00BF5646002515E03046331912
:10F92000591E002208E0037891F800C080F800C05A
:10F930000B70401C491E521C04EBD47CB2EB6C0FC4
:10F94000F1DB2644681C05B2A542E7DBBDF8780070
:10F95000ADF83000BDF878002044401E00B2ADF88C
:10F960003400BDF87A00204400B2ADF83200BDF892
:10F970007E00001B00B2ADF83600BDF932100098D1
:10F98000401C814202DABDF9320001E00098401CBF
:10F9900000B2ADF83200BDF936100098814202DDA8
:10F9A000BDF9360000E00098ADF83600BDF934101E
:10F9B0000198401E814202DABDF9340001E001984D
:10F9C000401E00B2ADF8340022980CA982680AA843
:10F9D000F3F72AFFD0B30FFA88F219A90AA8F3F7B0
:10F9E00064FF98BB0AA806F029FF83465646601EAE
:10F9F00000FB0466BDF92800BDF93010401A06442A
:10FA0000B9F1000F09D00FFA88F219A90AA8F3F783
:10FA1000C7FF10B10120099001E0CDF824900998AA
:10FA200008B1304600E00E980590BBF1000F33DDC1
:10FA3000BDF82800ADF83000BDF82C00ADF834005A
:10FA400002208DF81800BDF92A5021E025E0ADF81C
:10FA50003250ADF836500998A0B95A4631460E9842
:10FA600011F0EBFCBDF928105B462A460E980BF00E
:10FA700015F88DF818009DF81800012802D1022011
:10FA80008DF8180002A922980CF02AF8681C05B21B
:10FA9000BDF92E00A842DADA00BFBDF87800ADF853
:10FAA0003000BDF878002044401E00B2ADF83400AC
:10FAB000BDF87A00ADF83200BDF87A002044401E4F
:10FAC00000B2ADF83600BDF934100198401E8142F5
:10FAD00002DABDF9340001E00198401E00B2ADF831
:10FAE0003400BDF936100098814202DABDF93600C3
:10FAF00000E00098ADF8360022980CA982680AA8A8
:10FB0000F3F792FED0B30FFA88F219A90AA8F3F717
:10FB1000CCFE98BB0AA806F091FE83465646BDF976
:10FB20002A00BDF93210401A00FB0466BDF9280016
:10FB3000BDF93010401A0644B9F1000F09D00FFA90
:10FB400088F219A90AA8F3F72BFF10B10120099038
:10FB500001E0CDF824900E980590BBF1000F36DD42
:10FB6000BDF82800ADF83000BDF82C00ADF8340029
:10FB700002208DF81800BDF92A5024E028E0ADF8E5
:10FB80003250ADF836500998A8B9224631460E9841
:10FB900011F053FCBDF928105B462A460E980AF076
:10FBA0007DFF8DF818009DF81800012804D102206F
:10FBB0008DF8180000E0059602A922980BF090FF3E
:10FBC0002644681C05B2BDF92E00A842D7DA00BF52
:10FBD000BDF87800ADF83000BDF878002044401E34
:10FBE00000B2ADF83400BDF87E00001B401C00B22E
:10FBF000ADF83200BDF87E00ADF83600BDF9321028
:10FC00000098401C814202DDBDF9320001E00098FD
:10FC1000401C00B2ADF83200BDF934100198401E0E
:10FC2000814202DABDF9340001E00198401E00B2C1
:10FC3000ADF8340022980CA982680AA8F3F7F4FD05
:10FC4000D0B30FFA88F219A90AA8F3F72EFE98BBD1
:10FC50000AA806F0F3FD83465646BDF93600BDF905
:10FC60002E10401A00FB0466BDF92800BDF93010C3
:10FC7000401A0644B9F1000F09D00FFA88F219A909
:10FC80000AA8F3F78DFE10B10120099001E0CDF82C
:10FC900024900E980590BBF1000F36DDBDF82800CA
:10FCA000ADF83000BDF82C00ADF8340002208DF81E
:10FCB0001800BDF92E5024E028E0ADF83250ADF820
:10FCC00036500998A8B9224631460E9811F0B5FB76
:10FCD000BDF928105B462A460E980AF0DFFE8DF823
:10FCE00018009DF81800012804D102208DF8180092
:10FCF00000E0059602A922980BF0F2FE2644681E49
:10FD000005B2BDF92A00A842D7DD00BFBDF87800D2
:10FD1000204400B2ADF83000BDF87C00001B00B2FA
:10FD2000ADF83400BDF87A00204400B2ADF83200DE
:10FD3000BDF87E00001B00B2ADF836000E980590AD
:10FD400022980CA982680AA8F3F76EFDA0B30FFAF7
:10FD500088F219A90AA8F3F7A8FD68BB0AA806F05B
:10FD60006DFD8346BBF1000F25DDBDF82800ADF821
:10FD70003000BDF82C00ADF83400BDF92A5016E073
:10FD8000ADF83250ADF8365059460E9811F01AFDC4
:10FD9000BDF928105B462A460E980AF07FFE8DF8C2
:10FDA000180002A922980BF09BFE681C05B2BDF951
:10FDB0002E00A842E4DA00BFB9F1000F05D110A867
:10FDC0000AF098FE0F980BF019FB504611F094FAC8
:10FDD0000E9811F091FA00BFFFF74EB92DE9F74FD9
:10FDE000DEB05E985D90609806F036FD804600EBD0
:10FDF000D8704FEA600A609806F09FFC074600EB57
:10FE0000D7704010824507DA609806F025FD064657
:10FE100006EBD670401006E0609806F08EFC0546B2
:10FE200005EBD570401000B25B90609801885B983C
:10FE3000084400B2ADF87001609841885B980844AE
:10FE400000B2ADF8720158A80AF046FB58AA4FF468
:10FE5000C0215E9815F03CFB9DF8690120F0100070
:10FE600010308DF8690150A80AF0EAFA50AA4FF450
:10FE7000C0215E9815F0C5FA2CA85F9913F056F8CA
:10FE8000FE482D904FF4C020399003202E9058A8A2
:10FE900032905D982430F5F7A9F8044643E23D948A
:10FEA000A18B5B98084406B2A088301A00B22B9050
:10FEB000A089301A0FFA80FABDF870112B98081A31
:10FEC00000B2ADF8A400BDF872112B98081A00B268
:10FED000ADF8A600BDF870112B98084400B2ADF83B
:10FEE000A800BDF872112B98084400B2ADF8AA0022
:10FEF000012347F6FF7229A94AA80BF097F9BDF82C
:10FF00007001A0EB0A0000B2ADF89C00BDF87201D0
:10FF1000A0EB0A0000B2ADF89E00BDF8700150449D
:10FF2000401E00B2ADF8A000BDF872015044401E62
:10FF300000B2ADF8A200012347F6FF7227A944A83A
:10FF40000BF074F9BDF87001801B00B2ADF894009D
:10FF5000BDF87201801B00B2ADF89600BDF87001CB
:10FF60003044401E00B2ADF89800BDF87201304434
:10FF7000401E00B2ADF89A00002347F6FF7225A993
:10FF80003EA80BF053F900213EA80AF0D1FA2490C4
:10FF90004FF0FF302390608910B16089401E01E06E
:10FFA0004FF6FF7022904FF00009A6E12298401C06
:10FFB00022900020219061892298814203D1002063
:10FFC000229001202190A06900906088421E0021AB
:10FFD0004846636911F0C6F807463C97219810B16E
:10FFE0002089209001E02068209020981F9021987F
:10FFF00008B1E08900E0E0880FFA80F8CDF8788059
:020000040802F0
:10000000DDF878805D983030F4F7F0FF05465FE06A
:100010002879022800D055E0A868B84251DCE86889
:10002000B8424EDB288A40440FFA80F8698AA88AD1
:10003000814202D1688A209043E0A87D00F001004F
:1000400050B1FF20009000233846D5E9021211F08C
:1000500089F8C0B2139009E0FF20009000233846D1
:10006000D4E9051211F07EF8C0B21390A98A11915B
:10007000698A1291139800F1040C4FEAEC00BDF864
:1000800048C04CEA0C4CDFF8F8E10CEA0E01BDF870
:1000900044C04CEA0C4C0CEA0E02A2EB010C0CFB27
:1000A00000FC01EB5C1C0CEA0E0343EA134C1FFA44
:1000B0008CFCCDF840C0BDF840E0F446CDF880C0DF
:1000C00000BF00BF29465D983030F4F789FF054630
:1000D000002D9DD1E08B00FB09F001026088401EDD
:1000E00091FBF0F01D901D9800121C901C98401C74
:1000F0001B901D9800F0FF0B228C1C99114408B234
:100100001BF024FA1A90228C1B99114408B21BF0A0
:100110001DFA1990CBF580711A9811FB00F119980E
:1001200010FB0B1000121890228C1C99114408B27D
:100130001BF004FA1790228C1B99114408B21BF093
:10014000FDF91690CBF58071179811FB00F1169808
:1001500010FB0B1000121590BDF88000ADF8600187
:10016000ADF86281BDF8702106EB0801159848438F
:100170007F3002EBE03000B2ADF85000BDF87221E4
:1001800006EB0801189848437F3002EBE03000B2DC
:10019000ADF8520014A835905CA83590CDF8E890E1
:1001A00050A83190219800287CD024980BF026F993
:1001B000B4F91000AAEB00001390BDF87021139958
:1001C000159848437F3002EBE03000B2ADF84800AC
:1001D000BDF872211399189848437F3002EBE03044
:1001E00000B2ADF84A00202250A90AA811F025F962
:1001F0000AA831903B4623A2102106A818F014FD4E
:1002000006A837902CAA1A215E980CF0EDFF002169
:1002100041F6FF72BDF95201CDE901210090BDF90F
:10022000543105A8509A37991BF07EFABDF9140095
:1002300000EBD071BDF84820A2EB610109B2ADF826
:100240000C10BDF9160000EBD071BDF84A20A2EBEE
:10025000610109B2ADF80E10BDF80C00BDF8141024
:10026000084400B2ADF81000BDF80E00BDF816103D
:10027000084400B2ADF81200002006E040FE040879
:100280001FF8E007256400000CE0009003AA379BEC
:1002900031995F9809F020FD00213EA80AF048F945
:1002A000249007E00020319037902CAA1A215E9804
:1002B0000CF09AFF219909B144A900E04AA9084627
:1002C00000210AF035F923905CAB14AA58A95F9875
:1002D0000AF0EBF823980BF091F82CAA16215E98FF
:1002E0000CF082FFBDF87C00ADF860011E98ADF8FF
:1002F000620109F1010000F0FF09608848453FF7FD
:1003000055AE4AA80AF0F6FB44A80AF0F3FB3EA853
:100310000AF0F0FB24980BF071F821465D98243028
:10032000F4F75EFE0446002C7FF4B9AD61B0BDE881
:10033000F08F00002DE9F04FB1B005468B46904696
:100340002E464146284602F0ADFF04462089C0F300
:100350000E00012802DC31B0BDE8F08F2089C0F327
:10036000C03020B9208810B9608800B9F3E70021B7
:10037000284614F0B4FA82460021284614F095F875
:10038000504400B22E90284613F0BBF8B6F8841003
:100390004843001200B22D9025A80AF051F825AA72
:1003A0004FF4C021284615F02CF8284613F014FA13
:1003B0000146AA8A2E981044401A00B22490B8F13F
:1003C000020F0ED12089C0F3C03028B14FF4C021F4
:1003D000284614F0A7F900E000202390B5F91A9000
:1003E0000DE02089C0F3C03028B14FF4C021284669
:1003F00014F0E1FB00E000202390B5F91690B8F16D
:10040000020F16D1DBF80800B0F90600484500DA03
:10041000A1E7239848442599B1F908100844B4F994
:1004200000100844DBF80810B1F90210884200DA25
:1004300091E720A80AF050F820AA4FF4C0212846DE
:1004400015F046F80020ADF88600ADF88400594656
:100450000EA812F06BFDA6480F9006201090022007
:100460001C904FF4C0201B9025A8139020A8149036
:10047000B8F1020F01D0012000E000200D9096F8A5
:10048000880000F00700022822D10021284614F03D
:10049000D8F9B6F8841048434FEA202A2D985044E2
:1004A000B6F8821090FBF1F000B20B900B99A1EB23
:1004B0000A0000EBD0714A102499114409B224912A
:1004C0000B98A0EB0A012D98401A00B22D9000BFA6
:1004D000ADF8C2902089C0F30E00401E6168C1F3E0
:1004E0000E4148430C900027FBE000200B90606811
:1004F000C0F30E40B7FBF0F100FB117008B901200A
:100500000B90BDF982102D98401A78430C99B0FBDE
:10051000F1F12498084400B2ADF8C000ADF8BC0079
:100520000D9868B1BDF9C2100B9810B1B4F9000074
:1005300001E0B4F90200081A00B2ADF8BE000CE008
:10054000BDF9C2100B9810B1B4F9000001E0B4F984
:100550000200084400B2ADF8BE0030A817902FA8E2
:10056000189096F8880000F00700032810D106F1D3
:1005700078000D9930F91100009006F1740030F9FF
:100580001130002138460C9A10F0ECFD824604E050
:100590006068C0F30E40B7FBF0FACDF878A00B9876
:1005A000002871D02089C0F3C03000286CD0534699
:1005B00050A2102107A818F037FB25A8139007A810
:1005C000199010201A900EAA1A2128460CF00CFE41
:1005D000002141F6FF72BDF9A600CDE9012100908E
:1005E000BDF9A83006A8259A19991BF09DF8BDF908
:1005F000180000EBD071BDF8BC20A2EB610109B27C
:10060000ADF81010BDF9180000EBD071BDF8BC209A
:1006100002EB610109B2ADF814100D9878B1BDF884
:10062000BE102398081A00B2ADF81600BDF81600E7
:10063000BDF81A10401A00B2ADF812000EE0BDF875
:10064000BE102398084400B2ADF81200BDF81200A5
:10065000BDF81A10084400B2ADF81600BDF9140038
:10066000B5F9141088420DDBBDF91010B5F918006A
:10067000814207DC0020009004AA25A95846199B56
:1006800009F02AFB09E0FFE70020139019901A9067
:100690000EAA1A2128460CF0A7FDBDF9821001EB25
:1006A000D172BDF9C03003EB6202B5F914309A4241
:1006B00011DBBDF9820000EBD072BDF9BC30A3EBB9
:1006C0006203B5F91820934205DC2FAB30AA20A9AC
:1006D000584609F0EAFE0EAA1B2128460CF084FDBC
:1006E0007F1C0C9887427FF600AF00BF33E6000006
:1006F00008F90408256400002DE9F74FB2B005465B
:10070000164631953146284602F0CCFD0446208934
:10071000C0F30E00012802DC35B0BDE8F08F20895F
:10072000C0F3C03020B9208810B9608800B9F3E761
:100730000EB1012000E0002083460021284613F07E
:10074000B4FE2E900021284614F035FA2D9028464C
:1007500012F0B8FE3199B1F886104843001200B289
:100760002C90284613F032F90146EA8A2D9802446B
:100770002E981044401A00B22B904EB94FF4C0216D
:10078000284614F0ACF80746B5F914002A9008E0A2
:100790004FF4C021284614F04BF90746B5F918006C
:1007A0002A90B4F900002990B4F902002890012E93
:1007B00007D12998404200B229902898404200B2BF
:1007C000289025A809F088FE25AA4FF4C0212846C4
:1007D00014F07EFE1DA809F033FE1DAA4FF4C021BF
:1007E000284614F00EFE0BA8339912F09FFB89489F
:1007F0000C9006200D9019960004189025A81190D1
:100800001DA810902089C0F30E00401E6168C1F33E
:100810000E4100FB01F94FF00008F6E0BDF996101B
:100820002C98401A00FB08F0B0FBF9F12B98084413
:1008300000B2ADF8C200ADF8BE002A98ADF8C00015
:1008400036B9BDF8C000401E00B2ADF8C00005E0EA
:10085000BDF8C000401C00B2ADF8C00000200A90F6
:100860006068C0F30E40B8FBF0F100FB118008B9DE
:1008700001200A900A9838B1BDF8C0102998081ACA
:1008800000B2ADF8BC0006E0BDF8C0102898081A08
:1008900000B2ADF8BC0030A814902FA81590319884
:1008A000703030F91B00009031996C3131F91B30F8
:1008B000A9EB08004A46002110F054FC8246CDF80E
:1008C0006CA00A98002872D02089C0F3C03000289C
:1008D0006DD0534650A2102106A818F0A5F91DA806
:1008E000109006A81690102017900BAA1A212846DF
:1008F0000CF07AFC002141F6FF72BDF98600CDE9CB
:1009000001210090BDF9883005A81D9A16991AF0AA
:100910000BFFBDF9160000EBD071BDF8BE20A2EBB5
:10092000610109B2ADF80E10BDF9160000EBD071EF
:10093000BDF8BE2002EB610109B2ADF81210BBF1A7
:10094000000F0FD1BDF8BC00BDF81410401AC01B39
:1009500000B2ADF80C00BDF8BC00C01B00B2ADF891
:1009600010000EE0BDF8BC00384400B2ADF80C0039
:10097000BDF8BC00BDF814100844384400B2ADF80E
:100980001000BDF91210B5F9160081420DDBBDF95A
:100990000E10B5F91A00814207DC0020009003AA6E
:1009A0001DA9169B339809F097F909E0FFE700208D
:1009B0001090169017900BAA1A2128460CF014FCE0
:1009C000BDF9961001EBD172BDF9C23003EB6203A1
:1009D000B5F91620934211DBBDF9960000EBD072F9
:1009E000BDF9BE30A3EB6203B5F91A20934205DCD2
:1009F0002FAB30AA25A9339809F057FD0BAA1B216C
:100A000028460CF0F1FB08F10108C8457FF606AF57
:100A100000BF81E608F90408256400002DE9FE4FB7
:100A200006460C46174698462021304614F0D6FB61
:100A300000287DD00C98032803D1304612F0B2FF75
:100A400002E0304612F0B8FF81460EF069FC054620
:100A50004FF0000A002002900C98032843D1002197
:100A6000304613F015FF83460021304613F0B9FFDE
:100A70000190B9F1010F23D0B9F1020F28D0B9F1DB
:100A8000030F2ED106F1140005F092FEA0EB0B012E
:100A90000198081A009000EBD0700BEB6000B18A4F
:100AA00008440FFA80FA05F1140005F081FE009069
:100AB00000EBD070A98A01EB600000B2029010E058
:100AC000B08A58440FFA80FAB5F91400029008E091
:100AD000318B0198081A0FFA80FAB5F918000290C4
:100AE00000BF00BF45E00021304614F03DF88346CA
:100AF0000021304613F0EFFD0190B9F1010F25D030
:100B0000B9F1020F2AD0B9F1030F30D106F1140068
:100B100005F0D4FDA0EB0B010198081A009000EB42
:100B2000D0700BEB6001F08A08440FFA80FA00E005
:100B300054E005F1140005F0C1FD009000EBD07009
:100B40004110E88A084400B2029010E0F08A58444C
:100B50000FFA80FAB5F91600029008E0718B01983F
:100B6000081A0FFA80FAB5F91A00029000BF00BF08
:100B700000BFB8F1000F17DAB9F1000F05D00298E5
:100B8000504502DD2046BDE8FE8F002C01DAA01E94
:100B900004B2002C01DDA01C04B22146E01704EBD6
:100BA0009070801000B2EEE7002F16DAB9F1000F56
:100BB00004D00298504501DA2046E4E7002C01DA1F
:100BC000A01E04B2002C01DDA01C04B22246E017D6
:100BD00004EB9070801000B2D5E709E008EB040048
:100BE000002802DAC8F1000004B2381B00D53C46E8
:100BF0002046C8E710B50446207EC0F3800008B147
:100C0000002010BD207A232802D0242803D100E040
:100C100000BF0120F5E700BF00BF4FF480416068CE
:100C200014F0DCFA08B90020EBE7207A11381C2810
:100C300023D2DFE800F00E0F10111213141516174F
:100C40001822221922221A1D1B1C222222221E1FB8
:100C5000222000BF00BF00BF00BF00BF00BF00BF19
:100C600000BF00BF00BF00BF00BF00BF00BF00BF8C
:100C700000BF00BF00BF0020C3E70120C1E72DE98E
:100C8000F04104460EF038FB07469FB13868806893
:100C900018B1217A386882689047207EC0F34000FE
:100CA00010B10120BDE8F081207E00F0010008B104
:100CB0000020F7E701260EB9002003E0002160685C
:100CC00012F076FC05464FF0000827E02868F0B1E6
:100CD000287A00F08000802819D1287A802805D051
:100CE000287A20F08000217A884210D16868E0607C
:100CF000204629688847207EC0F3400008B10120C3
:100D0000D0E7207E00F0010008B10020CAE708F11A
:100D100001084146606812F04BFC05460DB1012EFA
:100D2000D4D02146002012F027FB06460EB9002041
:100D300003E00021606812F03BFC05464FF000081C
:100D400023E02868D0B1287A00F08000B0B9287A72
:100D500018B1287A217A884210D16868E06020466C
:100D600029688847207EC0F3400008B1012099E738
:100D7000207E00F0010008B1002093E708F101088F
:100D80004146606812F014FC05460DB1012ED8D022
:100D9000012E11D16068406870B12046FFF72AFF2C
:100DA00050B16068406860602046FFF768FF064603
:100DB000012E01D0002075E7304673E782B0CDE9FF
:100DC000000121F0004001909DED000B02B051ECBC
:100DD000100B70472DE9F0438046DDE9074521B946
:100DE0002A7022701A70BDE8F0834FEA282000F0C4
:100DF0000209B9F1000F04D000BF99462B464D46B9
:100E000000BF00F00409B9F1000F04D000BFA146F3
:100E10002C464D4600BF00F00609B9F1000F09D17C
:100E200000F00109B9F1000F0ED100BF9946234629
:100E30004C4609E000F00109B9F1000F04D000BFF1
:100E4000994623464C4600BF22706FEA010909F01B
:100E5000FF0602FB06F74FEA272985F8009008F005
:100E6000FF0C00F00109B9F1000F0DD1BCF1000F2A
:100E700002D14FEA012905E0CCF1000909F0FF0990
:100E800009FB01F94F4601E001FB0CF73E126FEA46
:100E9000060909F0FF0602FB06F74FEA272983F847
:100EA000009000BF9FE700002DE9FF4F87B0054687
:100EB0008B469146DDE914A6584605F0AAFC06903B
:100EC000584605F01EFC05901798012804D002280A
:100ED00004D0032806D103E0494F08E0494F06E05B
:100EE000494F04E000BF00BF0BB0BDE8F08F00BF6A
:100EF0008EBB2888049028885246014602900A98A2
:100F0000B84703904FF0000821E0002418E0BDF836
:100F1000100035F8141088420CD005EB440000880E
:100F2000049005EB440000885246014602900A985E
:100F3000B847039005EB4400BDF80C100180641C19
:100F400006988442E3DB05EB490508F101080598A2
:100F50008045DADB51E0FFE700200290288804900A
:100F60003078FD2801DB504603E0307800FB0AF0C2
:100F7000000A0190019A04990A98B84703904FF02B
:100F8000000836E000242BE0305D00B927E0315D39
:100F90000298814205D1BDF8100035F8141088423E
:100FA00017D0305DFD2801DB504603E0305D00FBCB
:100FB0000AF0000A019005EB440000880090014609
:100FC000019A0A98B8470390305D029035F81400F2
:100FD000049005EB4400BDF80C10018000BF641CB8
:100FE00006988442D0DB05EB49051698064408F1C3
:100FF000010805988045C5DB00BF00BF74E700000D
:10100000298201085B830108CB8201082DE9FF4F8B
:1010100089B004469246DDE91685F4F7FBFA08909C
:101020000A9805F0F6FB81460A9805F06AFB8346AC
:10103000002D78D1B8F1FD0F0CDB002707E04A4600
:1010400020460C9907F07FFB04EB4A047F1C5F45A8
:10105000F5DB7DE100BF0020014602464FEAD20CDD
:10106000BDF804306CF304034FEA910C0193BDF812
:1010700004306CF34A134FEAD00C0193BDF80430EE
:101080006CF3CF230193BDF804C063460293BDF80F
:10109000081008460790424607990C9807F0F2FCA2
:1010A00006900C9904A80291BDF80810C90A01FB2A
:1010B00008F10180BDF80810C1F3451101FB08F1EA
:1010C0004180BDF8081001F01F0101FB08F181808B
:1010D00000BFC8F1FF000390002720E0002619E0C0
:1010E000BDF81C0034F8161088420DD004EB460001
:1010F0000088079004EB460000880290014604A88F
:10110000039A07F047FD069004EB4600BDF818105F
:101110000180761C4E45E3DB04EB4A047F1C5F45EF
:10112000DCDB15E1FFE7BDF8300000EB0040079085
:10113000B8F1FD0F6FDBA9F1040006900027B4E0C1
:10114000002614E02878FF2803D1BDF83000208065
:101150000AE02A782088014604900C9807F092FC57
:101160000590BDF8140020806D1CA41C761C4E4513
:1011700003DA05F003000028E4D172E02868059046
:101180000598401CA8B904F0030048B1BDF8301020
:101190002180A01C07990160BDF83010E18005E0B6
:1011A0002046079901600799416000BF08342D1D52
:1011B00056E00598002851D02878FF2803D1BDF8C3
:1011C000300020800AE02A782088014603900C989D
:1011D00007F058FC0490BDF8100020806D1CA41C82
:1011E0002878FF2803D1BDF8300020800AE02A7853
:1011F0002088014603900C9807F044FC0490BDF849
:10120000100020806D1CA41C2878FF2804D1BDF894
:10121000300020800BE04CE02A78208801460390C3
:101220000C9807F02FFC0490BDF8100020806D1C76
:10123000A41C2878FF2803D1BDF8300020800AE0E4
:101240002A782088014603900C9807F01BFC049034
:10125000BDF8100020806D1CA41C01E02D1D083479
:10126000361D0698864289DD14E02878FF2803D1D0
:10127000BDF8300020800AE02A78208801460490DA
:101280000C9807F0FFFB0590BDF8140020806D1C42
:10129000A41C761C4E45E8DBAAEB090004EB4004D5
:1012A0001898A0EB090005447F1C5F45FFF648AF86
:1012B0004DE00020049020880690208805900020B2
:1012C0000390002740E0002635E0287888B329788D
:1012D0000498814209D02878FF2801D1404603E0D4
:1012E000287800FB08F0000A0390297804988142CE
:1012F00005D1BDF8180034F81610884214D00398B0
:10130000FF2802D10C98059009E004EB4600008804
:1013100002900146039A0C9807F0B4FB05902878D8
:10132000049034F81600069004EB4600BDF8141043
:1013300001806D1C761C4E45C7DB04EB4A041898EF
:10134000A0EB090005447F1C5F45BCDB00BF00BF6C
:101350000DB0BDE8F08F2DE9FF4F85B081460C46FA
:10136000DDE912A7F4F756F9804607BBB4F902602D
:1013700018E0B4F9005010E0CDF808A0BDF8200046
:10138000ADF8040030B20090D8F800002BB2D0F8CD
:101390001CC04946079AE0476D1CB4F90400A842F6
:1013A000EADA761CB4F90600B042E2DA2EE0204612
:1013B00005F02FFA8346204605F0A3F90490002695
:1013C00020E0002519E0785DB0B1785D00FB0AF0FF
:1013D000000A0290BDF82000ADF804006088304497
:1013E00000B20090218829440BB2D8F80000D0F850
:1013F0001CC04946079AE0476D1C5D45E3DB149825
:101400000744761C04988642DBDB00BF09B0BDE8C8
:10141000F08F10B502460B4610681C68A04201D13F
:10142000012010BD0020FCE710B502460B465068B5
:1014300020F040401C68A04203D2506820F0404099
:101440001860002010BD2DE9F04F89B0044600203F
:10145000089007900DF050FF069006980068057EF2
:10146000D4F820800027B946B4F91400002802DD22
:10147000B4F9140002E0B4F914004042B4F91610B3
:10148000002902DDB4F9161002E0B4F91610494241
:10149000884201DD012701E04FF00109CAE0102177
:1014A000404613F09BFEB0B94FF48071404613F0F4
:1014B00095FE08B907B1C1E04FF40071404613F042
:1014C0008DFE18B9B9F1000F00D0B7E0404612F018
:1014D000DDF88046AEE0CA46CDF814900497BB46CE
:1014E000404612F04BF9064606F0010008B900200C
:1014F000049006F0020008B94FF0000B06F004005B
:1015000008B94FF0000A06F0080008B9002005905D
:10151000404612F05BFA0390404612F0CFF802907A
:10152000404612F059F90190404612F0CDF9009072
:101530000398002802DC0298002811DDBAF1000FA0
:1015400003D0B4F91600A84206DA059840B1B4F900
:1015500016006942884203DCCDF820800C200790F9
:101560000198002802DC0098002811DD049818B1C9
:10157000B4F91400A84207DABBF1000F08D0B4F99F
:1015800014006942884203DCCDF8208003200790D4
:101590000398002801DC4FF0000A0298002801DCC3
:1015A000002005900198002801DC0020049000989C
:1015B000002801DC4FF0000B049818B1B4F91400B6
:1015C000A84215DABBF1000F04D0B4F91400694247
:1015D00088420DDDBAF1000F03D0B4F91600A8421D
:1015E00006DA059878B1B4F91600694288420ADC37
:1015F0000FB1032000E00C2094F83C1060F30301CD
:1016000084F83C101AE04FF48071404613F0E6FD78
:1016100008B907B112E04FF40071404613F0DEFD47
:1016200018B9B9F1000F00D008E0404612F02EF8CA
:10163000804600BFB8F1000F7FF431AF00BF0898BB
:1016400058B194F83C10079860F3030184F83C10FB
:101650000898A0620021A182E182089809B0BDE843
:10166000F08F00002DE9FF4F83B00446204612F0B2
:1016700099F90290029818B9002007B0BDE8F08FE0
:1016800041F6FF750021204613F002F907460021BC
:10169000204613F0A6F98246204611F0B0FE83469C
:1016A0004FF000086AE0A068006850F828603949E7
:1016B000304613F09EFD00B15EE04FF4805130469D
:1016C00013F08CFD002856D04FF000090020019047
:1016D0000298012804D0022809D003282CD10EE05A
:1016E000B6F91490A08A384400B2019025E0B6F90A
:1016F0001890208BA0EB0A0000B201901DE006F1CB
:10170000140005F055F8009000EBD070B18A01EBA1
:1017100060000FFA80F904F1140005F049F8C01BCD
:10172000A0EB0A00009000EBD070A18A394401EBD5
:10173000600000B2019000E01EE000BF069848443F
:101740000FFA80F90498814514DB0598814511DC76
:101750000199A9EB010108B2002801DD014600E072
:101760004142002D01DD2A4600E06A42914200DA42
:10177000054600BF00BF00BF08F10108D84592D35D
:1017800041F6FF70854201D1002000E0684200B2BE
:1017900073E70000010004002DE9FF4F83B0044609
:1017A000204612F009F90290029818B9002007B0FB
:1017B000BDE8F08F41F6FF750021204613F0D4F903
:1017C00007460021204612F086FF8246204611F08F
:1017D00016FE83464FF000086AE0A068006850F8E3
:1017E00028603949304613F004FD00B15EE04FF443
:1017F0008051304613F0F2FC002856D04FF000091B
:10180000002001900298012804D0022809D0032862
:101810002CD10EE0B6F91690E08A384400B201905F
:1018200025E0B6F91A90608BA0EB0A0000B2019097
:101830001DE006F1140004F041FF009000EBD070B1
:101840004110F08A08440FFA80F904F1140004F002
:1018500035FFC01BA0EB0A00009000EBD0704110D8
:10186000E08A3844084400B2019000E01EE000BF66
:10187000069848440FFA80F90498814514DB0598CE
:10188000814511DC0199A9EB010108B2002801DDB5
:10189000014600E04142002D01DD2A4600E06A4297
:1018A000914200DA054600BF00BF00BF08F1010801
:1018B000D84592D341F6FF70854201D1002000E067
:1018C000684200B273E70000010004002DE9FF4FF9
:1018D00087B00E469046DDE914940021079813F076
:1018E000D2FB06900021079812F03FFE0590F07899
:1018F000C0F34000A8B1F07800F0010020B142F23E
:10190000D1710698884208D0F07800F0010040B903
:1019100042F2D1710598884203D1F07820F002009C
:10192000F070F07800F0010008B1964800E09648A9
:101930000490F07800F0010008B9924800E0924865
:10194000824600206080A08020612080A060E0604E
:10195000CDF80C800399079811F033FD0546E0E0BF
:101960000398404506D04FF40001284613F036FC9A
:1019700000B1D9E08549284613F03BFC00287CD112
:101980000021284612F0D4FD02900298002875D05C
:101990002069401C2061A088484400B2A080207DBE
:1019A00000F0010000286AD0216901EB8101880064
:1019B0000FF026FC074600BF1FB900BF00BF00BFE5
:1019C000FEE700BF1FB903980BB0BDE8F08FE068D9
:1019D00058B12069401E00EB800082003846E16863
:1019E0000FF02BFDE0680FF087FC2069401E00EB34
:1019F000800047F82050F07800F0010058B14FF017
:101A0000000B41F202025946284613F063F9019097
:101A1000019800B20BE04FF0000B41F2050259466D
:101A2000284613F057F90190019800B200BF2169D0
:101A3000491E01EB810107EB81018880F07800F0FD
:101A4000010058B14FF0000B41F2030259462846FD
:101A500013F040F90190019800B20BE04FF0000B39
:101A600041F206025946284613F034F901900198D4
:101A700000B200BF2169491E02E03EE017E02CE001
:101A800001EB810107EB8101C88002982169491EA1
:101A900001EB810107EB8101C86000212069401E34
:101AA00000EB800007EB80000161E76015E028464D
:101AB000049988470746F078C0F3400030B1B4F984
:101AC0000400C1190A98814200DD2DE0A08807EBCF
:101AD0000901084400B2A08000BF2846D047B4F9ED
:101AE0000010884202DD2846D04701E0B4F900002A
:101AF0002080A068401CA06000BFF078C0F3800088
:101B000010B14FF0FF3000E001200399084403902A
:101B10000398002800DA07E00399079811F051FCB8
:101B20000546002D7FF41CAF00BFB4F90400002867
:101B300004DDA088A0EB090000B2A080206908B1F4
:101B40000A9801E0B4F904006080CDB103984045E3
:101B500016D1079880680068039950F82150F078F2
:101B6000C0F3800103AA079801F08BF845B128461D
:101B7000D047208028460499884760800120A060D3
:101B8000039821E723510308ED35030801000600FF
:101B90002DE9F04F97B0044600BF00BF4FF0000B97
:101BA000DE4802885946204613F094F80A900A98B5
:101BB000C6B200BFF0439DF85B1060F300018DF8E2
:101BC0005B10B0089DF85B1060F341018DF85B106D
:101BD000F0089DF85B1060F382018DF85B1000BF88
:101BE000CF4802885946204613F074F80A900A98A4
:101BF000C0B28DF8580000BFCA4802885946204636
:101C000013F068F80A900A98C0B28DF8590000BF26
:101C1000C54802885946204613F05CF80A900A9895
:101C2000C0B28DF85A000021204612F0B0FB012806
:101C300000D100E0002015909DF85B0000F001004D
:101C400020B90021204612F0E2FD03E000212046E9
:101C500012F063FF14909DF85B0000F0010020B1CA
:101C60000021204612F0D3FD03E00021204612F0AF
:101C700054FF13909DF85B0000F0010018B120465E
:101C800011F03FFC02E0204611F01CFC12904FF0D6
:101C9000000B41F232025946204613F01BF80A901D
:101CA0000A9800B2119000BF41F610025946204632
:101CB00013F010F80A900A98E18A0144119801EB98
:101CC000000B204611F096FEABEB000000B2109026
:101CD0004FF0000B41F612025946204612F0FAFF6F
:101CE0000A900A98A18A0144119801EB000B204642
:101CF00011F076FEABEB000000B20F909DF85A7029
:101D00009DF85B0000F0010008B110A800E00FA8EA
:101D100005460021204613F0B6F90E90002120461A
:101D200012F023FC0D909DF85B0000F0010040B123
:101D300042F2D1710D98884203D1608CC0F34020EB
:101D400068B19DF85B0000F0010048B942F2D17122
:101D50000E98884204D1608CC0F3802000B900271F
:101D6000159850B19DF85B0000F0010028B90FB93B
:101D7000012702E0012F00D100274FF000080020CA
:101D80000C900B90002F49D09DF85B00C0F38000B1
:101D900018B1A0684068401E00E00020814617E0AE
:101DA00000200A9005A91398CDE900014A4616A91A
:101DB0002046129BFFF78AFD8246BDF81410149846
:101DC000084440440FFA80F80B98401C0B90D14611
:101DD000A0684068484502DDB9F1000FE0DA0B98D1
:101DE00020B11498A8EB00000FFA80F89DF85B0072
:101DF00000F0010018B1204611F064FB02E020461B
:101E000011F07FFB83460CA8CDE900500B9803B27C
:101E10004246594638461AF07DFE00BF9DF85B00E9
:101E2000C0F3800018B1A0684068401E00E00020A8
:101E30008146159840B19DF85B0000F0010018B98B
:101E40002888404400B228804DE001200A9005A96E
:101E50001398CDE900014A4616A92046129BFFF7C8
:101E600035FD8246159850B19DF85B0000F00100E9
:101E700028B92888BDF81410401A00B2288005AA95
:101E8000BDF94030DDE91210CDE90131CDE90302A1
:101E9000BDF93C0053464A4616A900902046F5F786
:101EA00049FDD14608980FF027FA002008901598B0
:101EB00068B19DF85B0000F0010040B92988BDF8C9
:101EC000302014981044081A00B228800AE02988AB
:101ED000BDF81400BDF830200244149810440844A2
:101EE00000B2288000BFA0684068484502DDB9F113
:101EF000000FAADA42F2D1710E98884202D00D98F2
:101F0000884202D1204614F0E0F800222B2120461E
:101F10000BF06AF917B0BDE8F08F00000C01002447
:101F20000E01002410010024120100242DE9FC5FA1
:101F3000044689469246207E00F0010008B1BDE8C3
:101F4000FC9FE56800264FF0010B0120019000BFC7
:101F500085B9207EC0F3C00000B956B9019800B918
:101F6000EDE72046C84705464FF0000B00200190E2
:101F700000E0E4E716B92E4606B9E0E7BBF1000F32
:101F800006D029462046D0470546B54200D1D6E7BF
:101F90004FF0010B05B9DBE7286812F08BF900F070
:101FA000800000B1D4E72F6809E00121384613F022
:101FB00015F900B105E0384611F068FB0746002F1F
:101FC000F3D100BF2FB10121384613F007F900B15A
:101FD000BEE700BF00BFE068A84200D1AFE7E068FD
:101FE00090B1204600F083FB0090E16808680F2163
:101FF000009A0BF0F9F80746012F00D09FE7E1683F
:10200000086813F088FC00BFE560204600F06FFB15
:102010000746E1683A4608680E210BF0E5F880466D
:10202000B8F1010F00D08AE7E168086813F073FC8B
:10203000206910B120462169884700BF7FE7000072
:102040002DE9F0410446204600F099F90546114873
:102050000068001B461B0F480068401B0D490860C4
:10206000B6B127466119324620460FF0E6F906E080
:10207000A068401BA060204600F081F90444054898
:1020800000688442F4D1B81929460FF064FB00BF00
:10209000BDE8F081F800002482B04FF0000CCDE9DB
:1020A0000001009BC2F800C0DFF864C021F00040CE
:1020B000604529DA034327D0B0F5801FA8BF136815
:1020C0000EDA9DED000B9FED141B6FF0350320EE33
:1020D000010B10EE901A8DED000B136021F0004003
:1020E000DFF83CC06FF31E510CEB20501844106019
:1020F00041F0FF5040F0005001909DED000B00BFFB
:1021000051EC100B02B070479DED000BF8E700009A
:102110000000F07F000000000000000000005043BD
:1021200002FCFFFF10B50246114691F83C3003F067
:10213000030323B1012B04D0022B0DD000BF888CE8
:1021400015E026235B5C4FF4B47413FB04F36424A2
:1021500093FBF4F398B20AE027235B5C4FF4B4746A
:1021600013FB04F3642493FBF4F398B200BF00BFA5
:1021700010BD2DE9F34F87B083465F4605A9584649
:1021800011F0DEF9584612F0CCFF0290584611F0DB
:102190002DFA01900021584612F0D5FB0090002145
:1021A000584612F079FC80460021584612F037FD5F
:1021B00081460021584612F0E9FA8246002158462D
:1021C00012F0C5FC05460021584612F047FB0646B2
:1021D000284605EBD0714910491C05F00102114455
:1021E0000DB2304606EBD0714910491C06F00102D1
:1021F00011440EB20D2D01DA284600E00D200546EF
:102200000D2E01DA304600E00D200646B8F10D0F24
:1022100001DA404600E00D208046B9F10D0F01DAE9
:10222000484600E00D208146BAF10D0F01DA504614
:1022300000E00D20824600248BE0B86A00EBC40168
:1022400003A804F017FABDF90C10009881420FDCC6
:10225000BDF9141000980D2801DA009800E00D2057
:10226000081ABDF80C10084400B2ADF80C0008E0E4
:10227000BDF80C00BDF81410891B084400B2ADF87D
:102280000C00BDF90E0048450FDCBDF91600B9F190
:102290000D0F01DA494600E00D21401ABDF80E107D
:1022A000084400B2ADF80E0008E0BDF80E00BDF81D
:1022B0001610491B084400B2ADF80E00BDF910100D
:1022C0000298A0EB0800801E81420FDBBDF91400CC
:1022D000B8F10D0F01DA414600E00D210844BDF8C8
:1022E0001010084400B2ADF8100008E0BDF810006E
:1022F000BDF814103144084400B2ADF81000BDF927
:1023000012100198A0EB0A00801E81420FDBBDF97C
:102310001600BAF10D0F01DA514600E00D21084414
:10232000BDF81210084400B2ADF8120008E0BDF884
:102330001200BDF816102944084400B2ADF812008E
:10234000002203A80899F1F786FB00B105E0601CA4
:1023500084B2388EA0423FF770AF00BF388EA042E3
:1023600001D14FF6FF74204609B0BDE8F08F014659
:1023700001F007020AB1104670470120FCE7014650
:10238000B1F90C20032303EB420222F0030202F115
:10239000100070472DE9FC5F05460E4617460021E8
:1023A000284612F0B6FA80460021284612F05AFB61
:1023B00082460021284612F018FC8146002128465A
:1023C00012F0CAF90190284612F0ABFEA0EB08000B
:1023D000A0EB0A0B284611F009F9A0EB09010198BE
:1023E000081A834507DA284612F09BFEA0EB080086
:1023F000A0EB0A0006E0284611F0F8F8A0EB09016E
:102400000198081A009000EBD070401004B2A88A1E
:102410002044404400B23080E88A2044484400B25E
:10242000708007B13C80BDE8FC9F000038B50446D1
:102430000025044802882946204612F04BFC0090F3
:10244000009838BD1C01002438B504460025054815
:1024500002882946204612F03DFC00900098C0B248
:1024600038BD00002401002438B504460025054885
:1024700002882946204612F02DFC00900098C0B238
:1024800038BD000026010024F0B504460B46032B9E
:1024900001D2012000E000200546611B981E0C2798
:1024A00007FB0500C0EB4010B0FBF7F010440844F8
:1024B00000EB91006427B1FBF7F7C01B4FF4C8771E
:1024C000B1FBF7F738440727B0FBF7FC07FB1C0606
:1024D000F0B2F0BD2DE9FC4781460E4616B900204A
:1024E000BDE8FC87D9F81040606930B160690068C8
:1024F000B04202D160694068F2E70025B1E005EB27
:102500008501A06850F82100371A05EB8501A06805
:1025100000EB81008088B84200D2A0E04FF00008B4
:1025200005EB8501A06800EB8100807C022808D1C2
:1025300005EB8501A06800EB8100C08800EB07086F
:1025400084E005EB8501A06800EB8100807C78B910
:1025500005EB8502A16801EB8201C86805EB8502E5
:10256000A16801EB8201C988C25D01EB02086DE040
:1025700005EB8501A06800EB8100807C03282AD14F
:10258000B8B201903E48009005EB8503A06800EBCF
:102590008300028A05EB8503A06800EB8300022319
:1025A000816801A8F3F7B0F98246BAF1000F11D0A3
:1025B00005EB8502A16801EB82018968AAEB0101A4
:1025C000481005EB8502A16801EB8201C98801EB87
:1025D000000800BF3AE005EB8501A06800EB810030
:1025E000807C012832D1B8B201902548009005EBDB
:1025F0008503A06800EB8300028A05EB8503A068D1
:1026000000EB83000223816801A8F3F77DF982467D
:10261000BAF1000F19D005EB8503A26802EB830223
:102620009268AAEB0202501005EB8503A26802EB48
:102630008302D16805EB8503A26802EB8302D2888E
:1026400031F8103002EB030800BF00BF606920B111
:10265000606906606069C0F80480404640E7681C15
:1026600085B2608AC0F30800A8423FF748AF6069AE
:1026700020B16069066000206169486000202FE792
:102680004D2404082DE9F84F80460D46C1464046CA
:1026900000F0FDF9064616B90020BDE8F88FF08A73
:1026A000281A05B20021304612F0E1FB0090009894
:1026B0000AF0F6FE82460021304612F048FC04463D
:1026C000204604EBD07105EB61010DB20AEB04006A
:1026D0000FFA80FB95FBFBF087B2B9F83400B842E3
:1026E00003DCB9F83400401E87B23846D5E72DE93F
:1026F000F04105460026002700200CF003FE0446AA
:1027000016E020460CF04DFE8046206DA8420AD10E
:10271000B8F1020F02D12046BDE8F081B8F1040FF4
:1027200000D12646274620460CF0ECFD044600BFAB
:10273000002CE6D10EB13046EEE70FB13846EBE79C
:1027400000200CF0DFFDE7E72DE9F04107460C46DD
:102750003D46384610F0D5FEB5F8841048430012C7
:1027600006B20021384612F0BAF88046A4EB080001
:1027700004B2002C02DA0020BDE8F081B44203DD8F
:10278000B5F88200401EF7E795F8880000F00700D2
:1027900001280BD1314606EBD1704210B5F882000A
:1027A000401E04FB002090FBF6F0E5E795F888005A
:1027B00000F00700022805D1B5F88200604390FBC5
:1027C000F6F0D9E70020D7E70246114600E0096895
:1027D00021B18869C0F30F100028F8D009B9002092
:1027E00070478869C0F30F10FAE700002DE9FC5F1D
:1027F00080460D461646D8F810704FF0000A788AC9
:10280000C0F34030002840D1FC68A068800FD8B9E0
:10281000D4F8009005EB062080B201902648009085
:10282000A06820F040420223494601A8F3F76CF863
:102830008346BBF1000F06D0ABEB0901481061687D
:1028400011F900A000BF1FE00121A068B1EB907F4B
:102850001AD1D4F8009005EB06400190174800907B
:10286000A06820F040420423494601A8F3F74CF841
:102870008346BBF1000F06D0ABEB090188106168FD
:1028800011F900A000BF00BF12E0F8684368595D6D
:1028900083689A5D00290ADD002A08DD531E4C1E5C
:1028A00090F80DC004FB0C33046814F903A000BFBA
:1028B0005046BDE8FC9F0000895202086952020898
:1028C0002DE9FE4F07460C462546002600212046EE
:1028D00011F029FD834600EBDB70C0F34F064FF487
:1028E0004031204612F008F880464FF4403120462F
:1028F00012F0ABF881464FF44031204612F068F9EF
:1029000082464FF44031204611F019FF0290A08A10
:10291000298D0844801BA0EB080000B2ADF8000030
:10292000E18A688D0844801BA0EB090000B2ADF875
:102930000200A08A298D08443044504400B2ADF80A
:102940000400E18A688D084481190298084400B2A5
:10295000ADF806000098386001987860BDE8FE8FF9
:102960002DE9F04F87B081460F469246984600BF4A
:1029700000BF4C464FF40031484611F0E1FC83465D
:1029800058460BEBD0714D10AAEB05000FFA80FAF8
:10299000A68C94F83400C0F3410018B9208D30445F
:1029A00086B223E094F83400C0F34100022803D13A
:1029B000E08C304486B219E094F83400C0F3410052
:1029C000012813D1B4F93020B4F93230D11801EB19
:1029D000D1725010B4F92E10814203DAE18C3144E7
:1029E0008EB202E0218D31448EB200BF06F15A0052
:1029F00000B218F0ABFD00FB0AF0C01300B2069065
:102A000030B218F0A3FD00FB0AF0C01300B205902D
:102A10004FF44031484611F07CFF04904FF44031B0
:102A2000484612F01FF803904FF44031484612F028
:102A3000DCF802904FF44031484611F08DFE0190D1
:102A40003988069801440498081A401B00B2A8F877
:102A5000000039880698014403980844284400B2CD
:102A6000A8F804007988059801440298081A401BC8
:102A700000B2A8F80200798805980144019808443A
:102A8000284400B2A8F8060007B0BDE8F08F70B582
:102A900004462546686A08B9002070BD0021686AAE
:102AA00010F08FFCF9E710B504460021204610F025
:102AB00088FC10BD70B504460E46002513E0E068A2
:102AC00000EBC5004068C0F3006058B1E06800EB5F
:102AD000C500406820F07F40B04203D1E06850F864
:102AE000350070BD6D1C608CC0F3C500A842E6D8EF
:102AF000608CC008401C618C60F3C8016184628CEA
:102B0000C2F3C502D100E0680EF062FCE06000BFD5
:102B1000E06818B900BF00BF00BFFEE700BF608CCF
:102B2000C0F3C500451E1AE0681EE16801EBC00055
:102B30004068C0F3006038B9681EE16801EBC0006E
:102B40004068C0F3406000B10BE0E06800EBC501F5
:102B50000246681E02EBC00205CA05C16D1E002DAB
:102B6000E2D100BFE16801EBC50008210EF0F3FDE2
:102B700008200EF00BFBE16841F83500E16851F8E0
:102B8000350016F09BFBE06800EBC500406820F0C4
:102B9000807000F18070E16801EBC5014860E06879
:102BA00000EBC500406866F31700E16801EBC50162
:102BB0004860E06850F8350093E700002DE9FC41DB
:102BC0000746884616463868C068C068B0FBF8F407
:102BD000B44200DD3446194800680068806958B383
:102BE0000020ADF80000ADF80400ADF8020025B2F9
:102BF00000BF681E00B2ADF80600104909680868F9
:102C00000E49096809688A6969469047684603F071
:102C100063FDA04200DC03E0681E05B2002DE8DC85
:102C200000BF002D04DC00BF00BF0020BDE8FC8118
:102C3000BDF90600441C00BF2046F7E7E800002469
:102C400070B505460C46641E002C01DA6D1E0C346E
:102C50000C2C01DB6D1C0C3C012C04D1284602F02D
:102C6000DEF81C300BE0072094FBF0F100FB11466E
:102C700006EBD6704010A6EB4000C0F11F00C0B2BA
:102C800070BD10B5034669B11068401E1060106831
:102C9000002805DB98680068146850F8240010BD0F
:102CA0000020FCE71068401C106010689C68646895
:102CB000A04205DA98680068146850F82400EEE72E
:102CC0000020ECE730B50446481CE56835F81000F4
:102CD00035F81150401B00B21080A06830F8110088
:102CE00000B21880E06830F811006568284430BDF3
:102CF0002DE9F84F06460C461546B0460CF0FCFA96
:102D000081460CF04EFB8246BAF1010F0DD0BAF1AC
:102D1000030F0AD015B14FF6FF70288014B14FF69B
:102D2000FF7020800020BDE8F88F0CF0E5FA8146A6
:102D300069460CF0FBFA002D3ED0304610F050FEF4
:102D4000BDF8001008440FFA80F90021304611F058
:102D500052FB01280AD10021304611F0D1FE318BFF
:102D6000081AA0EB09000FFA80F90CE0B08AA9EB71
:102D700000000FFA80F90021304611F018FEA9EB8F
:102D800000000FFA80F900202880002728800CE03E
:102D90002988D8F8300030F81100384407B2B94516
:102DA00000DA07E02888401C28802888B8F824101A
:102DB0008842EDDB00BF00BF6CB3304610F01AFE56
:102DC000BDF8021008440FFA80F9F08AA9EB000060
:102DD0000FFA80F90021304611F062FFA9EB0000E4
:102DE0000FFA80F900202080002720800CE0218845
:102DF000D8F82C0030F81100384407B2B94500DA91
:102E000007E02088401C20802088B8F826108842DF
:102E1000EDDB00BF00BF012085E72DE9F04F87B053
:102E20000446884691461E464846F2F705FC0121B5
:102E30008140C8B206904FF0FF3A208C059005986B
:102E4000C04380B2049094F82200C0F38000029046
:102E5000002530E0E06800EBC5077868C0F340600B
:102E600000B92DE0029800B124E0E16801EBC50152
:102E7000496821F07F4014F05EFA8346C34500D0D4
:102E800018E0386880790699084000B912E003AA72
:102E90004946386816F092F908B1012000E0002098
:102EA0000190019828B103983060012007B0BDE877
:102EB000F08F00BF6D1C608CC0F3C500A842C9D85C
:102EC00000BF41E0E06800EBC50BE16801EBC50124
:102ED000496821F07F4014F02EFA0090E16801EB80
:102EE000C501496821F07F4014F029FA074600988F
:102EF000404500D027E0DBF80000807906990840C3
:102F000000B920E00498384000B11CE0574500DCCF
:102F100019E003AA4946DBF8000016F04FF908B1A2
:102F2000012000E000200190019858B105988742E7
:102F300003D1039830600120B8E7BA4502DABA46F7
:102F40000398306000BF6D1C608CC0F3C500A842C0
:102F5000B8D8BAF1000F03DB039830600120A5E771
:102F60000020A3E72DE9FC5F83468A4690461D4674
:102F7000082001907F200090404608EBD0714C1053
:102F800008F0010080F00109CBF15A0108B218F0F5
:102F9000DDFAAAEB04014843C611584618F0D6FAE8
:102FA000AAEB04014843C711002E0ADDA6F17F00F9
:102FB0000612301B484400B22880301900B2A880A5
:102FC0000AE006F17F000612301B00B2288030199B
:102FD000A0EB090000B2A880002F0ADDA7F17F0056
:102FE0000712381B484400B26880381900B2E880E4
:102FF0000AE007F17F000712381B00B26880381919
:10300000A0EB090000B2E880BDE8FC9F38B504469B
:103010000025044802882946204611F05BFE0090F6
:10302000009838BD200100242DE9FF4F89B0834668
:103030009246DDE919785C46A08C0A99484380B233
:10304000069000BFBAF808003844404400B205902A
:10305000069D4FF0000986E0A06A50F82500002880
:103060007BD0206B30F919000790002600BF1EE0CE
:10307000A919A06A50F82100B0B10021AB19A26AC9
:1030800052F8230000B1017801F0010252B109EBBE
:103090000602521C236B33F81230079A1A4412B2FC
:1030A000079200E009E000E007E0701C86B206EB42
:1030B0000901A08C401E8142DADB00BF0020049091
:1030C000A06A50F8250020B1A06A50F825000078C9
:1030D0000490049800F0020090B100BFBAF9080013
:1030E000384400EB08010598814205DD00BFBAF9BC
:1030F00008003844404400E0059800B205902BE0F9
:10310000DDE9170101440798401A00B20790002238
:10311000079916988DE80700A06A50F82500411C11
:10312000524608A80C9B18F0FFFABDF9220038445B
:1031300000EB08010598814205DDBDF92200384405
:10314000404401E009E0059800B20590A81985B255
:1031500009EB06001FFA80F900BF681C85B209F16F
:1031600001001FFA80F9A18C06980844A8423FF795
:1031700073AF05980DB0BDE8F08F000038B5044678
:103180000025054802882946204611F0A3FD00903D
:103190000098C0B238BD00002A01002438B50446AA
:1031A0000025054802882946204611F093FD00902D
:1031B0000098C0B238BD00002C0100242DE9FF5F4B
:1031C00006460C460021304611F069FE03904FF48C
:1031D0008021304611F063FE029003980AF068F9EE
:1031E000074602980AF064F980460021304611F043
:1031F000C8FE814608EB070000EBD07109EB6101C6
:103200000DB2304610F0F2F9834600EBDB7041104E
:10321000F08A0844AA4605EBDA71A0EB610000B21F
:1032200060806088284400B2E0806946304610F033
:1032300087F9BDF800002080BDF80400A080BDE83B
:10324000FF9F2DE9FF4705462846FFF72CFC064661
:103250001EB9002004B0BDE8F0874FF48021284655
:1032600011F01DFE80464FF4802741F25A42394644
:10327000284611F02FFD0290029804B200BF30469C
:103280000CF070FF8146002041F6FF71CDE900018E
:10329000234642464946029003A818F045FABDF974
:1032A0000C00D7E702460B46114633B1012B0AD07A
:1032B000022B05D0042B0CD108E001F13C00704733
:1032C00001F14800FBE701F15400F8E701F160006B
:1032D000F5E70020F3E770B504460E46002510E040
:1032E000E06800EBC5004068C0F3406040B1E068B2
:1032F00000EBC500406820F07F40B04200D105E0FF
:103300006D1C608CC0F3C500A842E9D800BF608C7A
:10331000C0F3C500A84203D0E06800EBC50070BD53
:10332000608CC008401C618C60F3C8016184628CB1
:10333000C2F3C502D100E0680EF04AF8E060608C8C
:10334000C0F3C500451E09E0E06800EBC501024678
:10335000681E02EBC00205CA05C16D1E002DF3D127
:103360000821E0680EF0F7F908200DF00FFFE16882
:103370000860E168086815F0A1FFE068406820F087
:10338000007000F10070E1684860E068406866F332
:103390001700E1684860E068C1E7000037B584B015
:1033A00005461446114890F8200000F0010070B165
:1033B0000221122013F0EEFF22460390059905F03A
:1033C00083FB0290BDF80810084607B030BD02210B
:1033D000122014F009F822460190059905F074FBBB
:1033E0000090BDF800100846EFE70000A00D002493
:1033F0002DE9F04F064688461746DDE9095CDDE910
:103400000B490022B8F1000F03D09246A4F800A0A7
:1034100069E0052F03D0062F01D0042F03D100232C
:10342000012D00D10127002106E03CF811A09A44AB
:1034300092440FFA8AF2491CA942F6D3A2EB030A7E
:103440000FFA8AF2072F4DD2DFE807F00409144C77
:103450003E2C1B004FF0000AA4F800A042E0A6EBAF
:10346000020A0AEBDA7B4FEA6B0B0FFA8BFBA4F82C
:1034700000B037E0A6EB020A0FFA8AFAA4F800A01F
:1034800030E04FF0000AA4F800A0A6EB020A0FFA01
:103490008AFBA5F1010A0FFA8AFA9BFBFAFA0FFAE6
:1034A0008AF31FE0A6EB020A0FFA8AFA0FFA85FBED
:1034B0009AFBFBFA0FFA8AF39A4603EBDA7B4FEAA0
:1034C0006B0BA4F800B00DE0A6EB020A0FFA8AFB22
:1034D00005F1010A0FFA8AFA9BFBFAFA0FFA8AF34E
:1034E000238000BF00BF00210CE034F811A03CF89D
:1034F00011B0DA449A440FFA8AFA01F1010B24F868
:103500001BA0491CA5F1010A8A45EED834F81AB06F
:103510003CF81AA0DA44B4F800B0AAEB0B0A0FFA90
:103520008AF0B9F1000F10D000210CE034F811A09E
:10353000A6EB0A0A3CF811B0AAEB0B0A0FFA8AFABA
:1035400024F811A0491CA942F0D3BDE8F08F2DE961
:10355000F04F8DB0044600BF00BF2046FEF766FF67
:1035600081462046FFF752FD0746B9F1000F00D013
:1035700017B90DB0BDE8F08F06A92046F3F74AFC55
:103580000C2103A80EF0E7F84FF0000B41F23202D5
:103590005946204611F09EFB0090009805B200BFEE
:1035A00000BF41F612025946204611F093FB0090ED
:1035B000009828440FFA80FA00BF41F610025946DD
:1035C000204611F087FB00900098284400B202903A
:1035D000204610F005FAA18A5144081A00B2ADF84D
:1035E0001400204610F006FA0146E28A02981044C0
:1035F000401A01B2ADF81610002609E0A068006874
:1036000050F826B003AA06A9584601F01DFC761C06
:10361000A0684068B042F1D806A8F3F70BFF00217C
:10362000204611F03DFD01900021204610F0AAFF38
:10363000804642F2D1710198884202D00846804506
:1036400002D1204612F041FD00222B21204609F034
:10365000CBFD00BF8DE700002DE9F041064637465F
:10366000788E002802DC0020BDE8F0817D6A00240D
:1036700009E0F96A31F81400F3F7C0FB08B1012042
:10368000F2E7601C84B255F8240050B155F82400CC
:1036900005A1DDF719FA20B155F8240000780028BB
:1036A000E7D10020E0E700000A000000014600200A
:1036B000302905DB392903DCA1F13002D0B21CE04E
:1036C000612902DBA1F12002D1B2A1F14102062A57
:1036D00010D2DFE802F0030507090B0D0A200BE00A
:1036E0000B2009E00C2007E00D2005E00E2003E090
:1036F0000F2001E0002000BF00BF70472DE9F0411E
:1037000005462C464FF44041606A03F08FFB94F964
:103710002E10A08D0122FEF7B7FE0746206B18B3CE
:1037200000261EE0206B30F82600A18D884216D1BD
:10373000206B00EB860090F9021094F92E00814274
:103740000DD1226B02EB860292F90320521E3A44FD
:10375000D21D91B24FF40042606A03F061FF701C09
:1037600086B2A08EB042DDDCA08D218D884210D1C2
:1037700094F92E1094F92A0081420AD194F92B2051
:10378000521E3A44D21D91B24FF48042606A03F057
:1037900047FFBDE8F08100002DE9F04104460D46E9
:1037A000606D18B900BF00BFBDE8F081606DA96809
:1037B00030F92160606DA96800EB8100B0F90270FA
:1037C000A87B1A490978884206D0A87B012801D134
:1037D00000BF01E000BF00BFA87B01280AD1B4F9F7
:1037E0000C00B04203D1B4F90E00B84202D0201D43
:1037F00000F094FE201D00F00FFF00B1D4E72681F9
:103800006781A87B012803D1201D00F027FD02E07D
:10381000201D00F083FE201D00F0FEFE00B1C3E776
:103820002189A1816189E18100BFBDE7D000002429
:1038300070B5044604214048006811F0CFFC20B167
:103840003D49E06A0968884200D170BD3A48006885
:103850000FF0C2FE0546E06A18B1E06A0FF0BCFE48
:1038600000E000200646B54224D14DB13248006840
:103870000AF024FA204600F0CFFE002857D0E4E7F3
:10388000E06A50B12D49E06A0A680F2109F0ACFCEA
:10389000204600F0C1FE00B1D7E728480E2102689B
:1038A0002548006809F0A0FC204600F0B5FE00287D
:1038B0003DD0CAE766B9E06A50B12049E06A0A68BB
:1038C0000F2109F091FC204600F0A6FEC8B1BCE72C
:1038D000E06AB0B156B91949E06A0A680F2109F0E7
:1038E00083FC204600F098FE58B1AEE71349E06A29
:1038F0000A68102109F078FC204600F08DFE00B126
:10390000A3E745B10C4800680AF0D8F9204600F05A
:1039100083FE60B199E709480E21026806480068F5
:1039200009F062FC204600F077FE00B18DE7024806
:103930000168E16200BF88E7CC000024C8000024D1
:103940002DE9F04704460D46A87B012805D1607992
:10395000C0F3C00008B1BDE8F0876079C0F3C000D3
:1039600058B1607920F008016171002161646079CB
:1039700020F00101617100212172277AA97B217257
:103980006968E160D4F85080B8F1000F00D1E2E737
:1039900040460AF009FAED4908600846006800B997
:1039A000D9E7A87B08B10020A88140460AF0FCF9BD
:1039B000E64908600846006800B9CCE7A87B012802
:1039C00053D1002F51D100BF00BF17F0A3FA60649C
:1039D00068680A2820D1DD48006811F0EFFF28B997
:1039E0001021DA48006811F0F9FB08B1012000E06D
:1039F0000020064640460AF0CFF900B95EB9D44827
:103A000001210268D148006809F0EEFB201D00F09A
:103A100003FE00B19FE74AE16868142804D1A88931
:103A2000401E00B2A88142E16868132804D1A88929
:103A3000401C00B2A8813AE168681B2810D11B2104
:103A400040460AF03DFAC24820210268BF4800689B
:103A500009F0CAFB201D00F0DFFD0028DBD07AE76B
:103A6000404669680AF02CFA21E1A87B012870D150
:103A7000012FFCD1607900F00100B8BB606C17F039
:103A80003BFA2168898B884244D9607920F0010093
:103A9000401C607117F03EFAA06468680A2833D1B0
:103AA000AA48006811F08AFF28B91021A7480068C9
:103AB00011F094FB08B1012000E000200646B6B1E9
:103AC00040460AF07CF901281DD900BF00BF4046DE
:103AD0000AF062F980F00109494640460AF0FFF910
:103AE00020219A4800680EF07EFF0CE012E0984812
:103AF000052102689548006809F076FB201D00F05A
:103B00008BFD00B127E700BF607920F00100401C69
:103B10006071CCE0607900F0010000288BD0A06CCF
:103B200017F0EAF92168C98B884284D917F0F2F9B5
:103B3000A06468680A280DD1854806210268834878
:103B4000006809F051FB201D00F066FD00288BD0B5
:103B500001E719E06868142804D1A889401E00B262
:103B6000A881A4E06868132804D1A889401C00B289
:103B7000A8819CE0404669680AF0A2F9201D00F087
:103B80004BFD0028C5D0E6E6A87B002870D1012FA8
:103B90006ED100BF00BF68680A286BD16B4800680F
:103BA00011F00CFF28B910216848006811F016FBCD
:103BB00008B1012000E0002006463EBB6448082111
:103BC00002686248006809F00FFB201D00F024FD28
:103BD00000B1C0E6607900F0010030B95C48042112
:103BE00002685A48006809F0FFFA201D00F014FD31
:103BF00000B1B0E65648072102685448006809F051
:103C0000F3FA201D00F008FD88B3A4E640460AF050
:103C1000C3F870B3607900F0010020B140460AF0AB
:103C2000CEF801282CD84A48082102684748006885
:103C300009F0DAFA201D00F0EFFC00B18BE64448F1
:103C4000042102684148006809F0CEFA201D00F006
:103C5000E3FC00B17FE63E48072102683B4800686C
:103C600009F0C2FA201D00F0D7FC20B173E617E07E
:103C70001DE00BE015E00A2140460AF021F90FE0B3
:103C80002021324800680EF0AEFE09E0607900F0B5
:103C9000010028B900BF00BF012140460AF01FF90A
:103CA00000BF00216164607920F001016171002092
:103CB00026490860A88928B340460AF06DF810B379
:103CC00000BF00BFB5F90C0000280CDA002604E0A4
:103CD000142140460AF0F4F8761CB5F90C00404275
:103CE000B042F5DC0EE0B5F90C0000280ADD002634
:103CF00004E0132140460AF0E3F8761CB5F90C0005
:103D0000B042F6DC20E000BF00BFB5F90C0000288F
:103D10000BDA002603E040460AF02CF8761CB5F9D1
:103D20000C004042B042F6DC0DE0B5F90C00002872
:103D300009DD002603E0404609F0B4FF761CB5F922
:103D40000C00B042F7DC00BF00BF04E6CC0000244A
:103D5000C800002470B50446A06A00B170BD94F894
:103D60003D0000F0010000B1F8E7256A03E02846B5
:103D70000FF08CFC054635B14FF40041284611F098
:103D80002DFA0028F3D105B9E8E7B4F910000028AE
:103D900002DDB4F9100002E0B4F9100040424849D5
:103DA00009680968897E884212DAB4F9120000288D
:103DB00002DDB4F9120002E0B4F9120040424049B9
:103DC00009680968897E884202DA002121876187B3
:103DD000218F208A084401B22187618F608A0844BC
:103DE00001B26187B4F93800002802DDB4F9380067
:103DF00002E0B4F938004042314909680968C97ED7
:103E000088420FDCB4F93A00002802DDB4F93A0028
:103E100002E0B4F93A004042294909680968C97EBC
:103E200088424ADD012184F83D10B4F938000028A9
:103E300002DDB4F9380002E0B4F938004042B4F9C8
:103E40003A10002902DDB4F93A1002E0B4F93A1050
:103E50004942884213DDB4F93800002807DD94F8A0
:103E60003C0020F0F000203084F83C001AE094F888
:103E70003C0020F0F000103084F83C0012E0B4F96F
:103E80003A00002807DD94F83C0020F0F000803074
:103E900084F83C0006E094F83C0020F0F00040304C
:103EA00084F83C0006480C210268284609F09CF979
:103EB000204600F0B1FB00B150E700BF4EE7000024
:103EC000C80000242DE9F04104460D46A87B0128D6
:103ED00005D16079C0F3C00008B1BDE8F081607918
:103EE000C0F3C00058B1607920F008016171002171
:103EF0006164607920F00101617100212172276DF8
:103F000007B9EAE7384609F04FFF914908600846CB
:103F1000006800B9E1E7D4F80C806968E160267AAE
:103F2000A97B2172A87B012853D1002E51D100BF5B
:103F300000BF16F0EFFF606468680A2810D10A21FC
:103F4000384609F0BDFF83480121026880480068B7
:103F500009F04AF9201D00F05FFB002838D0BCE7CB
:103F600068681B2810D11B21384609F0A9FF794841
:103F7000202102687648006809F036F9201D00F01B
:103F80004BFB0028EAD0A8E7686809280CD100217B
:103F9000384609F0A4FF384609F084FE201D00F0E1
:103FA0003BFB0028DAD098E768680B280CD1002189
:103FB000384609F094FF384609F0DCFE201D00F079
:103FC0002BFB0028CAD088E73846696809F078FFDB
:103FD000B8E0A87B01287BD1012E79D168680A2836
:103FE0000BD15C48022102685948006809F0FCF8CE
:103FF000201D00F011FB00B16FE7607900F00100B7
:10400000F0B9606C16F078FF2168898B884217D967
:10401000607920F00100401C607168680A28D7D1DF
:1040200016F078FFA0644B480521026848480068F4
:1040300009F0DAF8201D00F0EFFA0028C8D04CE7AC
:10404000607900F0010000287CD0A06C16F054FFCD
:104050002168C98B884275D916F05CFFA064686836
:104060000A280CD13B48062102683948006809F04B
:10407000BBF8201D00F0D0FA002863D02DE7686857
:1040800009280CD10021384609F029FF384609F0EB
:1040900009FE201D00F0C0FA002853D01DE7686813
:1040A0000B280CD10021384609F019FF384609F0D9
:1040B00061FE201D00F0B0FA88B30EE708E0384634
:1040C000696809F0FDFE201D00F0A6FA38B304E788
:1040D000A87B20BB012E35D100BF00BFC5F80480EE
:1040E00068680A2828D11B48082102681848006817
:1040F00009F07AF8201D00F08FFA00B1EDE6607942
:1041000000F0010060B913480421026810480068FB
:1041100009F06AF8201D00F07FFA08B1DDE611E031
:104120000C48072102680A48006809F05DF8201D64
:1041300000F072FA00B1D0E600216164607920F0ED
:104140000101617100200249086000BFC5E600005E
:10415000CC000024C800002470B505460C46286831
:10416000066921882982618869823068007CC0F3F1
:104170000110022805D03068007CC0F3011003282C
:104180000DD1306800882188401A401E00B220807E
:10419000306840886188401A401E00B260803068F4
:1041A000007CC0F30110012805D03068007CC0F30A
:1041B000011003280AD1B4F9020021886180316816
:1041C0004988091A491E09B2218000BFB4F90000CC
:1041D000002801DA00BF00BF2968086905F0DCF992
:1041E000B4F90010884201DC00BF00BFB4F902003E
:1041F000002801DA00BF00BF2968086905F032FA1B
:10420000B4F90210884201DC00BF00BFE86C90B135
:10421000B5F90C00B4F90010884205D1B5F90E00CB
:10422000B4F90210884206D0B4F90220B4F90010A3
:10423000E86C12F086FD21882981618869812879DE
:10424000012803D1281D00F009F802E0281D00F024
:1042500065F92989A9816989E98170BD2DE9F04154
:10426000044600BF00BFAB49206A08606078C0F315
:10427000C00008B1BDE8F081A74800680068056982
:104280000026A448006810BB284605F0A0F90746A0
:10429000211D0BF0BAF99F4908600846006840B933
:1042A000284605F0A1F90746211D0BF0AEF9994902
:1042B00008609848006840B9284605F0B1F90746FB
:1042C000211D0BF0A2F99349086001262AE0A06A9B
:1042D00040BB4FF400518F48006810F07FFF08BBCF
:1042E000284605F074F90746211D0BF08EF989491F
:1042F00008600846006840B9284605F075F9074689
:10430000211D0BF082F9834908608248006840B99A
:10431000284605F085F90746211D0BF076F97D4901
:104320000860012666B1606A50B100212183618373
:104330002046F0F780FC204600F06EF900B199E7C6
:104340007449206A0968884254D0A1882181E18893
:104350006181206A60B1276A6F480321026838468C
:1043600008F042FF204600F057F900B182E700BF95
:10437000684801682162016861620068002839D0DC
:1043800016F0C8FD2064607820F001006070002104
:10439000A182E18294F83C0020F00F0184F83C10E7
:1043A00094F83C0020F0F00184F83C10002184F8DF
:1043B0003D1021876187218261825748012102686F
:1043C0005448006808F010FF204600F025F900B1BD
:1043D00050E7514800684079C0F3C00000B149E798
:1043E0004D480068001DFFF723FA204600F014F93D
:1043F00000B13FE7A1882089081A01B22182E18833
:104400006089081A01B26182B4F9180040F35C00B7
:104410002083B4F91A0040F35C016183218BB4F965
:104420001000800001EBE00001B22183618BB4F940
:104430001200800001EBE00001B26183A169E1613B
:1044400034480068002863D03348022102683148AC
:10445000006808F0C9FE204600F0DEF800B109E768
:104460002D4800684079C0F3C00000B102E7204643
:10447000F0F746FB204600F0CFF800B1FAE6204600
:10448000FFF768FC204600F0C7F800B1F2E6A06A2A
:1044900000BB607800F00100E0B9206C16F02CFD44
:1044A0001D4909680968898B884213D91A48052172
:1044B00002681848006808F097FE204600F0ACF843
:1044C00000B1D7E6607820F00100401C607016F063
:1044D00021FD6064A06AD8B9607800F00100B8B12D
:1044E000606C16F009FD0C4909680968C98B88429F
:1044F0000ED90948062102680648006808F074FED3
:10450000204600F089F800B1B4E616F003FD6064BF
:1045100000BFAFE6CC000024C800002470B50446FC
:104520006078C0F3C00048B10021216261620020C0
:1045300020646064607820F0080060702049206A80
:104540000860A56A0846006878B300BF00BF1D4830
:10455000082102681A48006808F046FE204600F06C
:104560005BF800B170BDDDB9607800F0010058B9AA
:104570001448042102681248006808F035FE2046FD
:1045800000F04AF800B1EDE70E48072102680C4838
:10459000006808F029FE204600F03EF800B1E1E78F
:1045A000002121620020206460643DB12046F0F7C4
:1045B00042FB204600F030F800B1D3E700BFD1E75E
:1045C000CC000024C80000244179C1F34001002937
:1045D0001ED0002242628262C262417921F0010251
:1045E00042710022426482640283428390F8401048
:1045F00021F00F0280F8402000228283C28382874C
:10460000C287417921F0020242710021014A116002
:1046100070470000CC00002401464878C0F34000F9
:1046200010B10020024A10604878C0F34000704783
:10463000CC0000242DE9FE4F0646344694F82A00AB
:1046400000F0010000284AD0A08C072190FBF1F077
:1046500085B2E08C90FBF5F105FB1100E084E08C65
:10466000032101FB0500E084E08C90FBF5F105FBE4
:1046700011002085208D032101FB050020850021EC
:10468000304610F00CFC02900021304610F079FC0E
:104690008146029808F00CFF074630460EF012FFE4
:1046A00080463046FEF7FFF90190E08C07EB0901E8
:1046B00048430FFA80FA414608EBD172521038464F
:1046C00007EBD073A2EB63020FFA82FBABEB0A009D
:1046D00000B20090DDE9001012F014FE00BFBDE84A
:1046E000FE8F0000F8B50446A56A8021284610F028
:1046F00075FD50B941F6FF700346424211460090E5
:1047000004F1300002F0F4F8A7E028460FF054F965
:10471000012804D0022816D0032843D125E0E88AD6
:10472000401C01B2002341F6FF722846FDF734F821
:104730006086E88A401E02B2002352492846FDF7EF
:104740002BF8E08635E0B5F91A10002341F6FF7228
:104750002846FDF721F86086B5F91A20002349495B
:104760002846FDF719F8E08623E005F1140001F072
:10477000A5FF074600EBD7704110E88A084406B24F
:10478000002341F6FF72701C01B22846FDF704F8C1
:104790006086701E02B200233A492846FCF7FCFFEF
:1047A000E08606E04EF20101618641F6FF71E18686
:1047B00000BF00BF28460FF0F5F8012804D00228FA
:1047C00014D0032841D123E0B5F91410002341F699
:1047D000FF722846FCF746FF2086B5F91420002317
:1047E00028492846FCF73EFFA08635E0B5F91810A9
:1047F000002341F6FF722846FCF734FF2086B5F906
:10480000182000231F492846FCF72CFFA08623E030
:1048100005F1140001F0CCFF074600EBD770A98A20
:1048200001EB600006B2002341F6FF72701C01B27A
:104830002846FCF717FF2086701E02B2002311499C
:104840002846FCF70FFFA08606E04EF20101218604
:1048500041F6FF71A18600BF00BF208E10B94EF255
:1048600001012186A08E10B941F6FF71A186608EEC
:1048700010B94EF201016186E08E10B941F6FF7168
:10488000E186F8BD01E0FFFF2DE9F04704460D4643
:1048900016461F4604F14C0000EBC61050F8278066
:1048A00000BFB8F1000F03D100BF00BF00BFFEE79B
:1048B00000BF00BF1DB900BF00BF00BFFEE700BFC3
:1048C000C5F80880EC60C8F80C5000BF2846F2F725
:1048D000D2F982462846F2F7CEF981460421F1F753
:1048E000E8FC824503D000BF00BF00BFFEE700BF69
:1048F00004F14C0000EBC61040F827500121B140F4
:1049000020690843206104F1140050F826000121B9
:10491000B940084304F1140141F82600BDE8F087CE
:1049200070B505460C4600200F49086022461D213F
:10493000284608F059FC0C48006890B10A48006805
:10494000007808B9002070BD214607480068DCF7F0
:10495000BBF830B104480168284615F085FD0020F9
:10496000F1E70120EFE70000AC0200242DE9F04F51
:1049700089B006460C4615461F4600BF00BF3046AC
:1049800011F062F810B909B0BDE8F08FB046AC4242
:1049900000D1F8E7B4F5B47F02DDA4F5B47084B2B9
:1049A000B5F5B47F02DDA5F5B47085B2B8F8240082
:1049B000204484B2B8F82400284485B2B4F5B47F0A
:1049C00002DDA4F5B47084B2B5F5B47F02DDA5F5BF
:1049D000B47085B208AA07A93046FDF7DBFC39465A
:1049E00030460FF0ADFC8146B246BB4651225946D7
:1049F000504610F06FF90390039808B1012000E0D1
:104A00000020069004A9069808B1012000E00020CB
:104A1000CDE90059CDE90201BDF820309AB2BDF9C7
:104A20001E10BDF91C00234604F0CBFE04A930463D
:104A300010F0ABFF00BFA6E71FB5044602AA03A90A
:104A40002046FDF7A7FC6B46BDF9082003A92046C8
:104A5000FDF786FF6946204610F097FF1FBD2DE940
:104A6000FF4781460C464FF6FF70844201D1BDE8F6
:104A7000FF874E46308EA04200DCF8E7B06A00EBBC
:104A8000C40102A801F0F6FD694648460EF058FD43
:104A90000021484610F05BF80746002148460FF019
:104AA000DDFE804648460EF057FD824604F062FD6A
:104AB00005460A2195FBF1F0B84201DA384602E0DA
:104AC0000A2095FBF0F007B20A2095FBF0F0404574
:104AD00001DA404602E00A2095FBF0F00FFA80F878
:104AE000BDF80800BDF80010C91B084400B2ADF8BD
:104AF0000800BDF80A00BDF80210A1EB0801084447
:104B000000B2ADF80A00BDF80C00BDF80010394441
:104B1000084400B2ADF80C00BDF80E00BDF802105C
:104B20004144084400B2ADF80E00B08EA0420ED150
:104B3000F06A30F8140000F4007040B102A801F0EF
:104B400011FEBDF80A10081A00B2ADF80A0002A959
:104B5000484610F01AFF00BF89E7000070B5F0F773
:104B600059FD04462068C06A18B12068C16A8847A8
:104B700040E02148006800F48030D8B300BF002333
:104B80001D4D70352B6000BF00BF00BF00BFBFF3DD
:104B90004F8F00BF00BF00BF2B1F1868C0F34E31FE
:104BA00000BFC0F3C90200BF43F6E07303EA41133C
:104BB0004FF0404505EA82752B43104D2B6000BF36
:104BC00000BF131EA2F10102EED10B1EA1F10101E3
:104BD000E7D100BF00BF00BFBFF34F8F00BF00BFD2
:104BE00000BF00BF00BF00BFBFF36F8F00BF00BF9B
:104BF00000BF00BF70BD000014ED00E074EF00E0E6
:104C00001CB5044621466846FDF75AFE6946204613
:104C100010F0BBFE1CBD2DE9F04F87B005460E46D7
:104C20002C46B4F88200B04202DC07B0BDE8F08F39
:104C300028460EF066FCB4F884104843001207B210
:104C400028460EF0C9FD824694F88800C0F3C000E3
:104C500018B9284610F05FFEE7E794F8880000F0E6
:104C6000070001287CD1002128460FF01EFC069089
:104C7000002128460FF033FE0590A98A05980144CB
:104C800006980844A0EB0A000FFA80FB4FF4A0201E
:104C9000029040F649022846029910F01BF8019054
:104CA000019800B280464FF40031284610F005FA12
:104CB000814600BFA88AADF80C00E88AADF80E0066
:104CC000288BADF81000688BADF8120000BFBDF85E
:104CD0000E0008EB0901401A00B2ADF80E00BDF855
:104CE000120008EB0901084400B2ADF81200B4F854
:104CF0008200401EB0421FDD07FB06F0B4F88210B0
:104D0000491E90FBF1F05844A0EB0800A0EB09000D
:104D100000B2ADF80C00701C7843B4F88210491E44
:104D200090FBF1F058444044484400B2ADF8100004
:104D300003A9284610F029FE002E21DD701E7843BD
:104D4000B4F88210491E90FBF1F05844A0EB080023
:104D5000A0EB090000B2ADF80C0007FB06F000E084
:104D60000FE0B4F88210491E90FBF1F05844404423
:104D7000484400B2ADF8100003A9284610F005FE23
:104D80004BE094F8880000F00700022838D1002199
:104D900028460FF056FDB4F8841048434FEA202807
:104DA00007EB0800B4F8821090FBF1F00FFA80F9DD
:104DB00009FB06F00FFA80FB002128460FF08FFD5B
:104DC000A98A084458440FFA80FB05A928460EF02A
:104DD000B7FBABEB0A0000B2ADF81400BDF814004D
:104DE000484400B2ADF81800BDF81400A0EB08006C
:104DF00000B2ADF8140005A9284610F0C6FD0CE07D
:104E000094F8880000F00700032803D1284610F02A
:104E100082FD02E0284610F07EFD00BF05E7014656
:104E200001F0030070B96420B1FBF0F200FB121036
:104E300030B94FF4C870B1FBF0F200FB121008B9A2
:104E4000012070470020FCE72DE9F74F94B004469D
:104E50000D46F249204610F0CCF910B117B0BDE86C
:104E6000F08F2046FDF700FB13902046FEF796F9E1
:104E70001290129808B1139800B9EFE72046FDF799
:104E8000E3FA06462046FEF779F9074600BF002000
:104E90000390E3480288204603990FF01BFF02901D
:104EA0000298C0B2119000BF00200390DD48028834
:104EB000204603990FF00EFF02900298C0B21090A6
:104EC000286830F916100F91296813983044401E55
:104ED00031F81010AA6813983044401E32F81000C0
:104EE000084400B20E90DDE90E01401A00B20D90A8
:104EF000686830F917100C91696812983844401EA0
:104F000031F81010EA6812983844401E32F8100048
:104F1000084400B20B90DDE90B01401A00B20A9080
:104F2000002120460FF040FA012809D1119810B94C
:104F30000220119004E01198022801D10020119064
:104F400000BF208BA18A401A401C00B2099000BF0C
:104F5000608BE18A401A401C00B20890119830B171
:104F6000012818D0022827D0032808D000BF2868BD
:104F700030F916A0608C20F4806060842CE02868F2
:104F800030F916A00D980990608C20F4806000F52F
:104F90008060608420E0296831F81630099A0D9904
:104FA000881A00EBD07103EB61010FFA81FA608C73
:104FB00020F4806060840FE0204610F0B2F8296889
:104FC00031F816200D991144081A0FFA80FA608CF6
:104FD00020F48060608400BF00BF109830B10128C9
:104FE00018D0022827D0032808D000BF686830F9FD
:104FF00017B0608C20F4007060842CE0686830F991
:1050000017B00A980890608C20F4007000F50070CA
:10501000608420E0696831F81730089A0A99881A84
:1050200000EBD07103EB61010FFA81FB608C20F47F
:10503000007060840FE020460EF0D8FA696831F8FD
:1050400017200A991144081A0FFA80FB608C20F48B
:105050000070608400BF00BF204610F062F809991C
:10506000884205D120460EF0C1FA089988422BD01B
:1050700000BFA08AADF80800E08AADF80A00208BD6
:10508000ADF80C00608BADF80E0000BF204610F0AC
:1050900042FC04F11400099901F037FC04F11400FA
:1050A000089901F02CFC204610F035FC02AA2921B9
:1050B000204608F099F820460EF0E8FA2246222110
:1050C000019008F091F800BF0020039043F20C0219
:1050D000204603990FF0FEFD029002980FFA80F827
:1050E00000BF0020039043F20D02204603990FF009
:1050F000F1FD029002980FFA80F900BF204610F0EF
:1051000010F8079020460EF071FA069008F4C0409F
:10511000B0F5005F01D1012000E0002030B128F49B
:10512000C040B0F5FA6F01DC012000E0002090B132
:1051300028F4C040B0F57A7F04DD28F4C040C0F503
:105140007A7001E028F4C04007994843642190FB3D
:10515000F1F00FFA80F809F4C040B0F5005F01D11A
:10516000012000E0002030B129F4C040B0F5FA6F12
:1051700001DC012000E0002090B129F4C040B0F52E
:105180007A7F04DD29F4C040C0F57A7001E029F48B
:10519000C04006994843642190FBF1F00FFA80F972
:1051A0000AEB08000FFA80FA0BEB09000FFA80FBFC
:1051B000169800895044A18A401A00B205901698AA
:1051C000408900EB0B01E08A081A00B204900598B0
:1051D00008B90498F8B1204610F09DFBA18A059803
:1051E000084400B2A082218B0598084401B22183B3
:1051F000E18A0498084401B2E182618B0498084472
:1052000001B26183204610F086FB01232046DDE9D0
:10521000042110F05DFC00BF20E600000100060044
:10522000280100242E0100242DE9F04106460F46F6
:105230001546002017F0BCFA04460DE0394620461A
:10524000B047012804D105B12C600120BDE8F081F0
:10525000204617F0ADFA044624B1606820F04040C3
:105260000028EBD10020F1E730B5024614460B468A
:1052700020881D88A84203D020881D88401B30BD8F
:1052800060885D88401BFAE730B5024614460B463D
:1052900020781D78A84203D020781D78401B30BDAF
:1052A00060785D78401BFAE770B505460C462646E7
:1052B000686820F040403168884204D12846FCF7F5
:1052C000BFFE012070BD0020FCE72DE9F04105463E
:1052D000284607F022FF0446284607F07FFF0746CE
:1052E00038460EF0D3F906462A2C01D0292C09D1D4
:1052F000002138460BF01CFC304618F033FB3046DA
:1053000019F0CEFCBDE8F0812DE9F04104462046BD
:105310000EF075F80746002607E0A068006850F810
:1053200026502846FFF7F0FF761CBE42F5D394F8CE
:10533000220000F0010008B9BDE8F081608C20F087
:1053400001006084204610F0C0FE204610F04CFDA5
:10535000D7B1002120460FF03CF905469DB10B481E
:10536000006885420FD8681E0949096801EBC00032
:10537000D0F80480681E0649096851F8302041467B
:105380002046904700BF00BF00BFD5E7DC000024E7
:105390003C0200242DE9F04F85B007468B4691462C
:1053A0001E460E9DE86900FB0BF080120490E86930
:1053B00000280DDD0498484516DD95F82800C0F357
:1053C000400018B1012005B0BDE8F08F0020FAE7D9
:1053D0000498484508DA95F82800C0F3400008B161
:1053E0000120F0E70020EEE70BEB0601E8694843F7
:1053F00080120490E86900280BDD0498484514DA0F
:1054000095F82800C0F3400008B10020DBE7012038
:10541000D9E70498484508DD95F82800C0F3400016
:1054200008B10020CFE70120CDE7E869002806DDBC
:105430004FEA0920A96948438012039006E009F168
:1054400001000002A96948438012039003980012EA
:1054500002900398C0B20190019810B94FF0FF0874
:1054600007E00198C0F1FF00696A4843FF21A1EB02
:1054700020280298A0EB0B040198D8B1002C18DB6F
:10548000B44216DA0198C0F1FF00C8F1FF014843A9
:10549000FF21A1EB602000F0FF0A95F82800C0F37F
:1054A000400008B1CAF1FF0A385D514616F099FF75
:1054B0003855641C1BE0002C12DBB44210DAA88CB7
:1054C000A8EB600000F0FF0A95F82800C0F3400048
:1054D00008B1CAF1FF0A385D514616F082FF38550F
:1054E000686AA8EB0008641CB44200DB02E0686A4A
:1054F0004045E0DB00BFB4421DDA002C1BDBA8698D
:1055000000FB08F080120090009800FB08F0C0F348
:10551000472AE869002801DACAF1FF0A95F828004D
:10552000C0F3400008B1CAF1FF0A385D514616F0D9
:1055300058FF385500BF95F82800C0F3400068B107
:105540000298A0EB0B04B44201DD00203BE7002CE5
:105550000FDB214638460CF0FEF80AE0641C002CF4
:1055600001DA00202FE7B44203DC311B38190CF0BC
:10557000F2F8022027E72DE9FF4F87B007468A4659
:105580001E46149DA8690999484380120690A8698F
:10559000002802DD0698401C0690069850450ADA5D
:1055A00095F82800C0F3400018B101200BB0BDE809
:1055B000F08F0020FAE7A869099948438012069005
:1055C0000AEB06010698814208DA95F82800C0F334
:1055D000400008B10020E9E70120E7E70998000250
:1055E000A96948438012059005984FEA202B059839
:1055F000C0B204900998401C0002A9694843801277
:1056000003900398001202900398C0B20190ABEB94
:105610000A040298834509D0A869002806DA04988C
:1056200020B9FF200490DDF808B0641E029883457D
:1056300034D1002C12DBB44210DA019904980844EA
:10564000C0F3470895F82800C0F3400008B1C8F13E
:10565000FF08385D414616F0C4FE3855641C95F8C5
:105660002800C0F3400060B1ABEB0A04B44201DB98
:1056700000209BE7002C03DB214638460CF06BF83A
:10568000C9E0B44200DD34460CB900208EE7002C9E
:10569000F6DD311B38190CF05EF8BCE0A869002873
:1056A0005ADAE8694042049948434FEAA029002C9D
:1056B00012DBB44210DA049809FB00F0C0F347286B
:1056C00095F82800C0F3400008B1C8F1FF08385D24
:1056D000414616F086FE3855641EC9F1FF00A969DF
:1056E0004942484380120090002C16DBB44214DA81
:1056F000C9F1FF0000994843FF21A1EB602000F0B1
:10570000FF0895F82800C0F3400008B1C8F1FF0871
:10571000385D414616F065FE3855A41C95F8280002
:10572000C0F3400068B1ABEB0A00441EB44201DD97
:10573000344610E0002C0EDD214638460CF00BF804
:1057400009E0B44201DD012030E7002C03DB311B0E
:1057500038190CF000F85DE00498C0F1FF00E96929
:1057600048434FEAA029002C17DBB44215DA04980D
:10577000C0F1FF0000FB09F0FF21A1EB602000F069
:10578000FF0895F82800C0F3400008B1C8F1FF08F1
:10579000385D414616F025FE3855641CC9F1FF00FE
:1057A000A969484380120090002C13DBB44211DA3F
:1057B000C9F1FF0000994843C0F3472895F8280035
:1057C000C0F3400008B1C8F1FF08385D414616F04B
:1057D00008FE3855641C95F82800C0F3400060B1FD
:1057E000ABEB0A04B44201DD0020DFE6002C10DB45
:1057F000214638460BF0AFFF0BE0B44200DD3446E3
:105800000CB90020D2E6002C03DD311B38190BF057
:10581000A2FF00BF00BF0220C8E62DE9F8430446FE
:1058200027467D6AA84609F067FD0646C6B13046A0
:1058300009F0B7FD012804D0304609F0B2FD032875
:105840000ED16946304609F071FDBDF902102846B7
:10585000FCF718FFA8F83A00204610F05CF800BFEB
:10586000BDE8F8832DE9FC470546A846D8F8247022
:105870003C4609F041FD8146484609F092FD042866
:105880000ED1E08E208738460DF0A6FE82465046A7
:1058900008F082FA18B10021504608F020FB00BF42
:1058A000484609F07EFD012804D0484609F079FDFC
:1058B00003280CD16946484609F038FDBDF90210AD
:1058C0003846FCF7DFFEE086E08E208700BF3846D2
:1058D00007F019F8A06A10B9384610F01CF8E08EED
:1058E000019001AA1C21384607F07EFC0646012ED5
:1058F00002D03046BDE8FC870120FBE72DE9F041EE
:1059000005460E464FF000081148EFF74AFB0446E3
:1059100018E021460E48EFF75CFB07462068A842D6
:1059200000D075B96068B04200D056B92146084829
:10593000EFF7B6FB20460BF0F7FCF0F7A3FE4FF0B5
:1059400001083C46002CE4D14046BDE8F08100004F
:105950001C0E002470B506460D460B48EFF721FBE0
:1059600004460DE02068B04205D16068A84200D02E
:105970000DB9204670BD21460348EFF72AFB0446C7
:10598000002CEFD10020F5E71C0E002410B50446D2
:10599000402120460BF0DFFE4FF4FA70A062002099
:1059A000E061642060620120A0870548A06194F84E
:1059B0003E0020F00100401C84F83E0010BD0000B5
:1059C0004B5A0208F8B504464FF48060009000235B
:1059D0001946D4E90A200BF0C5FB06464FF4806057
:1059E0004FF46E73322200210090304601F0B2F97C
:1059F0000746E169606A401A00FB07F5AD12E069ED
:105A000005442846F8BDF8B504464FF48060009080
:105A100000231946D4E90A200BF0A4FB06464FF4F4
:105A2000806040F2B6334FF461720021009030463E
:105A300001F090F90746E169606A401A00FB07F53A
:105A4000AD12E06905442846F8BDF8B504464FF4A8
:105A50008060009000231946D4E90A200BF082FBF5
:105A60000646E169606A401A00FB06F5AD12E0697E
:105A700005442846F8BD0146D1E90A20904201DBE1
:105A8000486A7047C869FCE74A42C26270474A42A6
:105A9000C262704741607047416070474160704723
:105AA0004160704741607047416070478161704755
:105AB0008161704741637047C1607047C160704742
:105AC0008187704781627047816270478162704749
:105AD0008162704781627047C161016242627047B2
:105AE000C161016242627047C161016242627047F6
:105AF000C161016242627047C161016242627047E6
:105B0000C161016242627047016070470160704785
:105B1000016070470160704730B503468D1A002D53
:105B200001DD8D1A00E0551A2C464FF47A75654355
:105B3000B5FBF3F000B9401C30BD000070B5054660
:105B4000686818B1D5E90001FFF7D8FE2148EFF7E2
:105B50009BFA18B115F0DEF91F4908601D48EFF7F0
:105B600053FA044600BF1CB900BF00BF00BFFEE7E8
:105B700000BF0CB9002070BD4022294620460BF022
:105B80005CFC2868A84200D124601448017814F80D
:105B90003E0F61F38200207014F83E0900F001000E
:105BA000A0B1206950B12046216988470646E069C6
:105BB0003044E061606A3044606200BF606828B1D0
:105BC000206818B1D4E90002E1699047F0F75AFD66
:105BD0002046D0E71C0E00243002002435020024A9
:105BE00070B506460C4625460020A88487206885A7
:105BF0002D20A8858720E88440002885A88E20F0E5
:105C00000600A8864FF40040E885A88E20F0080022
:105C10000830A8860020288664206886A88E20F098
:105C20000100A8864FF43470E88615F073F9A86374
:105C3000288D00B2A887022120460CF077F94FF496
:105C4000407120460CF08EFE0D21204610F06FFFB3
:105C500070BD00002DE9F04FABB08346584607F009
:105C6000BDFA82465446584607F05FFA2A9028AAA1
:105C700029A95046FCF78EFB16A82A990DF056F973
:105C8000BDF9A000002831DD12A803F06EFD12AAB4
:105C9000002150460FF0F4FA00202390634817903B
:105CA0000020189029A81F90BDF9A000ADF894001D
:105CB00012A81E9016AA1A21504607F095FAA08D38
:105CC000A18C084480B2618DA28C114489B2CDE9C7
:105CD0000010BDF8940083B229AA12A92A9803F0F3
:105CE00026FD16AA1B21504607F07EFA4FF400311C
:105CF00050460EF00EFE06464FF4003150460EF0B0
:105D0000B1FE07464FF4003150460EF06EFF80465C
:105D10004FF4003150460EF01FFD0546BE4201DD36
:105D2000304600E03846A84501DD414600E02946FE
:105D3000884205DDBE4201DD304606E0384604E01B
:105D4000A84501DD404600E02846BDF8A010081A2D
:105D50000FFA80F9B9F1000F3BDD12A803F005FD41
:105D600012AA4FF4003150460FF08AFA4FF4003077
:105D700023902E4817900120189029A81F90ADF865
:105D8000949012A81E9016AA1A21504607F02CFAD9
:105D9000BDF94A00BDF99410884203DDBDF89400B6
:105DA000ADF84A00208DA18C084480B2E18CA28C11
:105DB000114489B2CDE90010BDF8940083B229AA3C
:105DC00012A92A9803F0B3FC16AA1B21504607F02B
:105DD0000BFA10ABBDF9A02029A95046FCF7C0FD75
:105DE00002A805F039FB02AA4FF4403150460FF0EB
:105DF000E3FB4FF4403023900C481790022018909A
:105E000010A8199002A81A9016AA1A21504607F055
:105E1000EBF910AA02A92A9805F002FB16AA1B2189
:105E2000504607F0E1F92BB0BDE8F08FD0360508F9
:105E30002DE9F34F8DB0FB480E990DF09DFA0C90B3
:105E40000C98012802D00FB0BDE8F08F0E9807F033
:105E500064F906460E9807F0C1F90B900E9807F00A
:105E6000BDF90446022E7DD109F046FA0A900A983F
:105E700000B9E8E70A9809F094FA0990099801280E
:105E800000D0E0E708A90A9809F050FA06AA07A985
:105E90000B98FCF77FFABDF82000BDF81C10401AE3
:105EA00000B2ADF82000BDF82200BDF81E10401A67
:105EB00000B2ADF8220094F8340000F00100002890
:105EC0004BD14FF400310B980EF03AFA0190BDF827
:105ED00018100198081A00B206904FF480310B9800
:105EE0000FF07CF930B1BDF818100198081A00B213
:105EF000069015E0BDF91810CA1701EB92729310C5
:105F0000019A934206DDBDF91800C21700EB9272A8
:105F1000921000E0019ABDF818309A1A12B2069257
:105F2000BDF91800012801DA01200690BDF8200013
:105F300010FB00F0BDF8221011FB0100BDF8181095
:105F400011FB01F1884207DDA08E20F00100401C0A
:105F5000A08614F0DFFFA06300BF94F8340000F0C7
:105F6000010000E0BBE000B96DE7BDF8200018B902
:105F7000BDF8220000B966E7A08D0FFA80FAA08D67
:105F8000618D884204DAA08D00F5B4700FFA80FAB2
:105F9000BDF92010BDF9220000F0BDFC05B2A08CB7
:105FA000281A05B2608D281A05B2002D02DA05F50F
:105FB000B47005B2608DAAEB00000FFA80FBA08FD1
:105FC000618D401A00B205900598281A07B2002F7B
:105FD00001DD384600E07842B0F58C7F08DD94F8AA
:105FE0003400C0F3C00008B1002510E05D460EE0AB
:105FF0000BEBDB71B5EB610F05DAA08E20F008002A
:106000000830A08603E0A08E20F00800A086059846
:10601000281A07B2A06B14F06FFF0490E18E049869
:1060200041434FF47A70B1FBF0F00FFA80F94F451D
:1060300001DD4F4606E0C9F10000874202DAC9F1EE
:10604000000007B20598384405B2B4F93200B4F93B
:106050003010401A618DAAEB0101C90091FBF0F0EC
:1060600003900398001D001103900398284405B283
:10607000608D284405B2B4F92E000290B4F93200C4
:106080000090B4F93030618D524628460BF06AF822
:106090000FFA80F80B9800F04BF9404513D014F03C
:1060A00039FFA06341460B9800F07BFA02988045C7
:1060B00009D000221C210B9807F096F80C900C9840
:1060C000012800D0BFE6B4F93000404503D0B4F950
:1060D0003200404502D114F01DFFA06326E1082ED6
:1060E00001D0032E19D1A08E20F00100A0860B98BC
:1060F0000DF072FA8046404607F04EFE074609F062
:10610000FBF8814609F04DF90546042D04D11FB175
:106110000021404607F0E3FE08E10D2E31D10E9834
:1061200007F059F80578B4F92E70132D01D0112D10
:106130000AD10B9800F0FCF8401C0FFA80F8414699
:106140000B9800F02EFA0DE0142D01D0122D09D17C
:106150000B9800F0EDF8401E0FFA80F841460B98BE
:1061600000F01FFAB4F92E00B84209D000221C2119
:106170000B9807F039F80C900C98012800D062E6D3
:10618000D4E0112E50D10E9807F025F8074609AA41
:106190000AA90B98FCF7FEF800250B98806818B147
:1061A0000B988068B0F9145000210B980EF0C8F8D5
:1061B000804608EB0500BDF82410081A00B20990CB
:1061C000BDF82A00BDF82410084400B20090BDF8C4
:1061D0002800084403B2BDF82A00401A02B2BDF8F4
:1061E0002800401A01B207A800F082FB47F6FF72B0
:1061F00007A83968EDF72FFC10B10020387122E6AE
:1062000008EB450002B208EB450001B207A800F018
:106210004DFB47F6FF7207A83968EDF71CFC387193
:1062200084E00000D0360508132E7AD100210B98A7
:106230000EF06FFB0A9000210B980EF013FC0990F2
:1062400000210B980EF0D1FC089000210B980EF065
:1062500083FA0790DDE90910884201DD0A9A00E01F
:10626000099ADDE90710884201DD089800E00798E7
:10627000824207DDDDE90910884201DD0A9808E065
:10628000099806E0DDE90710884201DD089800E082
:10629000079806904FF440310B980EF03AFB804679
:1062A0004FF440310B980EF0DDFB81464FF4403146
:1062B0000B980EF09AFC82464FF440310B980EF08A
:1062C0004BFA0746C84501DD404600E04846BA455E
:1062D00001DD514600E03946884205DDC84501DD53
:1062E000404606E0484604E0BA4501DD504600E07D
:1062F0003846801C0FFA80FB0E9806F06CFF0546AE
:10630000B5F900100698ABEB0000814203DDB5F94A
:10631000000003E005E00698ABEB000000B2288027
:1063200004E0152E02D10E98FFF794FC00BF8AE519
:10633000014600BF00BFB1F92E00704770B5054699
:106340000E4614462146284600F094F83146284669
:1063500000F0E1F870BD70B505460E4614462146C2
:10636000284600F005F83146284600F042F870BD96
:106370002DE9F04180460F4600BF00BF4646B7F505
:10638000B47F02DDA7F5B47087B2B08D718D401A6D
:1063900004B2708D381A05B2002C02DA04F5B4701C
:1063A00004B2002D02DA05F5B47005B2281B0028EE
:1063B00001DD281B00E0601BB42803DD40460FF020
:1063C000AAFA10E0A54206DAB28D0023394640460B
:1063D000FEF7CCFA07E0AC4205DAB18D00233A466D
:1063E0004046FEF7C3FAB78540461CF047FCBDE8BF
:1063F000F0812DE9F04180460F4600BF00BF4646C0
:10640000B7F5B47F02DDA7F5B47087B2B08D718D9A
:10641000401A04B2B08DC01B05B2002C02DA04F59C
:10642000B47004B2002D02DA05F5B47005B2281B71
:10643000002801DD281B00E0601BB42803DD404676
:106440000FF069FA10E0A54206DA718D00233A4692
:106450004046FEF78BFA07E0AC4205DA728D002366
:1064600039464046FEF782FA778540461CF006FC26
:10647000BDE8F0812DE9F04180460F4600BF00BF26
:106480004646B7F5B47F02DDA7F5B47087B2308D0C
:10649000F18C401A04B2F08C381A05B2002C02DAE2
:1064A00004F5B47004B2002D02DA05F5B47005B23B
:1064B000281B002801DD281B00E0601BB42803DD39
:1064C00040460FF028FA12E0A54207DA328D4FF469
:1064D000003339464046FEF749FA08E0AC4206DA96
:1064E000318D4FF400333A464046FEF73FFA4046BE
:1064F000FEF7A2FA37854046FEF79EFABDE8F08126
:1065000070B504460D4600BF00BF2646B584204640
:106510000FF001FA70BD2DE9F04180460F4600BF33
:1065200000BF4646B7F5B47F02DDA7F5B47087B269
:10653000308DF18C401A04B2308DC01B05B2002C96
:1065400002DA04F5B47004B2002D02DA05F5B47075
:1065500005B2281B002801DD281B00E0601BB428C1
:1065600003DD40460FF0D7F912E0A54207DAF18CBF
:106570004FF400333A464046FEF7F8F908E0AC42E3
:1065800006DAF28C4FF4003339464046FEF7EEF956
:106590004046FEF751FAF7844046FEF74DFABDE853
:1065A000F0812DE9F04107460D4600BF00BF3C4693
:1065B000B4F92E00A84201D1BDE8F081B4F932004F
:1065C000A84202DAB4F9320000E028460646B4F9DF
:1065D0003000B04202DDB4F9300000E0304606463B
:1065E000B4F92E00B04200D1E6E7E68538461CF04B
:1065F00045FB00BFE0E70A8802804A8842808A881B
:106600008280CA88C28070470A8802804A88428095
:106610008A888280CA88C28070470A8802804A8835
:1066200042808A888280CA88C28070470A88028035
:106630004A8842808A888280CA88C28070470A88D5
:1066400002804A8842808A888280CA88C2807047D5
:106650000A8802804A8842808A888280CA88C280EA
:1066600070470A8802804A8842808A888280CA8865
:10667000C28070470A8802804A8842808A88828065
:10668000CA88C28070470A8802804A8842808A8805
:106690008280CA88C28070470A8802804A88428005
:1066A0008A888280CA88C28070470A8802804A88A5
:1066B00042808A888280CA88C28070470146C88822
:1066C0004A88801A401C00B270470146C8884A8830
:1066D000801A401C00B270470146C8884A88801A58
:1066E000401C00B270470146C8884A88801A401C86
:1066F00000B270470146C8884A88801A401C00B220
:1067000070470146C8884A88801A401C00B270470A
:106710000146C8884A88801A401C00B2704701466A
:10672000C8884A88801A401C00B270470146C88851
:106730004A88801A401C00B270470146C8884A88BF
:10674000801A401C00B270470146C8884A88801AE7
:10675000401C00B270470146C8884A88801A401C15
:1067600000B270470146C8884A88801A401C00B2AF
:1067700070470146C8884A88801A401C00B270479A
:106780000146C8884A88801A401C00B2704710B57C
:106790000146B1F90420B1F90030D21A521CB1F906
:1067A0000630B1F902401B1B5B1C02FB03F010BD5D
:1067B000014688880A88801A401C00B2704701464A
:1067C00088880A88801A401C00B270470146888871
:1067D0000A88801A401C00B27047014688880A88DF
:1067E000801A401C00B27047014688880A88801AC7
:1067F000401C00B27047014688880A88801A401CF5
:1068000000B27047014688880A88801A401C00B28E
:106810007047014688880A88801A401C00B2704779
:10682000014688880A88801A401C00B270470146D9
:1068300088880A88801A401C00B270470146888800
:106840000A88801A401C00B27047014688880A886E
:10685000801A401C00B27047014688880A88801A56
:10686000401C00B27047014688880A88801A401C84
:1068700000B27047014688880A88801A401C00B21E
:106880007047014688880A88801A401C00B2704709
:10689000014688880A88801A401C00B27047014669
:1068A00088880A88801A401C00B2704703885B1AE7
:1068B0001BB2038083880B441BB2838043889B1ADE
:1068C0001BB24380C38813441BB2C3807047038844
:1068D0000B441BB2038083880B441BB28380438824
:1068E00013441BB24380C38813441BB2C380704758
:1068F00010B5029C018042808380C48010BD428814
:106900000A44521E12B2C280704702880A44521EC4
:1069100012B282807047F0B506460D460024002E64
:1069200002DA601CC4B276423746002D02DAA01C9F
:10693000C4B26D42AC46674509D9CCEB0C1000EBF4
:106940004000B0FBF7F304F11000C4B205E0C7EB60
:10695000071000EB4000B0FBFCF30022D9B216296F
:1069600010DD2C2901DC501CC2B2292901DC501C8D
:10697000C2B2252901DC501CC2B2202912DC501CF5
:10698000C2B20FE0022901DB501CC2B2062901DBB2
:10699000501CC2B20A2901DB501CC2B20F2901DB14
:1069A000501CC2B2134404F0100008B1C3F15A03E2
:1069B00004F0020038B104F0010008B1B43307E07C
:1069C000C3F1B40304E004F0010008B1C3F5B473EB
:1069D00098B2F0BD70B504460D462646F5603068A5
:1069E0000EF099FF70BD2DE9F04106463468276826
:1069F0003D464FF0FF30E06005F13C00844202D19B
:106A0000A068686205E005F14C00844201D1A068ED
:106A1000286320680EF07FFFBDE8F08170B5064660
:106A20000C4625460020A8626420E8620020286306
:106A30006862A88600212987E986698785F85C0055
:106A400005F13C01204600F0C8F805F14C01204654
:106A500000F0C3F8082120460BF084FF10212046E7
:106A60000BF080FF00221146204600F0F3F870BDC5
:106A700070B506460C462546002105F13C00FEF7A0
:106A80003DFF002105F14C00FEF738FF70BD00000E
:106A90002DE9F34F83B03C4804990CF06DFC029053
:106AA0000298012802D005B0BDE8F08F049806F0E6
:106AB00034FB0546049806F091FB0646132D50D191
:106AC0004FF4003130460BF0D4FD0190049806F0ED
:106AD00082FB0446B4F900100198814202DDB4F94A
:106AE000000000E001982080002130460DF01EFFDC
:106AF0008046002130460DF0C2FF8146002130461D
:106B00000EF080F88246002130460DF032FE074636
:106B1000C84501DA404600E04846BA4501DA514628
:106B200000E03946884205DAC84501DA404606E009
:106B3000484604E0BA4501DA504600E0384683464C
:106B4000BBF1000F0CDAB4F90000CBF10001884270
:106B500002DDB4F9000001E0CBF1000000B22080BA
:106B60000FE0012D01D0082D06D1344604F1340187
:106B700030460EF00AFF04E0152D02D10498F4F718
:106B80007DF800BF8FE70000EC360508014600BF26
:106B900000BF0A4692F85C0000F00300704702460E
:106BA00000BF00BF114691F85C0000F0030002280E
:106BB00001D0886A7047886D401C08B1486DF9E7BC
:106BC000086BF7E7024600BF00BF1146886C401C07
:106BD00008B1486C7047486AFCE7086000224A60C8
:106BE0008A60521ECA607047F8B506460D461746C1
:106BF00000BF00BF344694F85C0000F00300022898
:106C000000D0F8BDD4E90A10A84201DD284600E012
:106C1000E06A814201DDA06A05E0E06AA84201DD88
:106C2000284600E0E06A0546606AA84201DA606A28
:106C300000E028460546206BA84200D1E1E704F1B8
:106C40004C0304F1300229463046009700F036F834
:106C500000BFD6E7F8B506460D46174600BF00BF91
:106C60003446606AA84200D1F8BDD4E90A10A842AF
:106C700001DD284600E0E06A814201DDA06A05E00E
:106C8000E06AA84201DD284600E0E06A0546206B84
:106C9000A84201DD206B00E028460546606AA84254
:106CA00000D1E1E704F13C0304F124022946304617
:106CB000009700F003F800BFD6E700002DE9F04789
:106CC00092B007460D4616461C46DDF86890B9F1AD
:106CD000000F04D1356038460EF01DFE33E0E06849
:106CE000401C18B930686060A56002E0A068606070
:106CF000A560356000212046FEF700FE02A8FEF7E1
:106D000045FE00BF029400BF1048039000BF002062
:106D10004FF4807109900A900B9100BF0C480590C8
:106D200000BF4FF0000A6522514638460DF0D2FFF1
:106D30000190DDF8048000BFCDF8308000BF02A8CC
:106D4000FEF7FCFE00BF12B0BDE8F087D56902086F
:106D5000E76902082DE9F04F04460D46C4F580614D
:106D600001FB01F0860A06FB01F04FEA902C04FBC0
:106D700004F0870A07FB04F04FEA90280CFB05F0AB
:106D80004FEA902906EB4600604350434FEA105A01
:106D900001EB4100784358434FEA105B099808FB28
:106DA00000F04FEA902E09EB0A0058447044BDE809
:106DB000F08F70B505460C46102120460BF0D2FD31
:106DC0004FF4806120460BF0B1F870BD70B50446F9
:106DD00000BF00BF214604480BF015FD05462846BC
:106DE0000BF086FD284670BD083705082DE9F041F7
:106DF00007460C46164600BF00BF3D46288EA042FF
:106E000001DCBDE8F081E86A30F81400B043E96ABB
:106E100021F8140021463846FDF721FE06F40070E3
:106E200010B138460FF0F4FA00BFEAE72DE9F0415F
:106E300005460E4600BF00BF2F46002406E032463E
:106E400021462846FFF7D2FF601C84B2388EA0424C
:106E5000F5DCBDE8F081000070B506460C4625461D
:106E60000020288668864FF6FF70A8860020A8625A
:106E7000E862686285F836000249204600F022FC8C
:106E800070BD00009002002470B5044600BF00BF32
:106E9000214604480BF0B7FC054628460BF028FDB8
:106EA000284670BD2437050870B506460C462546B1
:106EB000A86A0AF039FAE86A0AF036FA0020A862ED
:106EC000E86270BD2DE9F34F83B0FB4804990CF0E4
:106ED00053FA0746012F02D005B0BDE8F08F0498A1
:106EE00006F01BF90546049806F078F980464446FA
:106EF000132D18D1049806F06EF906464046FCF7AB
:106F0000ABFB68B1608E002806DD40460CF0DAFA73
:106F1000618E90FBF1F000E0002000B2308001E0D3
:106F20000020308000BF2A2D04D14046616A00F065
:106F3000C9FB29E3292D04D14046616A00F0C2FB58
:106F400022E3012D60D1049806F045F98246A18E16
:106F50004046FDF784FD08F0CFF9064608F021FA17
:106F60008146B9F1010F02D0B9F1030F1ED102A978
:106F7000504608F0DBF902A94046FBF7FAF806464E
:106F80004FF6FF70864210D0E16A31F81600EFF735
:106F900031FF50B9E16A31F81600EFF727FF20B949
:106FA000A686A18E4046FDF75AFD00BFA08E4FF683
:106FB000FF71884227D0A28EE16A31F81200EFF704
:106FC00011FF00BBA28EE16A31F81200EFF716FF45
:106FD000C8B9A28EE16A31F81200EFF70BFF90B941
:106FE000A28EE16A31F81200EFF700FF58B9A08EC7
:106FF000019001AA1C21404606F0F6F80746012F31
:1070000000D069E700BFBFE2022D59D1049806F015
:10701000E2F882464FF6FF7608F06EF9834658464E
:1070200008F0BFF98146B9F1040F02D0B9F1020F9F
:1070300000D151E702A9584608F078F902A9404664
:10704000FBF797F80646A08EB04238D0A08E4FF6D8
:10705000FF71884203D0A18E4046FDF700FDA68651
:10706000504608F0A1FA4FF6FF70864227D0E16A39
:1070700031F81600EFF7BEFE08BBE16A31F81600E2
:10708000EFF7B4FED8B931464046FDF7E8FCE16AB7
:1070900031F81600EFF7A6FE88B9A28EE16A31F842
:1070A0001200EFF7ABFE50B9019601AA1C21404631
:1070B00006F09AF80746012F00D00DE700BF63E203
:1070C000082D69D1A08E4FF6FF7188425FD0A28E45
:1070D000E16A31F81200EFF77DFE80B3A28EE16A1B
:1070E00031F81200EFF786FE48BBA28EE16A31F854
:1070F0001200EFF76BFE78B194F8360000F0010053
:1071000050B9A18EE06A30F8110020F08000A28E04
:10711000E16A21F8120009E0A18EE06A30F811005E
:1071200040F08000A28EE16A21F8120094F8360047
:1071300000F0010018B1A18E404614F06DFEA28E41
:10714000E16A31F81200EFF74DFE30B9A28EE16A24
:1071500031F81200EFF752FEC8B1A28EE16A31F8A1
:107160001200EFF747FE90B9A28EE16A31F81200E3
:10717000EFF73CFE58B9A08E019001AA1C214046B1
:1071800006F032F80746012F00D0A5E600BFA18E19
:107190004046FDF764FCF7E1062D28D1A08E4FF69E
:1071A000FF7188428BD0A28EE16A31F81200EFF7AE
:1071B0002DFE0028EFD1A28EE16A31F81200EFF720
:1071C00019FE0028E7D1A28EE16A31F81200EFF72C
:1071D0000DFE0028DFD1A08E019001AA1C2140469F
:1071E00006F002F80746012F00D075E6CCE1032D2A
:1071F00007D1A18E4046FDF732FC4FF6FF70A08606
:10720000C2E10E2D5ED1049805F0E5FF824650469E
:1072100008F0C7F88346BAF1000F07D1002008F044
:1072200071F88246504608F0BCF8834640460CF0A0
:10723000D3F9064606F0B0FD8146A08E4FF6FF71E9
:1072400088423ED1BBF1020F05D0BBF1040F35D10E
:10725000B9F1000F32D0002694F8360000F001009A
:10726000B8B100E0761CE16A31F81600EFF7BEFD18
:107270000028F7D1E16A31F81600EFF7BBFD0028CE
:10728000F0D1E16A31F81600EFF7A8FD0028E9D047
:107290000FE000E0761CE16A31F81600EFF7A6FD7A
:1072A0000028F7D1E16A31F81600EFF7A3FD0028B6
:1072B000F0D1A68605E00000243705084FF6FF70E0
:1072C000A08661E10F2D01D0102D0CD1A08E4FF6BC
:1072D000FF71884203D0A18E4046FDF7C0FB4FF6F8
:1072E000FF70A08650E10D2D79D1A18E4046FDF7AB
:1072F000B6FB049805F06FFF90F80090B9F1130FFA
:107300002BD1A08E4FF6FF71884202D10020A086BB
:1073100002E0A08E401CA086A08E218E884201DB58
:107320000020A08608E0A08E401CA086A08E218EA2
:10733000884201DB0020A086A28EE16A31F81200AB
:10734000EFF754FD0028EED1A28EE16A31F8120069
:10735000EFF750FD0028E6D10CE1B9F1140F2ED162
:10736000A08E4FF6FF71884201D10020A086A08E2A
:1073700018B9208E401EA08605E0A08E002802DDF0
:10738000A08E401EA08609E0A08E002803DDA08EFE
:10739000401EA08602E0208E401EA086A28EE16ADA
:1073A00031F81200EFF722FD0028EDD1A28EE16A3C
:1073B00031F81200EFF71EFD0028E5D1DAE0B9F14F
:1073C000120F6AD1002140460DF048FA8346A08E84
:1073D0004FF6FF7188421DD10020A08609E0CEE063
:1073E000A08E401CA086A08E218E884201DB00204A
:1073F000A086A28EE16A31F81200EFF7F7FC0028B0
:10740000EED1A28EE16A31F81200EFF7F3FC00280A
:10741000E6D141E0A28EA16A01EBC200FFF731FA8A
:10742000A28EA16A31F8321001EB60000FFA80FAE7
:10743000A68E28E0A06A00EBC600B0F90200A28E7A
:10744000A16A01EBC201B1F90210884219DDA06AFC
:1074500030F93600504514DCA06A00EBC600B0F9E4
:107460000400584450450CDBE16A31F81600EFF790
:10747000C1FC30B9E16A31F81600EFF7B7FC00B98A
:1074800004E0701C86B2208EB042D3DC00BF208E98
:10749000B04200DDA68600BF6CE0B9F1110F69D1E2
:1074A000002140460DF0DAF98346A08E4FF6FF71B9
:1074B00088421CD10020A08608E0A08E401CA08637
:1074C000A08E218E884201DB0020A086A28EE16A78
:1074D00031F81200EFF78AFC0028EED1A28EE16AA3
:1074E00031F81200EFF786FC0028E6D141E0A28EC9
:1074F000A16A01EBC200FFF7C4F9A28EA16A31F8BC
:10750000321001EB60000FFA80FAA08E06B229E07B
:10751000A06A00EBC600B0F90200A28EA16A01EBDE
:10752000C201B1F9021088421ADAA06A30F93600B5
:10753000A0EB0B00504513DCA06A00EBC600B0F9CD
:10754000040050450CDBE16A31F81600EFF752FCFD
:1075500030B9E16A31F81600EFF748FC00B903E0F2
:10756000701E06B2002ED3DA00BF002E00DBA68606
:1075700000BF00BFA18E4046FDF771FA04E0152D53
:1075800002D10498F4F77CFE00BFA5E42DE9F04198
:1075900080460E4600BF00BF4FF6FF70864202D104
:1075A0000020BDE8F0814446208EB04201DA002080
:1075B000F7E7002500270CE0781C87B2681C85B22D
:1075C000616A51F8250008A1D9F77EFA08B9681C4C
:1075D00085B2B742F0D1208EB84201D10020E0E759
:1075E000606A50F82500DCE70A000000014600BF91
:1075F00000BF0A46908E704710B5034600BF00BF1B
:107600001C46208E884201DC002010BDE06A30F864
:1076100011001040904201D10120F6E70020F4E76C
:107620002DE9F04107460D46164600BF00BF3C4617
:10763000208EA84201DCBDE8F08194F8360000F00D
:10764000010030B106F0800018B180213846FFF704
:10765000EDFBE06A30F815003043E16A21F81500CF
:1076600029463846FDF7FBF906F4007010B138469C
:107670000EF0CEFE00BFDEE72DE9F04105460E46D6
:1076800000BF00BF2F46002406E0324621462846B0
:10769000FFF7C6FF601C84B2388EA042F5DCBDE85F
:1076A000F08170B504460E4600BF00BF2546298E06
:1076B0004A003146E86A09F0C0FE2046696A00F0D7
:1076C00001F870BD2DE9F34F91B0804600BF00BFB7
:1076D000129810B913B0BDE8F08F44464046129995
:1076E000EEF708FE129E6662002541F26A422946C4
:1076F00020460DF0EFFA08900898C0B210900021D3
:1077000040460DF020F90F90002140460DF087FA19
:107710000E90002140460DF01AFA0D9000214046CF
:107720000DF09CF8834640460BF0EBFE0C90404673
:107730000BF0C8FE0B90628E521E0D990B9801FB48
:10774000120000B20A90002009908146129E002784
:10775000A1E00020089000250CE009EB0502E16A99
:1077600031F81200FAF703FE0899084480B2089035
:10777000681C85B256F8250050B156F825004CA17A
:10778000D9F7A2F920B156F8250000780028E4D1F5
:107790001DB9681C06EB80067CE00A987843618E70
:1077A000B0FBF1F10E9801440D9807FB001000B2F8
:1077B0000790791C0A984843618EB0FBF1F10E984E
:1077C00001440D9807FB0010401E00B20690691E90
:1077D0000C980BFB110000B205900598002801DA07
:1077E000002005900020049082464DE0E16A31F8C7
:1077F0001900FAF7BCFD0390DDE90410484308992D
:10780000B0FBF1F00AFB0B0000B20290DDE90310BF
:107810000844059948430899B0FBF1F00AFB0B00B6
:10782000401E00B20190109801280ED102980199D3
:1078300002910190029A0C99891A09B202910C994D
:107840000198091A09B2019100BF0F9902980844E2
:1078500000B202900F990198084400B20190069876
:107860000090A16A01EBC900DDE90131079AFFF739
:107870003FF8DDE90310084404900AF1010A09F118
:1078800001090998401C0990AA45AFD3681C06EB72
:10789000800600BF7F1C608EB8423FF65AAF40465C
:1078A0000EF0B6FD40460EF036F800BF12E70000BD
:1078B0000A00000070B504460D4600BF00BF264612
:1078C00086F836500021204614F0A6FA70BD70B537
:1078D00006460C4600BF00BF3546288EA04204DC99
:1078E0004FF6FF70844200D070BDA98E3046FDF780
:1078F000B6F8AC8621463046FDF7B1F800BFF3E795
:107900002DE9F04781460D462C4640F2E470208573
:1079100001212A2001552B20015540F2E470A08559
:107920002E2001552F20015500202063A086A8217C
:1079300004F58C7009F00FFF0027002626E06EB1D9
:10794000701CC11700EB5171C910A0EBC10129B91E
:1079500031A104F1380040F8261015E0082E07DAAE
:107960002E4850F8261004F1380040F826100BE09D
:10797000782104F58C7000F8271000EB8701E038BF
:1079800040F82610781CC7B2701CC6B2382ED6DB61
:1079900023A1C4F814112846FFF776FA606204F1B7
:1079A0003801606AFFF78EFE4FF48871606AFFF756
:1079B00063FE00231A221B49606A0AF06FFA6420F2
:1079C000002804DAC0F57A7141F4005101E040F476
:1079D00000510FFA81F84146606A0FF061FC012105
:1079E00028460FF0CFF80121606A0FF0DDF894F916
:1079F0002E20A18D284600F01FF894F92B3094F921
:107A00002A20218D284600F0D9F84FF48041606A81
:107A10000AF08CFABDE8F0870A000000500100244B
:107A200000000000C9D80108014600BF00BF0A4697
:107A300002F12C00704700002DE9F74F82B0064696
:107A400000BF00BF34460398A085049841B22E20A1
:107A5000015501212F200155A08DADF804002E20E5
:107A6000005D8DF806002F20005D8DF807002021B5
:107A7000606AFFF7DBF9002506E020222946606AEC
:107A8000FFF7CEFD681CC5B2072DF6DB9DF9061089
:107A9000BDF80400FBF7D4F881469DF90610BDF847
:107AA00004000122FAF7F0FC07463D464FF00108BA
:107AB0000EE004F58C7101EB850043463EA20421E3
:107AC00011F0B2F8681CC5B208F1010000F0FF081F
:107AD00009EB0700A842ECDC9DF90620511EBDF819
:107AE0000400FBF7ADF882460025AAEB0700401C16
:107AF00000F0FF0813E004F58C7101EB85004346AC
:107B00002DA2042111F090F82022E91D606AFFF7F0
:107B100087FD681CC5B208F1010000F0FF08BD42F6
:107B2000E9DB07EB0900C5B24FF0010813E004F5EB
:107B30008C7101EB850043461FA2042111F074F8FB
:107B40002022E91D606AFFF76BFD681CC5B208F1D1
:107B5000010000F0FF082A2DE9DB3046FBF7CEFDDF
:107B6000606AFFF743FD4FF6FF71884203D0F91DAD
:107B7000606AFFF7ACFE30460DF0CDFE30460BF0EC
:107B80003EFC8346002511E0294630460BF019FCE7
:107B90000090616A0098814200D105E032461C21C4
:107BA000009805F021FB00BF681CC5B25D45EBD312
:107BB00005B0BDE8F08F0000256400002DE9F0411C
:107BC00004460E461746984600BF00BF25462E8540
:107BD00079B22C462A2041554FFA88F12B20415585
:107BE0002046FBF78BFDBDE8F08170B506460C46DC
:107BF0002546102105F12400EDF7FEF9102105F1CD
:107C00003000EDF7F9F90020A5F86C00A5F8740034
:107C100000216E204153762041536420A5F8700066
:107C2000A5F878006421722041537A204153032043
:107C30007C3568800520A8800A20E88047F6FF7020
:107C40002880287B20F00700401C2873287B20F028
:107C5000080028734FF48070288168817C3D70BDD6
:107C60002DE9F04180460E46344613E004F124002D
:107C7000EDF797F90546287BC0F3800010B96868D6
:107C800009F052FB294604F12400EDF709FA2846D1
:107C900009F04AFBA06A0028E8D104F12400EDF7BE
:107CA00068F90CE004F13000EDF77BF9074639463E
:107CB00004F13000EDF7F4F9384609F035FB606B5C
:107CC0000028EFD104F13000EDF753F9BDE8F08161
:107CD0002DE9F84F884641466F480BF04DFB814631
:107CE000B9F1010F01D0BDE8F88F404605F015FA53
:107CF0000546404605F072FA06463446012D2FD15E
:107D000007F0FAFA83466946584607F00FFBBDF8BC
:107D10000000B18A401A00B2ADF8000030460BF006
:107D20005BFDBDF8001008440FFA80FA514630465A
:107D3000FAF70AFD0746B4F87C00B8420FD0B9B292
:107D40003046FCF768FFB4F87C103046FCF763FF60
:107D5000A4F87C7000221C21304605F045FA98E01A
:107D6000082D09D1B4F87C103046FCF754FF47F6D3
:107D7000FF70A4F87C008CE0292D03D130460EF072
:107D800076FB86E0132D33D1B4F94020B4F94C00D2
:107D9000824202DDB4F9400001E0B4F94C00B4F9CC
:107DA0005830B4F96420934202DDB4F9582001E060
:107DB000B4F9642090420BDDB4F94020B4F94C00D2
:107DC000824202DDB4F940000DE0B4F94C000AE053
:107DD000B4F95820B4F96400824202DDB4F95800C5
:107DE00001E0B4F964000146404605F033FA50E082
:107DF0002C2D16D1404605F0EEF9074630460BF023
:107E000080FBB4F884104843001200B2388030463A
:107E10000BF058FBB4F886104843001200B278808B
:107E200037E0152D35D1404605F07FF90746394634
:107E30003046F2F7F1FA39463046F0F7D3FD04F157
:107E40002400EDF721F9F8B994F8880000F0070054
:107E5000012804D139463046F6F734FC14E094F892
:107E6000880000F00700022804D139463046F6F7B2
:107E7000E3FA09E094F8880000F00700032803D132
:107E800039463046F6F7B4FE39463046F2F7B4F8D4
:107E900000BF00BF27E7000008F904082DE9F04FF4
:107EA00087B081460E4617461D4600BFB9F1000F48
:107EB00003D100BF00BF00BFFEE700BF00BF1EB977
:107EC00000BF00BF00BFFEE700BF00BF00BF4C46C1
:107ED000B4F88200B84207DC00BF00BF0020288051
:107EE000688007B0BDE8F08F48460BF00AFB34F815
:107EF000841F484300120FFA80F848460BF0E2FA5C
:107F00006188484300120FFA80FA2079843C00F01F
:107F10000700012809D108FB07F0B4F88210491EB8
:107F200090FBF1F000B2288079E094F8880000F02E
:107F30000700032818D1CDF80080336833F9170003
:107F4000337BC3F3C00C04F1780333F91C20337B7B
:107F5000C3F3C00C04F1740333F91C10002309F0BF
:107F600001F900B228805AE094F8880000F0070078
:107F7000022854D104F12400EDF719F805904FF4CC
:107F8000A02148460CF05DFC823461884843001211
:107F90000490002148460CF054FC618848430012CC
:107FA00003902188491E039801FB1081208891FBD2
:107FB000F0F000B2029005990298B0FBF1F000B227
:107FC000019008FB07F034F8821990FBF1F000B241
:107FD00028800020009004F12400EDF707F80090BD
:107FE0000EE00098B04200D10DE0298801980844C5
:107FF00000B2288004F124000099ECF7F1FF009012
:1080000000980028EDD100BF049A0199881A00EB6E
:10801000D0712A8802EB610109B2298000BF0021DA
:1080200048460CF042FA8346002148460CF057FCC3
:1080300058442988084400B2288048460BF0CCFBFD
:108040002988081A00B2288000200690706830F94C
:108050001710307BC0F3001204F16C0030F91200ED
:10806000081A00FB0AF00690307BC0F3001104F1FF
:10807000700030F91110307BC0F3001204F16C0075
:1080800030F91200091A069890FBF1F00690069854
:10809000AAEB000000B26880002148460CF08BFD7E
:1080A00058446988084400B2688048460BF08EFC4A
:1080B0006988081A00B2688000BF12E770B50646EA
:1080C0000C46254608A068620120A86202212046CD
:1080D00009F02CFF0821204609F028FF4FF48061A9
:1080E000204609F023FF70BD436865636B20626F13
:1080F0007800000070B506460C46254695F8280025
:1081000000F0010020B9686A09F00EF900206862E9
:1081100070BD00002DE9F14FBEB03E9805F05EF84D
:10812000044625463E9805F000F83D900021204683
:108130000CF091FE074600BFB7F908000646A246BC
:108140004FF0000B41F23202594650460CF0C2FD8E
:108150000290029800B28046002120460CF06CFD8F
:1081600040440FFA80F9002120460CF0F9FB40440E
:1081700000B23C90002120460CF07DFB3B904FF478
:10818000003120460CF0ECFB3A904FF400312046D1
:108190000CF08FFC39904FF4003120460CF04CFD70
:1081A00038904FF4003120460CF0FDFA37904FF430
:1081B000003B40F60A02594650460CF08BFD0290F7
:1081C000029800B2369000BF40F60B025946504666
:1081D0000CF080FD0290029800B2359027A803F0C1
:1081E0003BF927AA594620460DF0E6F9A18A3C98AA
:1081F000084400B2ADF89400BDF8940081193A9893
:10820000014439980844401E00B2ADF89800E08A55
:10821000484400B2ADF89600BDF896008119389830
:10822000014437980844401E00B2ADF89A0000BFE0
:10823000BDF89400ADF88C00BDF89600ADF88E0046
:10824000BDF89800ADF89000BDF89A00ADF8920026
:1082500000BFBDF88C103698081A00B2ADF88C003B
:10826000BDF890103698084400B2ADF89000BDF803
:108270008E103598081A00B2ADF88E00BDF8921035
:108280003598084400B2ADF8920011A83D990AF063
:108290004DFE27A81590374812900020139023A870
:1082A000149058461E9011AA1A21204604F09CFFF3
:1082B00023AA27A93D9803F0B3F811AA1B21204651
:1082C00004F092FF002120460CF034FE10900021B3
:1082D00020460CF008FE0F90002141F6FF72109826
:1082E000CDE901210090696A3A460EA80F9B13F070
:1082F0001BFA06A802F0A4F806AA002120460DF0F9
:1083000080F800BFBDF89A10BDF89620891A491C64
:1083100009B2881B00EBD071491009B20591BDF874
:1083200098103B98084400B2ADF80C00BDF80C0062
:10833000BDF83810084400B2ADF81000E08A00EB38
:1083400009010598084400B2ADF80E00BDF80E0012
:10835000BDF83A10084400B2ADF8120000200090B9
:1083600003AA06A96B6A3D9801F0B6FC3FB0BDE8D0
:10837000F08F0000403705082DE9F04F8DB00F4613
:1083800039464C480AF0F8FF0C900C98012802D0AE
:108390000DB0BDE8F08F384604F0BFFE0446384605
:1083A00004F01CFF05462C2C67D1384604F013FF5F
:1083B0000646AA46002128460CF04DFD804600BF27
:1083C000B8F908008146002128460CF0B3FD834629
:1083D000002128460CF087FD0B90002041F6FF712C
:1083E000CDE900B10290DAF8241042460AA80B9BAE
:1083F00013F09AF9002128460CF03DFA09904FF449
:10840000003128460CF0ACFA08904FF400312846B1
:108410000CF04FFB07904FF4003128460CF00CFC99
:1084200006904FF4003128460CF0BDF905900898ED
:1084300009EB00010798084400B2ADF81000069857
:1084400009EB00010598084400B2ADF81200BDF830
:108450001000BDF8281001440998084400B230808B
:10846000BDF91200BDF92A10884202DDBDF91200E3
:1084700001E0BDF92A0070801AE0132C13D13846B0
:1084800004F0A9FE06464FF4003128460AF0F1F840
:108490008046B6F90000404502DDB6F9000000E074
:1084A0004046308004E0152C02D13846FFF732FEFA
:1084B00000BF6DE74037050830B5044601F4C04001
:1084C000B0F5005F01D1012000E0002030B121F4BF
:1084D000C040B0F5FA6F01DC012000E0002080B15F
:1084E00021F4C040B0F57A7F04DD21F4C040C0F52E
:1084F0007A7001E021F4C0405843642590FBF5F008
:1085000001B202F4C040B0F5005F01D1012000E0EB
:10851000002030B122F4C040B0F5FA6F01DC012038
:1085200000E0002080B122F4C040B0F57A7F04DD85
:1085300022F4C040C0F57A7001E022F4C0405843F4
:10854000642590FBF5F002B2944201DA204600E087
:108550001046884201DA084630BD944201DA2046CE
:10856000FAE71046F8E730B5044601F4C040B0F52C
:10857000005F01D1012000E0002030B121F4C040B3
:10858000B0F5FA6F01DC012000E0002080B121F499
:10859000C040B0F57A7F04DD21F4C040C0F57A70A8
:1085A00001E021F4C0405843642590FBF5F001B28E
:1085B00002F4C040B0F5005F01D1012000E00020CE
:1085C00030B122F4C040B0F5FA6F01DC012000E0C8
:1085D000002080B122F4C040B0F57A7F04DD22F49F
:1085E000C040C0F57A7001E022F4C04058436425D1
:1085F00090FBF5F002B2944201DA204600E010460A
:10860000884201DA084630BD944201DA2046FAE792
:108610001046F8E708B500221146104600F050F960
:108620000090BDF80010084608BD08B500221146AC
:10863000104600F075F90090BDF80010084608BD1E
:1086400008B500221146104600F082F90090BDF8EE
:108650000010084608BD1CB5002001460246D4089B
:10866000BDF8003064F304038C080093BDF80030BB
:1086700064F34A13C4080093BDF8003064F3CF23B9
:108680000093BDF8004023460193BDF8041008464E
:108690001CBD08B500221146104600F0A1F900905B
:1086A000BDF80010084608BD01B583B003980190DD
:1086B000BDF80400C00AC0EBC00202EB0020C01DE0
:1086C000C0F347108DF80200BDF80400C0F3451058
:1086D00000EB400202EB0020C01CC0F387108DF8B5
:1086E0000100BDF8040000F01F00C0EBC00202EB67
:1086F0000020C01DC0F347108DF80000FF208DF84A
:108700000300009802909DF808009DF80A200323BA
:1087100013FB02009DF80920042313FB0201C1F39F
:10872000C70004B000BD13B582B00C46FFF7B1FF1F
:1087300022460190029900F00BFA0090BDF800105B
:10874000084604B010BD37B503461C4604F00305C7
:1087500025B1BDF804501D809B1C521EBDF804506D
:1087600005EB0541184610E00160001D0160001D89
:108770000160001D0160001D0160001D0160001D01
:108780000160001D0160001D103A102AECD803465C
:1087900004E0BDF804501D809B1C521E002AF8D135
:1087A0003EBD0160704708B5014601F47800000A3B
:1087B00001F47C4240EA5210C1F3C402104300901D
:1087C000BDF80020104608BD2DE9F04F85B0824667
:1087D00089461446CAEB0A204FF4B471B0FBF1F09D
:1087E0001FFA80FAC9EB0920642190FBF1F000F038
:1087F000FF09C4EB042090FBF1F0C4B2B9F1000F03
:108800000BD122462146204600F0EAF80090BDF840
:108810000010084605B0BDE8F08F2B209AFBF0F061
:10882000C0B204902B21049810FB01F0AAEB0000C9
:1088300000EB40004006000E0390C9F1FF006043CA
:108840004FEA2028039809FB00F0FF21A1EB20202C
:108850006043001202900398C0F1FF0000FB09F092
:10886000A1EB202060434FEA202B0498052818D262
:10887000DFE800F003070B0F130025465E4647466E
:1088800013E0029D264647460FE0454626465F46D2
:108890000BE04546029E274607E05D4646462746D2
:1088A00003E025464646029F00BF00BF3A463146D8
:1088B000284600F095F80190BDF804100846A9E795
:1088C00018B50346D408BDF8000064F304008C0812
:1088D0000090BDF8000064F34A10DC080090BDF879
:1088E000000064F3CF200090BDF80040204618BD82
:1088F00018B50346D408BDF8000064F304008C08E2
:108900000090BDF8000064F34A10DC080090BDF848
:10891000000064F3CF200090BDF80040204618BD51
:1089200018B50346D408BDF8000064F304008C08B1
:108930000090BDF8000064F34A10DC080090BDF818
:10894000000064F3CF200090BDF80040204618BD21
:1089500018B50346D408BDF8000064F304008C0881
:108960000090BDF8000064F34A10DC080090BDF8E8
:10897000000064F3CF200090BDF80040204618BDF1
:1089800018B50346D408BDF8000064F304008C0851
:108990000090BDF8000064F34A10DC080090BDF8B8
:1089A000000064F3CF200090BDF80040204618BDC1
:1089B00018B50346D408BDF8000064F304008C0821
:1089C0000090BDF8000064F34A10DC080090BDF888
:1089D000000064F3CF200090BDF80040204618BD91
:1089E00018B50346D408BDF8000064F304008C08F1
:1089F0000090BDF8000064F34A10DC080090BDF858
:108A0000000064F3CF200090BDF80040204618BD60
:108A100018B50346D408BDF8000064F304008C08C0
:108A20000090BDF8000064F34A10DC080090BDF827
:108A3000000064F3CF200090BDF80040204618BD30
:108A400037B581B0101DC210BDF8080040EA0040E3
:108A50000B4D00EA0501BDF8040040EA004000EAC1
:108A60000503581A504301EB501000EA050444EA8C
:108A7000144080B20090BDF80050284604B030BDCC
:108A80001FF8E00737B581B0101DC210BDF808000F
:108A900040EA00400B4D00EA0501BDF8040040EA41
:108AA000004000EA0503581A504301EB501000EA59
:108AB000050444EA144080B20090BDF800502846F6
:108AC00004B030BD1FF8E00737B581B0101DC210EB
:108AD000BDF8080040EA00400B4D00EA0501BDF872
:108AE000040040EA004000EA0503581A504301EB35
:108AF000501000EA050444EA144080B20090BDF82A
:108B00000050284604B030BD1FF8E00737B581B0EB
:108B1000101DC210BDF8080040EA00400B4D00EAED
:108B20000501BDF8040040EA004000EA0503581AB8
:108B3000504301EB501000EA050444EA144080B2AF
:108B40000090BDF80050284604B030BD1FF8E00783
:108B500037B581B0101DC210BDF8080040EA0040D2
:108B60000B4D00EA0501BDF8040040EA004000EAB0
:108B70000503581A504301EB501000EA050444EA7B
:108B8000144080B20090BDF80050284604B030BDBB
:108B90001FF8E00707B581B003461888BDF8081034
:108BA000C90A01FB0200803000EBC01101EBC030AC
:108BB000C00DBDF8001060F3CF2100915888BDF8BA
:108BC0000810C1F3451101FB0200803000EBC01119
:108BD00001EBC030C00DBDF8001060F34A110091E8
:108BE0009888BDF8081001F01F0101FB02008030D9
:108BF00000EBC01101EBC030C00DBDF8001060F3F8
:108C00000401009100BF00BFBDF80010084604B089
:108C100000BD07B581B003461888BDF80810C90A21
:108C200001FB0200803000EBC01101EBC030C00D31
:108C3000BDF8001060F3CF2100915888BDF80810EE
:108C4000C1F3451101FB0200803000EBC01101EBC4
:108C5000C030C00DBDF8001060F34A110091988833
:108C6000BDF8081001F01F0101FB0200803000EB8D
:108C7000C01101EBC030C00DBDF8001060F304015D
:108C8000009100BF00BFBDF80010084604B000BD51
:108C900001B581B0BDF80400C00AC0EBC00101EB12
:108CA0000020C01DC0F347108DF80200BDF804007D
:108CB000C0F3451000EB400101EB0020C01CC0F3E5
:108CC00087108DF80100BDF8040000F01F00C0EB14
:108CD000C00101EB0020C01DC0F347108DF800005B
:108CE000FF208DF8030000980CBD08B5FF22114647
:108CF0001046FFF7E5FD0090BDF80010084608BDDE
:108D000008B5FF2211461046FFF722FE0090BDF87D
:108D10000010084608BD1CB5FF2001460246D408D5
:108D2000BDF8003064F304038C080093BDF80030F4
:108D300064F34A13C4080093BDF8003064F3CF23F2
:108D40000093BDF8004023460193BDF80410084687
:108D50001CBD000070B506460C4625460020A884C0
:108D6000642126204155272041553035287B20F0AD
:108D700003002873287B20F004002873002028605B
:108D80006860303D084800782C2148554FF4803108
:108D9000204609F0CBF84FF44071204609F0E2FD7F
:108DA000204614F021FF70BDA40100242DE9F34FEB
:108DB00089B0F9480A990AF0DFFA8046B8F1010F44
:108DC00002D00BB0BDE8F08F0A9804F0A6F9054672
:108DD0000A9804F003FA06463446132D42D14FF4A4
:108DE000403130460BF088FD81464FF4403130462B
:108DF0000BF02BFE82464FF4403130460BF0E8FE7C
:108E000083464FF4403130460BF099FC0890D14531
:108E100001DD494600E051460898834501DD58468A
:108E200000E00898814205DDD14501DD484607E0B4
:108E3000504605E00898834501DD584600E0089853
:108E4000801C00B207900A9804F0C5F90746B7F9EC
:108E500000100798814202DDB7F9000000E0079892
:108E6000388008E2292D1BD10A9804F0B4F907468E
:108E700030460CF056F9B9883A88891A491C09B26B
:108E8000884209D130460AF0B1FBF9887A88891AFC
:108E9000491C09B2884202D0304614F0A5FEEAE12E
:108EA0002A2D03D1304614F09FFEE4E10D2D71D13F
:108EB0000A9804F090F90768132F01D0112F40D1C0
:108EC000606A089094F83C0000F0030020B101288B
:108ED0000ED0022824D117E0A08C401C4FF4B471AE
:108EE00090FBF1F201FB120080B2ADF8200017E018
:108EF0002620005D401C642190FBF1F201FB120072
:108F0000C0B28DF822000BE02720005D401C6421D8
:108F100090FBF1F201FB1200C0B28DF8230000BFFC
:108F200000BF3046089900F0BAF948B100221C2170
:108F3000304604F059F98046B8F1010F00D040E7FF
:108F400047E0142F01D0122F43D1606A089094F8A3
:108F50003C0000F0030020B101280ED0022827D1E8
:108F600019E0A08C002802DDA08C401E01E04FF427
:108F7000B47080B2ADF820001AE02620005D002811
:108F800003DD2620005D401E00E06420C0B28DF8A5
:108F900022000DE01EE02720005D002803DD2720D1
:108FA000005D401E00E06420C0B28DF8230000BFC9
:108FB00000BF3046089900F072F948B100221C2128
:108FC000304604F011F98046B8F1010F00D0F8E600
:108FD00000BF50E1012D11D111F09CFF606306F03C
:108FE0008BF9074604F1380106F0A0F93046EFF797
:108FF0001BFC8046B8F1010FEBD0E2E6022D7CD1DC
:1090000006F07AF98246BAF1000F00D1D9E650464F
:1090100006F0C7F98346BBF1040F02D0BBF1020F83
:1090200018D130460CF07DF8019000EBD070B18A79
:1090300001EB600000B2ADF8200030460AF0D6FA2D
:10904000019000EBD0704110F08A084400B2ADF8F6
:10905000220003E008A9504606F068F9DAF800009B
:10906000007E0790BDF92000B4F93810401A00289E
:1090700005DDBDF92000B4F93810401A04E0B4F958
:109080003800BDF92010401A0799884214DCBDF958
:109090002210B4F93A00081A002805DDBDF92210A3
:1090A000B4F93A00081A04E0B4F93A00BDF9221004
:1090B000401A0799884208DD11F02CFF6063BDF863
:1090C00020002087BDF822106187BDF82000B18AFA
:1090D000401A00B2ADF82000BDF82210F08A081A3C
:1090E00000B2ADF8220030460CF01BF880B20690BA
:1090F000002005900021304600E098E00BF013F9C5
:109100008146069800EBD07149100FB2BDF82000DF
:10911000C01B00B2ADF82000BDF82200C01B00B299
:10912000ADF8220001200490A7EB090007B2412FFF
:109130000ADD494609EBD172521010B2391A0FB24A
:10914000412F00DA412700BFBDF8200010FB00F0DE
:10915000BDF8221011FB010107FB07F0814201DA83
:1091600000200490606B11F0C7FE03900498A8B92A
:10917000DAF80000818B039881420FD294F83C000A
:10918000C0F3800050B9304613F0F8FA06F0B4F896
:10919000019006F075FA14E624F90408049800B961
:1091A0000FE6BDF92210BDF92000FDF7B4FB4FF426
:1091B000B47190FBF1F201FB120000B20590606AFD
:1091C000029094F83C0000F0030020B1012807D081
:1091D00002281BD10FE0059880B2ADF8080015E019
:1091E0006421059848434FF4B47190FBF1F0C0B28C
:1091F0008DF80A000AE06421059848434FF4B471E1
:1092000090FBF1F0C0B28DF80B0000BF00BF3046FC
:10921000029900F044F848B100221C21304603F0C6
:10922000E3FF8046B8F1010F00D0CAE523E0112D1D
:109230000CD10A9803F0CFFF074647F6FF7206F1FC
:1092400014003968EAF707FC387114E0152D06D1CF
:109250000A98F0F7F5FF0A98F2F71DF80BE0122DC7
:1092600009D10A9803F0B7FF07463878022801D0E1
:109270000120387000BF00BFA3E538B5044600BF29
:1092800000BF254627235A5D2C462623595DA88C0E
:10929000FFF79AFA0090BDF80010084638BD73B584
:1092A0000546BDF80400B0F5B47F0ADDBDF8040042
:1092B0004FF4B47190FBF1F201FB120080B2ADF8F3
:1092C00004009DF80600642802DD64208DF8060085
:1092D0009DF80700642802DD64208DF8070000BFB8
:1092E00000BF2C46A08CBDF8041088420DD126206A
:1092F000005D9DF80610884207D12720005D9DF88B
:109300000710884201D100207CBD01986062284688
:1093100014F06AFC28460CF0FEFA0120F4E770B560
:1093200005460C460CB9002013E0284600F022F94F
:1093300060435030A02190FBF1F0012808DD284661
:1093400000F018F960435030A02190FBF1F000E0EC
:10935000012000B270BD2DE9F04104460F461546CC
:109360001E461C21204608F0F6F92760656020683B
:10937000A060E660BDE8F0811CB504464C212046A3
:1093800008F0E9F94FF4A0702080F02060804FF0E1
:10939000FF30A080E080002020816081206920F0E3
:1093A000080008302061206920F0400020618221FF
:1093B000206961F3D01020614FF47F40002100F458
:1093C0007C4241EA5211C0F3C40211430091BDF83E
:1093D000002011460191BDF80400A0860248E06318
:1093E0002064382060641CBDC9B60208FEB505467D
:1093F0005648EBF709FE044644B900BF1CB900BF4C
:1094000000BF00BFFEE700BF0020FEBDA86B98B9FB
:10941000686C07F0BBFE064600BF1EB900BF00BF68
:1094200000BFFEE700BF0EB90020EEE73146284638
:10943000EA6B9047AE6300BF4FF4AC71204608F072
:109440008AF9256042480768046022461021414895
:1094500011F0D8FD606000BF606818B900BF00BFA0
:1094600000BFFEE700BF606820B9204607F05CFF40
:109470000020CAE7287CC0F3400068B128886988CA
:1094800010FB01F0E968C968884205D9286920F015
:109490000200286100BF00BF00BFFF221146104636
:1094A000FFF786FA0190BDF8041008460290BDF857
:1094B00008006085FF2084F8290011F0F3FC88B9CA
:1094C00000200DF0BDFF029005200DF0B9FF0190C6
:1094D0002148002300902046DDE9011211F082FCB2
:1094E000A06002E011F074FCA060002009F000FB15
:1094F0002061002009F0FCFAE061002009F0F8FA90
:109500002062E0690DF014F9206A0DF011F90221D2
:10951000E06909F027FA0221206A09F023FA002104
:10952000E0690DF046FC0021206A0DF042FC206944
:109530000CF0F1F906480760006808B904480460B7
:10954000606811F080FE20465FE70000F80D0024FF
:10955000180200244D3C0108803405080021C2682F
:109560001161C2685161704701480068704700008E
:109570001802002400B5014611B9FFF7F5FF0146B6
:1095800009B9822000BD08680069C0F3C910F9E775
:1095900001460868C068704700B5014611B9FFF779
:1095A000E3FF014609B9002000BD0868007CC0F354
:1095B0000110012802D0032805D100E000BF08688F
:1095C000B0F90200F0E70868B0F90000ECE710B568
:1095D000044614B9FFF7C8FF04461CB900BF00BF1A
:1095E000002010BD206AFCE710B5044614B9FFF74F
:1095F000BBFF04461CB900BF00BF002010BDE069DE
:10960000FCE7000010B504461CB90448EBF7C9FCA0
:1096100010BD21460148EBF7DCFCF9E7F80D00240A
:1096200010B5044614B9FFF79FFF04461CB900BFEC
:1096300000BF002010BD2069FCE710B5044614B936
:10964000FFF792FF04461CB900BF00BF002010BD09
:109650006069FCE710B5044614B9FFF785FF0446BE
:10966000A06810BD00B5014611B9FFF77DFF0146A6
:1096700009B9002000BD0868007CC0F30110012872
:1096800002D0032805D100E000BF0868B0F900004F
:10969000F0E70868B0F90200ECE770B50546284627
:1096A00009F05AFF044604B970BD2669206920B14B
:1096B00000222521304603F097FD206920B10022C9
:1096C0002621284603F090FD2561206920B1002263
:1096D0002721284603F088FD206920B10022282197
:1096E000304603F081FD28460CF015F900BFDBE79A
:1096F00070B504460D4614B9FFF736FF0446A56061
:10970000606A032812D1E168086809F078FE68B938
:10971000E168486809F073FE40B9E168886809F0BB
:109720006EFE18B9E168086811F03AFB70BD2DE9CA
:10973000FC4705460C4690469946DDE90A67207BC2
:10974000022801DCBDE8FC87608800B9FAE7BE4268
:1097500000D1F7E7CDE900674B464246214628464F
:10976000D5F810C0E04700BFECE73EB50446102135
:10977000204607F0F0FF01206080FF20207300BF2B
:10978000002001460246D508BDF8003065F3040309
:109790008D080093BDF8003065F34A13C5080093A7
:1097A000BDF8003065F3CF230093BDF800502B4681
:1097B0000193BDF8041008460290BDF8080020800F
:1097C0003EBD2DE9FF4F83B081468A461F46DDF836
:1097D0004080139C059806B207F5B470804512D1FD
:1097E000A9EB060000B22080AAEB060000B2608060
:1097F00009EB060000B2A0800AEB060000B2E08090
:1098000007B0BDE8F08FB7F5B47F02DDA7F5B470FF
:1098100087B2B8F5B47F03DDA8F5B4701FFA80F8FD
:1098200011990598401A00B20290129929B1119825
:1098300000EBD0714910491C00E000210DB25A2004
:1098400097FBF0F0C0B201905A2098FBF0F0C0B244
:1098500000900198042801D1032001900098042869
:1098600001D103200090DDE9001088427CD14745FA
:109870007ADC019858BB38B211F068FE029948436F
:109880000AEBE030401B00B2608007F15A0000B2E2
:1098900011F05CFE704309EBE030284400B2A08078
:1098A0000FFA88F011F052FE70430AEBE0302844C2
:1098B00000B2E08008F15A0000B211F047FE0299B0
:1098C000484309EBE030401B00B2208096E101984C
:1098D00001282BD138B211F039FE70430AEBE03089
:1098E000284400B2E08007F15A0000B211F02EFEC9
:1098F0000299484309EBE030284400B2A0800FFAF7
:1099000088F011F023FE029948430AEBE030401B37
:1099100000B2608008F15A0000B211F017FE7043E7
:1099200009EBE030401B00B2208067E1019802287B
:109930002DD107F15A0000B211F008FE704309EB77
:10994000E030401B00B2208038B211F0FFFD0299D8
:1099500048430AEBE030284400B2E0800FFA88F078
:1099600011F0F4FD704300E040E00AEBE030401BF2
:1099700000B2608008F15A0000B211F0E7FD0299D0
:10998000484309EBE030284400B2A08036E101985A
:1099900003289BD107F15A0000B211F0D7FD0299BC
:1099A000484309EBE030401B00B2208038B211F090
:1099B000CDFD70430AEBE030401B00B2608008F13F
:1099C0005A0000B211F0C2FD704309EBE0302844A8
:1099D00000B2A0800FFA88F011F0B8FD0299484358
:1099E0000AEBE030284400B2E08007E10198B8BB00
:1099F0000098012835D108F15A0000B211F0A6FDF7
:109A0000704309EBE030401B00B220800FFA88F071
:109A100011F09CFD834638B211F098FD834504DABD
:109A20000FFA88F011F092FD02E038B211F08EFDCD
:109A3000029948430AEBE030401B00B2608007F116
:109A40005A0000B211F082FD704309EBE030284467
:109A500000B2A0800AEB0600284400B2E080CDE00E
:109A6000FFE7019801283AD10098022837D1A9EBE5
:109A70000600401B00B220800FFA88F011F066FD4E
:109A800070430AEBE030401B00B2608007F15A00DF
:109A900000B211F05BFD834608F15A0000B211F0EC
:109AA00055FD834505DD07F15A0000B211F04EFD6A
:109AB00004E008F15A0000B211F048FD0299484351
:109AC00009EBE030284400B2A08038B211F03EFD2E
:109AD00070430AEBE030284400B2E0808EE0019849
:109AE00002283DD1009803283AD107F15A0000B26C
:109AF00011F02CFD704309EBE030401B00B22080D8
:109B0000AAEB0600401B00B2608008F15A0000B2C8
:109B100011F01CFD704309EBE030284400B2A08036
:109B20000FFA88F011F012FD029900FB01FB38B228
:109B300011F00CFD02994843834506DD0FFA88F0C9
:109B400011F004FD0299484304E038B211F0FEFC24
:109B5000029948430AEBE030284400B2E0804DE02F
:109B6000019803283AD10098B8BB08F15A0000B216
:109B700011F0ECFC834607F15A0000B211F0E6FC4C
:109B8000834505DA08F15A0000B211F0DFFC04E069
:109B900007F15A0000B211F0D9FC0299484309EBD1
:109BA000E030401B00B2208038B211F0CFFC70438F
:109BB0000AEBE030401B00B2608009EB060028444D
:109BC00000B2A0800FFA88F011F0C0FC70430AEBDD
:109BD000E030284400B2E08010E0FFE7A9EB060087
:109BE00000B22080AAEB060000B2608009EB0600FC
:109BF00000B2A0800AEB060000B2E08000BFFFE5E3
:109C00002DE9F04105460E4617469846B8F1000F7B
:109C100008D100BF00BF14A23946284615F017F836
:109C2000BDE8F081F07A022800DCF9E7A86940B1CC
:109C300043463A4631462846D5F818C0E047044620
:109C400006E043463A4631462846EEF7AAFC04466B
:109C50003CB900BF00BF04A23946284614F0F7FF04
:109C6000DEE700BFDCE700004E6F0A64617461004C
:109C70002DE9F84304460D4616461F46DDF82080C0
:109C8000606908B9BDE8F883CDF800803B463246EC
:109C900029462046D4F814C0E04700BFF2E71CB5BF
:109CA00004461821204607F056FD00BF0022114649
:109CB0001046FEF71DFE0090BDF80010084601900A
:109CC000BDF804002081FF20E072401C608001206C
:109CD00020751CBD704700001FB5C0B04198807E44
:109CE000022801DC44B010BD4198006810B900BFE3
:109CF00000BFF7E74098C06910B900BF00BFF1E7A7
:109D0000202238A84199D6F75CFE41980068379028
:109D1000439810B14398007800B9E3E74098806811
:109D200002460D9034A84299E9F77EFD33903398AE
:109D300000B9D7E74198007F32904198C07E3190BA
:109D400000BF9DF8C80008B90120329000BF4198BB
:109D5000407F00F0020020B94298FCF745FD3690A4
:109D60001AE04198407F41F6FF724199B1F9121013
:109D7000CDE9001202904198B0F914000C9041987E
:109D800000680B9002460DA80C9B439911F0CCFC87
:109D9000BDF93400369000BF00BF3798B0F9080015
:109DA00030904198B0F91210309808442F9000205C
:109DB0002E9042980088ADF8B40042984088ADF8E3
:109DC000B60000202C902B904198B0F916002C90F2
:109DD0004198B0F918002B90BDF8B6102B980844A4
:109DE00000B2ADF8B60000202A90401E2990469897
:109DF00040B32B9830BB4298B0F90200002821DA1A
:109E0000469881684298B0F90200081A002806DDD9
:109E1000469881684298B0F90200081A05E0429815
:109E2000B0F9021046988068081A2F994900C1F5C8
:109E30008061884203DD4FF0FF314698016046980B
:109E400000682990469860B12998002809DB299874
:109E50002A90BDF8B61046988088084400B2ADF844
:109E6000B6004198407F0021CDE900104198B0F93B
:109E700014000D902A99439808440C90369803B228
:109E8000DDE90C023799EBF72DFC2A99084428905C
:109E900040E028982A904198407F0021CDE90010A9
:109EA0004198B0F914000D9043992A9808440C90F9
:109EB000369803B2DDE90C023799EBF713FC014643
:109EC000289808442890BDF8B6102F98084400B28E
:109ED000ADF8B6004698C0B1BDF9B60010F5806F78
:109EE00013DB4698006800280FDA46992A98086024
:109EF000BDF9B6104298B0F90200091A46984160BF
:109F00004298B0F90210469881602A994398405CC3
:109F100000B9E7E6BDF9B610309801444098806872
:109F2000B0F902008142B4DB9DF8C800022823D1B9
:109F30004198407F00904198B0F914000D902A9903
:109F40002898401A0C90439808440B90DDE90C13B4
:109F5000379A11F05BFC2E904298FCF745FC2E9945
:109F6000401A0D9000EBD070BDF8B41001EB60000A
:109F700000B2ADF8B40022E09DF8C80003281ED15D
:109F80004198407F00904198B0F914000D902A99B3
:109F90002898401A0C90439808440B90DDE90C1364
:109FA000379A11F033FC2E904298FCF71DFC2E9945
:109FB000401ABDF8B410084400B2ADF8B40041989E
:109FC00040682790419881682691DDE926108842F3
:109FD00006D927980D90269827900D98269000BFB7
:109FE0004198807F00F0010020B94198807F00F007
:109FF0000200E8B123A800F06FFA41988089ADF81B
:10A000008C003798807B18B1379890F90E0000E0EB
:10A010000120ADF88E004198807E8DF89400419823
:10A02000807FC1089DF8950061F301008DF89500CF
:10A03000002022902090FEF7F8FA1E900FA801F061
:10A040000BFA4198008AADF84000BDF9B4000E90BB
:10A05000EAE1BDF8B4102C98084400B2ADF8B400A1
:10A060000020229021902A99439808440D90FCE00A
:10A0700000200C904FF6FF71279888420CD026984C
:10A08000884209D021992A98084401460990EA4A51
:10A090004398126890470C9021AB0AAA0BA90D981F
:10A0A000EBF704FB4198407F00F0010000287BD0D3
:10A0B000E2A000780B99884212D1229820B9219809
:10A0C000209001202290D0E02298012802D1002087
:10A0D000229005E02298022802D100202290C4E0BC
:10A0E0002298012867D10B98202863D1DDE920014F
:10A0F000081A072859D108A8029020990D980844F9
:10A1000003900620049002980190039800900CE0C0
:10A1100000980178019801700198401C0190009806
:10A12000401C00900498401E049004980028EFD131
:10A1300000BF8DF826009DF821000490F9F7B6FACB
:10A1400004469DF820000490F9F7B0FA04EB0010E3
:10A1500007909DF823000490F9F7A8FA04469DF8AB
:10A1600022000490F9F7A2FA04EB001006909DF883
:10A1700025000490F9F79AFA04469DF8240004900B
:10A18000F9F794FA04EB001005900598C0B204901A
:10A190000698C0B203900798C0B20290DDE903129E
:10A1A000FEF7BEFB1F9003E005E0419880891F90F9
:10A1B0000220229059E0419880891E90229802281E
:10A1C00001D11F981E90DDE90A21379803F04DF95F
:10A1D0001D904FF6FF71279888422ED0269888420E
:10A1E0002BD027990C98884227D326990C9888421F
:10A1F00023D2BDF8B400ADF82000BDF8B600ADF82C
:10A200002200BDF8B4101D9801444198808A08448A
:10A21000401E00B2ADF82400BDF8B6102F980844D7
:10A22000401E00B2ADF8260008AA0FA9409801F020
:10A23000F7F84198C0891E9000BFBDF87800ADF8CE
:10A24000EC002DAA38A90B9B409800F01FF91D982F
:10A25000002809DDBDF8B4104198828A1D98104489
:10A26000084400B2ADF8B40000BF2A992898401AFB
:10A27000219988423FF6FCAE4198807F00F00200B1
:10A2800058B30E9800B2ADF8300041980068B0F9AC
:10A290000800099000EBD070BDF8B61001EB60012A
:10A2A000BDF98E000A9000EBD07001EB600000B2A7
:10A2B000ADF83200BDF8B400ADF82C00BDF83200A6
:10A2C000ADF82E00BDF87800ADF88C000BAB0CAAF1
:10A2D00023A9409800F0E9F800BF4198807F00F082
:10A2E000010038B30E9800B2ADF83000BDF8B610DA
:10A2F0004198006800890144419800684089091A22
:10A30000379890F90D00081A00B2ADF83200BDF888
:10A31000B400ADF82C00BDF83200ADF82E00BDF849
:10A320007800ADF88C000BAB0CAA23A9409800F084
:10A33000BCF800BF28982A904198407F0021CDE9C1
:10A3400000104198B0F914000C9043992A980844E1
:10A350000B90369803B2DDE90B023799EBF7C2F99F
:10A36000014628980844289042980088ADF8B40027
:10A370009DF8C800022823D14198407F0090419861
:10A38000B0F914000C902A992898401A0B90439821
:10A3900008440A90DDE90B13379A11F037FA2E9032
:10A3A0004298FCF721FA2E99401A0C9000EBD070DD
:10A3B000BDF8B41001EB600000B2ADF8B40022E0CB
:10A3C0009DF8C80003281ED14198407F0090419815
:10A3D000B0F914000C902A992898401A0B904398D1
:10A3E00008440A90DDE90B13379A11F00FFA2E900A
:10A3F0004298FCF7F9F92E99401ABDF8B4100844B8
:10A4000000B2ADF8B400BDF8B6102F98084400B201
:10A41000ADF8B600BDF9B61040988068B0F90600F6
:10A42000814200DD5EE400BF2A994398405C002829
:10A430007FF40FAE00BF55E4880200242300000023
:10A4400038B504462021204607F085F9FF20A07684
:10A45000FEF7EBF80090BDF80000A0810A482060EC
:10A460004FF6FF706060A060FEF7DFF80090BDF867
:10A470000000E08105200CF0E3FF0090BDF8000033
:10A4800020820020E07638BD803405082DE9F041B7
:10A4900004460D4616461F463B4632462946204690
:10A4A000D4F81CC0E047BDE8F0812DE9F041054635
:10A4B0000C4616461F46608808B9BDE8F081207A30
:10A4C000022800DCF9E73B46324621462846D5F80B
:10A4D00020C0E04700BFF0E73EB504460A21204611
:10A4E00007F039F901206080FF20207200BF0020B2
:10A4F00001460246D508BDF8003065F304038D0817
:10A500000093BDF8003065F34A13C5080093BDF809
:10A51000003065F3CF230093BDF800502B46019324
:10A52000BDF8041008460290BDF8080020803EBD2A
:10A5300002460B46002106E00C4850F8310000B9F5
:10A5400003E0481CC1B21029F6DB00BF102904DB70
:10A5500000BF00BF4FF0FF307047044840F8312083
:10A5600000EBC10043600846F6E70000680F0024D6
:10A570002DE9F04F87B081468A4616461D46109C4D
:10A58000B4F90A00301A0690B4F90800AAEB0000EA
:10A590000590B4F90C00B4287EDAB4F90E00B428A2
:10A5A000FADAA089002877D0E0890028FBD0B4F936
:10A5B0000C10B4F90E0081426EDDB4F90A00B0420D
:10A5C00003DD012007B0BDE8F08F606D06994843B8
:10A5D00080120490A16A0698401C41434FEAA128CA
:10A5E000B4F90C00B0F5877F0ADDB4F90C00B0F5C2
:10A5F000B47F05DAB8F1000F02DA4FF000081BE073
:10A60000B4F90C00002809DDB4F90C005A2805DC67
:10A61000B8F1000F02DA4FF000080DE0B4F90C00B9
:10A620005A2809DDB4F90C00B0F5877F04DAB8F1D7
:10A63000000F01DD4FF00008B4F90E00B0F5877F80
:10A640000ADDB4F90E00B0F5B47F05DAB8F1000FF9
:10A6500002DA4FF000081BE0B4F90E00002809DD13
:10A66000B4F90E005A2805DCB8F1000F02DA4FF0F9
:10A6700000080DE0B4F90E005A2809DDB4F90E0007
:10A68000B0F5877F04DAB8F1000F01DD4FF0000864
:10A690000498A0EB080000E042E0401003904FF067
:10A6A000010B01200290039808EB000105980F1A96
:10A6B000AF4200DD2F46002F10DD04F110003BB249
:10A6C000324651460090484600F076FA8346BBF188
:10A6D000000F03D13946484607F03DF8AF4200DD90
:10A6E0002F46002F00DA002704F13C00EA1B13B2CA
:10A6F0000AEB070211B2009009EB0700324600F0A6
:10A700005BFA0290029820B9E91B09EB070007F0F9
:10A7100022F80298834501D1584653E7022051E7B9
:10A72000B4F90C00B4287DDDB4F90E00B428FADDCC
:10A73000B4F90C10B4F90E008142F4DDB4F90A004A
:10A74000B04201DA01203DE7606D0699484380126E
:10A750000490A16A0698401C41434FEAA128B4F92D
:10A760000C00B0F5877F0ADDB4F90C00B0F5B47FBA
:10A7700005DAB8F1000F02DA4FF000081BE0B4F977
:10A780000C00002809DDB4F90C005A2805DCB8F1EA
:10A79000000F02DA4FF000080DE0B4F90C005A285F
:10A7A00009DDB4F90C00B0F5877F04DAB8F1000FC9
:10A7B00001DD4FF00008B4F90E00B0F5877F0ADD27
:10A7C000B4F90E00B0F5B47F05DAB8F1000F02DA83
:10A7D0004FF000081BE0B4F90E00002809DDB4F9C1
:10A7E0000E005A2805DCB8F1000F02DA4FF000081D
:10A7F0000DE0B4F90E005A2809DDB4F90E00B0F5E9
:10A80000877F04DAB8F1000F01DD4FF000080498EB
:10A81000A0EB0800401003904FF0010B01200290C4
:10A82000039800E03BE008EB000105980F1AAF42E7
:10A8300000DD2F46002F10DD04F13C003BB2324614
:10A8400051460090484600F0B7F98346BBF1000F2F
:10A8500003D13946484606F07EFFAF4200DD2F4661
:10A86000002F00DA002704F11000EA1B13B20AEBF4
:10A87000070211B2009009EB0700324600F09CF984
:10A880000290029820B9E91B09EB070006F063FF6C
:10A890000298834501D1584694E6022092E60127AA
:10A8A000B846B4F90C00B42806D1B4F90A00B04295
:10A8B00000DD27E0032725E0A08938B9B4F90A00B4
:10A8C000B04201DD03271DE001271BE0B4F90C00B5
:10A8D000B42803DAB4F90A00B04207DCB4F90C007A
:10A8E000B42805DDB4F90A00B04201DC032709E011
:10A8F00004F110002B46324651460090484600F0C5
:10A900005BF90746B4F90E00B42809D1B4F90A007E
:10A91000B04202DD4FF003082BE04FF0010828E0C1
:10A92000E08948B9B4F90A00B04202DD4FF00108ED
:10A930001FE04FF003081CE0B4F90E00B42803DA5E
:10A94000B4F90A00B04207DCB4F90E00B42806DD01
:10A95000B4F90A00B04202DC4FF0030809E004F148
:10A960003C002B46324651460090484600F024F900
:10A97000804617B1B8F1000F01D1002022E6032F65
:10A9800004D1B8F1030F01D100201BE6012F04D13F
:10A99000B8F1010F01D1012014E6022012E60000F7
:10A9A0002DE9F84F0646894692461C460A9D002C22
:10A9B00001DA002404E0B4F5B47F01DB40F267144F
:10A9C000002D01DA002504E0B5F5B47F01DB40F28B
:10A9D0006715A54205DAC4F5B4702844A6F86800E6
:10A9E00007E0281B002801DD281B00E0601BA6F8FB
:10A9F0006800B481F581A6F80890A6F80AA0264858
:10AA000030600120307100BF002C02DBB4F5B47F50
:10AA100003DD00BF00BF00BFFEE700BF002C03DB6B
:10AA2000B42C01DA002707E0B42C04DBB4F5B47FC2
:10AA300001DA012700E0012700BF002D02DBB4F599
:10AA4000B47F03DD00BF00BF00BFFEE700BF002DE5
:10AA500004DBB42D02DA4FF0010809E0B42D05DB68
:10AA6000B5F5B47F02DA4FF0000801E04FF00108BD
:10AA700023465246494606F11000009700F032F98D
:10AA80002B465246494606F13C00CDF8008000F0C6
:10AA900029F9BDE8F88F000071A502082DE9F84FEB
:10AAA0000746884691469A464FF0000B104C15E039
:10AAB000256801262068009053464A46414638469C
:10AAC000D5F800C0E047064616B90020BDE8F88F6B
:10AAD000022E01D14FF0010B083400BF206800287E
:10AAE000E6D1BBF1000F01D00220EFE70120EDE736
:10AAF000680F002470B5044626463079022814D128
:10AB00002546686980B168690069002807DA6969C3
:10AB1000486806F009FC686906F006FC04E068690C
:10AB20004069401E6969486107E03079052804D111
:10AB30002546A86806F0F8FB00BF70BD2DE9F0417E
:10AB400006463EB91B48006810B10120BDE8F081FF
:10AB50000020FBE7002428E0164850F8347007B9BD
:10AB600021E0387902281BD1124850F83450A87CD3
:10AB700000F0010048B1B5F9102005F10801304698
:10AB8000E8F70EFF58B90120E0E7B5F9102005F10C
:10AB900008013046E8F789FE08B90120D6E701E050
:10ABA0000120D3E700BF601CC4B2102CD4DB00200E
:10ABB000CCE70000680F00242DE9F84F82460D46CF
:10ABC00090461E460A9CA08AA8EB00000FFA80F867
:10ABD000608A281A05B2206A00286BD194F82800F0
:10ABE00000F0010010B3207C00F0030020B1207CB5
:10ABF00000F00300012802D10120BDE8F88F207C7D
:10AC000000F00300022805D108F10100002801DA54
:10AC10000120F2E7207C00F00300032804D1B8F102
:10AC2000000F01DD0120E8E70020E6E7207C00F0CE
:10AC30000300022804D0207C00F00300032801D187
:10AC40000120DAE7207C00F00300012802D1002D6A
:10AC500000DDD2E7207C00F00300A0B9A81900288D
:10AC600001DA0120C9E76F42002F01DA0020C4E7B2
:10AC7000002F06DBB74204DAF11B0AEB070006F0EF
:10AC80006AFD0220B9E7A819002801DA0020B4E71C
:10AC90006F42002F00DA0027B74201DB0020ACE74B
:10ACA000002F05DBB74203DA3946504606F053FD64
:10ACB0000220A2E794F8280000F0010040B13346DA
:10ACC0004246294650460094FAF764FB814607E065
:10ACD00033464246294650460094FAF74CFC8146DA
:10ACE00048468AE72DE9FC4781460D4616461C4634
:10ACF000DDF828A0B42C02DDA4F1B40004B204F104
:10AD00005A0000B210F022FC05EB6017204610F04C
:10AD10001DFC06EB60180FFA88F03BB2324629465C
:10AD2000CDE9000A484600F003F8BDE8FC870000C2
:10AD30002DE9F05F04460F4615469846DDE90A6B9B
:10AD40002C21204606F007FDB54206D1BBF1030FCA
:10AD500003D1681E05B2701E06B2B54206DD40463C
:10AD6000B846074630462E46054600BF2781658116
:10AD7000A4F80C80E68184F810B06782A582A8EB65
:10AD80000700002802DDA8EB070001E0A7EB0800A0
:10AD9000711B002901DD711B00E0A91B884201DD48
:10ADA000012000E0002094F8281060F3000184F8EE
:10ADB00028100020E061A061474820600020207139
:10ADC000A8EB0709A6EB050A94F8280000F001009B
:10ADD000C0B1B9F1000F07D04FF4801191FBF9F029
:10ADE00000FB0AF18912E161BAF1000F07D04FF4BC
:10ADF000801191FBFAF000FB09F18912A161E16970
:10AE0000216218E0BAF1000F07D04FF4801191FBD6
:10AE1000FAF000FB09F18912A161B9F1000F07D026
:10AE20004FF4801191FBF9F000FB0AF18912E16106
:10AE3000A169216200BF207C00F0030030B994F8C2
:10AE4000280020F0020084F8280039E0207C00F07F
:10AE50000300012807D194F8280020F00200801C8C
:10AE600084F828002CE0207C00F00300022811D197
:10AE7000206A002807DD94F8280020F00200801CDA
:10AE800084F828001CE094F8280020F0020084F8E0
:10AE9000280015E0207C00F00300032810D1206A70
:10AEA000002806DD94F8280020F0020084F828002D
:10AEB00006E094F8280020F00200801C84F82800A6
:10AEC000206A80106062206A002802DA606A4042CC
:10AED0006062BDE8F09F0000B9AB02082DE9F04FB9
:10AEE0008DB080468B4691461D461698807C00F0BA
:10AEF00001000C901698B0F910000B9016990831CB
:10AF000009A8FBF79CFB0C9858B9BDF926004845E9
:10AF100003DCBDF92A0048450DDA00200DB0BDE87C
:10AF2000F08FBDF92600484503DCBDF92A004845ED
:10AF300001DA0120F2E7BDF924100B9808445845C6
:10AF400007DC0BEB0501BDF928200B98101A814294
:10AF50000BDDBDF926100B980844484559DCBDF9B6
:10AF60002A100B98081A484553DB0C9858BBBDF9BA
:10AF70002400A0EB0B0001900198A84201DD002005
:10AF8000CCE70198002803DB4046019906F0E3FB7B
:10AF9000BDF92800A0EB0B0000F1010ABAF1000F87
:10AFA00001DC0020BAE7AA4505DAA5EB0A0108EBA7
:10AFB0000A0006F0D0FB019818B9AA4501D101207A
:10AFC000ACE70220AAE7BDF92400A0EB0B0ABAF116
:10AFD000000F01DA4FF0000AAA4517DCBDF928007E
:10AFE000A0EB0B00A0EB0A00401C0190019850441C
:10AFF000A84202DDA5EB0A0001900198002804DBBD
:10B0000008EB0A00019906F0A6FB00BF00BF022072
:10B0100084E7BDF92400A0EB0B00089009A8FBF71A
:10B02000EAFB079009A8FBF75EFB0690BDF8240039
:10B03000ABEB00000FFA80FBBDF82600A9EB000087
:10B040000FFA80F90B98814506DA0B98A0EB0900FE
:10B05000401E00B2039006E00B990698401AA9EB37
:10B06000000000B20390169904AB05AA4869039941
:10B07000F7F728FE0290DDE9071001440B98081A43
:10B08000BDF81010084406B20B9908980844BDF8A2
:10B090001010401A401E07B20C98002863D10024FB
:10B0A00025E0BDF91400001B401E029911F800A014
:10B0B000301900280BDB3019A84208DA301918F8CB
:10B0C0000010504611F08DF9311908F80100381BB5
:10B0D0000BD4381BA84208DA381B18F80010504669
:10B0E00011F07FF9391B08F80100601C04B2BDF9AA
:10B0F00014008442D5DB3019A84201DA301900E08F
:10B100002846002801DA002005E03019A84201DABB
:10B11000301900E0284606B2A91B08EB060006F02D
:10B120001AFBBDF91400381A401CA84204DABDF914
:10B130001400381A401C00E02846002801DA0020DC
:10B140000BE0BDF91400381A401CA84204DABDF91E
:10B150001400381A401C00E0284607B23946404621
:10B1600006F0F9FA5FE0002427E0BDF91400401E64
:10B17000011B0298405CC0F1FF00009030190028CC
:10B180000BDB3019A84208DA301918F800100098C3
:10B1900011F027F9311908F80100381B0BD4381BBE
:10B1A000A84208DA381B18F80010009811F019F9B5
:10B1B000391B08F80100601C04B2BDF91400844278
:10B1C000D3DB781CA84200DA00E02846002801DA28
:10B1D000002004E0781CA84200DA00E028460FFABC
:10B1E00080FAA6EB0A00A5EB0A01884202DAA6EB78
:10B1F0000A0001E0A5EB0A00002801DA00200AE0BD
:10B20000A6EB0A00A5EB0A01884202DAA6EB0A00C7
:10B2100001E0A5EB0A0000B2019008EB0A000199D9
:10B2200006F099FA00BF022078E600002DE9F84FF9
:10B2300007468846154699464046FBF7DCFA8346A2
:10B240004046FBF750FA00900098834501DA5846D3
:10B2500000E000988246B5EB6A0F02DD4FEA6A0013
:10B2600005B2002D00DA0025414607F10800FBF782
:10B27000E6F93D8287F81290514838600220387113
:10B280001DB900207861BDE8F88F002440E0C4EBD0
:10B29000C4004C4901EB8000B0F91800A84236D137
:10B2A000C4EBC40001EB80004069401CC4EBC40146
:10B2B000444A02EB81014861C4EBC400114601EB32
:10B2C00080000169102D01DA012000E028110844F6
:10B2D000B0F57A7F0CDAC4EBC4003A4901EB800088
:10B2E0000169102D01DA012000E02811084401E075
:10B2F0004FF47A70C4EBC401324A02EB8101086159
:10B30000C4EBC400114601EB80007861BBE7641C0C
:10B31000042CBCD3002600241BE0C4EBC400294944
:10B3200001EB8000406998B926B9C4EBC40001EB79
:10B3300080060DE0C4EBC400224901EB80000069E7
:10B340003169884204DAC4EBC4001E4901EB80066F
:10B35000641C042CE1D396B91C2005F017FF0646A7
:10B3600000BF1EB900BF00BF00BFFEE700BF1C2129
:10B37000304606F0F0F94FF0FF30306119E07069A7
:10B38000401C7061002030613169102D01DA01200C
:10B3900000E028110844B0F57A7F07DA3169102DF2
:10B3A00001DA012000E02811084401E04FF47A702E
:10B3B00030617E6129467869ECF756FD00BF62E78F
:10B3C000DDAE0208F80E002470B505460026002404
:10B3D0000DE0094800EBC4004068A84205D10648CA
:10B3E00050F83460204600F009F8601CC4B2102CFC
:10B3F000EFDB304670BD0000680F002401460020DE
:10B400004A1C4AB1054A52F831000022034B43F866
:10B41000312003EBC1035A6070470000680F00241D
:10B4200070B505460E46144600BFE0886188401A94
:10B43000401C00B2012807DB00BFA0882188401A09
:10B44000401C00B2012800DA70BD22463146284671
:10B45000EB68984700BFF7E738B504463821204627
:10B4600006F079F9FDF74CFC0090BDF80000A080D3
:10B47000FDF746FC0090BDF80000E080FDF7E0F825
:10B480000090A01DBDF800106181FF2121730221F1
:10B49000A173FDF7D5F80090BDF800000C34608270
:10B4A000FDF7CEF80090BDF8000020840848A060A9
:10B4B000FF2004F8090CA073A077A07584F82A0077
:10B4C000E07D20F03E001E30E0750C3C38BD0000F1
:10B4D000803405082DE9FF4705460C46AA6802A8F6
:10B4E0002168E8F7A1F908B9BDE8FF874FF0000827
:10B4F000E068002867D1607E002864D102A8FBF7CD
:10B5000046F964285FD96868FBF77CF90646D5F8E8
:10B510000090BDF908006968B1F90010401ABDF942
:10B520000A106A68B2F90220891A06FB010009EBC9
:10B530004009676877B32146284600F0EAFA206898
:10B54000FBF760F98246BDF908002168B1F90010E7
:10B55000401ABDF90A102268B2F90220891A0AFBC2
:10B56000010007EB400768684088404202B2686803
:10B570000088404201B202A8FBF7A9F9207E3B46B1
:10B58000324602A9CDE900A0484600F04BF84FF042
:10B59000010817E0207EFD2814DB686840884042DF
:10B5A00002B268680088404201B202A8FBF78FF936
:10B5B0002089034602AA31460190484600F00CF863
:10B5C0004FF0010800BFB8F1000F03D12146284613
:10B5D00000F09FFA00BF87E72DE9FF4104460D46C2
:10B5E00016463046FBF70EF907463046FBF782F861
:10B5F0008046F9F7B3FA4FF440300949086008462D
:10B60000C463BDF80C008863E81B086448EA07407F
:10B6100048640846006840F001000860BDE8FF810A
:10B62000001000522DE9F05F0646894617461D4678
:10B63000DDE90A8A4846FBF7E5F804464846FBF789
:10B6400059F88346F9F78AFABAF1FD0F16DB0020A4
:10B650001C4908600220C8610846C560A8EB0400C8
:10B6600008610846C663381B08644BEA0440486416
:10B670000846006840F00100086020E04FF4003008
:10B68000104908600220486208464661381B8861FC
:10B690004FF0021040EA0A60C8610846C560A8EB96
:10B6A000040008610846C563A8EB040008644BEA7F
:10B6B000044048640846006840F001000860BDE8A6
:10B6C000F09F00000010005270B506460C4621465F
:10B6D000304600F083FD2546024868630248E86270
:10B6E00070BD0000D5B40208A5D8020808B5084806
:10B6F000006840F0100006490860BFF34F8F04480F
:10B70000001D0068009000BF02200249486308BD88
:10B71000D4440258001000522DE9F04FC9B08146C0
:10B720000D4614469846539F529E287B022802DC01
:10B7300049B0BDE8F08F688800B9F9E7BE4200D192
:10B74000F6E7B5F902A0C24501DD0FFA88FA3BA879
:10B75000FFF782FE687B00F003008DF8EE00A8681A
:10B7600040B100208DF8EF00A8683F90287B8DF84D
:10B77000060105E0287B8DF8EF002888ADF8F00081
:10B780002088A0EB080000B2ADF8E4006088A0EBD0
:10B79000080000B2ADF8E60020884044401E00B228
:10B7A000ADF8E80060884044401E00B2ADF8EA0001
:10B7B00000BFBDF8E400ADF8DC00BDF8E600ADF870
:10B7C000DE00BDF8E800ADF8E000BDF8EA00ADF835
:10B7D000E20000BFBDF8DC006988084400B2ADF8A3
:10B7E000DC00BDF8DE006988084400B2ADF8DE0078
:10B7F000BDF8E0006988401A00B2ADF8E000BDF87D
:10B80000E2006988401A00B2ADF8E2004FF0FF3B59
:10B8100000BFBDF8E000BDF8DC10401A401C00B2CB
:10B82000002815DD00BFBDF8E200BDF8DE10401AAB
:10B83000401C00B200280BDD012347F6FF7237A938
:10B8400031A8FFF7F3FC002131A8FEF771FE834613
:10B85000002347F6FF7239A92BA8FFF7E7FC002168
:10B860002BA8FEF765FE2A9006F5B470B84203D007
:10B8700007F5B470864218D147F6FF70ADF8EC00BA
:10B8800039AA3BA94846FFF7CBFD2A98FFF7B6FD3A
:10B890000BF1010010B15846FFF7B0FD2BA8FFF7E0
:10B8A00029F931A8FFF726F942E702E0A6F5B470BE
:10B8B00086B2B6F5B47FF9DA02E0A7F5B47087B2C4
:10B8C000B7F5B47FF9DA38B20090B4F90220B4F9D0
:10B8D000001033B20FA8FFF763F800210FA8FEF79E
:10B8E00027FE0E90B74204DDB81BC0F5B4700D9072
:10B8F00001E0F01B0D90D9F808000C900D983C2841
:10B900002EDDB8F10A0F2BDD05940FFA88F0ADF8A3
:10B910001800ADF81A60ADF81C705A2096FBF0F0D4
:10B9200000F00300ADF81E005A2097FBF0F000F085
:10B930000300ADF82000ADF822A03BA8099039A87B
:10B940000A90CDF82C9005A8F2F779F805A8F2F73F
:10B950009AF905A8F2F7C0FA05A8F2F7EBFB04E0A4
:10B9600039AA3BA94846FFF75BFD0FA8FFF7C2F8CD
:10B970002BA8FFF7BFF831A8FFF7BCF80E98FFF728
:10B980003DFD2A98FFF73AFD0BF1010010B1584632
:10B99000FFF734FD687BC0F3800000287ED00AF0FA
:10B9A000FF0204AB0FFA88F130B2F7F7DBFABDF80B
:10B9B00010002188084400B2ADF81000BDF8140052
:10B9C0002188084400B2ADF81400BDF81200618867
:10B9D000084400B2ADF81200BDF8160061880844B2
:10B9E00000B2ADF8160004AA02A80C99E7F71CFFF4
:10B9F000D0B1002347F6FF7204A906A8FFF716FC92
:10BA0000002106A8FEF794FD019002A8C9F80800DD
:10BA100039AA3BA94846FFF703FD0198FFF7EEFC62
:10BA200006A8FFF767F800BF0AF0FF0204AB0FFAA1
:10BA300088F138B2F7F796FABDF81000218808446B
:10BA400000B2ADF81000BDF814002188084400B21F
:10BA5000ADF81400BDF812006188084400B2ADF8DA
:10BA60001200BDF816006188084400B2ADF8160057
:10BA700004AA02A80C99E7F7D7FEE0B1002347F625
:10BA8000FF7204A906A8FFF7D1FB002106A8FEF764
:10BA90004FFD019002A8C9F8080000E00FE039AAA4
:10BAA0003BA94846FFF7BCFC0198FFF7A7FC06A896
:10BAB000FFF720F800BF0C98C9F8080000BF00BFCE
:10BAC00036E670B504460D461646324629462046EF
:10BAD000ECF7A0FF324629462046EDF790F970BDFD
:10BAE0007CB504460D46287E022800DC7CBDA26899
:10BAF00068462968E7F798FE00B9F7E7E06A10B1F1
:10BB00002046E16A884729462046626B904700BF7D
:10BB1000ECE72DE9F04F89B007460C46E06800B924
:10BB20000026E06820B1207C10B909B0BDE8F08F94
:10BB3000207C012801D1002600E0E6687868FAF749
:10BB400068FE8346BA6807A82168E7F76DFE00B96A
:10BB5000EBE7E9F75FFD814638680690D9F8000009
:10BB6000C06988B9BDF91C007968B1F90010401AA4
:10BB7000BDF91E107A68B2F90220891A0BFB010187
:10BB8000069800EB41000690D4F804A0BAF1000F2B
:10BB900014D02068FAF73DFE8046BDF91C002168EC
:10BBA000B1F90010411ABDF91E002268B2F9022055
:10BBB000821A08FB02100AEB400A01E04FF000086D
:10BBC0009EB16069FAF725FE05466069B0F900008C
:10BBD000BDF91C10411A6069B0F90200BDF91E20C0
:10BBE000821A05FB0210064400E0002578684088B0
:10BBF000404202B278680088404201B207A8FAF7D2
:10BC000066FED9F80000C069D0B1606860B9207ED6
:10BC1000CDE901650090208903465A4607A90590A1
:10BC20000698F5F798FB46E0207E53465A4607A94A
:10BC3000CDE90080CDE90265069810F032FB3AE0CC
:10BC40006068E8B9607E60B9207ECDE9016500904A
:10BC5000208903465A4607A905900698F5F7D6F9B4
:10BC600029E0607E217ECDE9016500910390208965
:10BC700003465A4607A905900698F5F715F91AE004
:10BC8000607E58B9207E53465A4607A9CDE9008008
:10BC9000CDE90265069810F05DF90CE0607E217E2A
:10BCA00053465A46CDE90081CDE90265049007A9C3
:10BCB000069810F0C5F800BF37E72DE9FF4FB1B087
:10BCC0000C461746DDF8F880319988680188ADF890
:10BCD000BC104188ADF8BE108188ADF8C010C18895
:10BCE000ADF8C21000BF2FA8FEF728FF2E901C2130
:10BCF00027A805F030FDE07A8DF8B400207B00F035
:10BD00000F008DF8B5002E9890B9208880B9608812
:10BD1000B0F5807F0CD1B8F1040F09D1A07A38B901
:10BD200027973498289027A93198FFF7D9FE51E238
:10BD3000B8F1050F01D1032000E00220814638460A
:10BD4000FAF76EFD26904FF47F40002100F47C420C
:10BD500041EA5211C0F3C40211431F91BDF87C2087
:10BD60001146249100252FA8FAF7D2FC23902FA882
:10BD7000FAF756FD8346BDF8BC00ADF88400BDF867
:10BD8000C000ADF88800BDF8BE00ADF88600BDF873
:10BD90008600ADF88A0021A82790208818B960880D
:10BDA000B0F5807F01D0012000E0002020902E9887
:10BDB00000287ED120980028FBD1B8F1050FF8D1DA
:10BDC000A07A0028F5D1E9F725FC1990FDF7E4FBEE
:10BDD0001F902FA8FAF7DBFC1F99884201D91F9802
:10BDE00002E02FA8FAF7D3FC1E901E99480005F038
:10BDF00007FA1D901E9805F003FA1C901C982A90D3
:10BE000021A82C9002208DF8AC001D982890349E1B
:10BE1000BDF9BE00B7F90210401A2699484300FB4D
:10BE20000966BDF9BC00B7F90010401A00FB0966AD
:10BE300000201A903BE0B24600201B9013E09AF8D5
:10BE400002001C99485548B19AF800109AF8012050
:10BE500001EB02218AB21D9921F815201B98401C84
:10BE60001B90CA446D1C1B985845E8DB269800FBC4
:10BE7000096605EB0B011E98814206D8BDF88A00C1
:10BE8000401C00B2ADF88A000EE027A93198FFF7F8
:10BE900027FEBDF88A00401C00B2ADF88600BDF850
:10BEA0008600ADF88A0000251A98401C1A90239944
:10BEB00000E019E01A988842BDDBBDF98600BDF9A3
:10BEC0008A10884209D0BDF88A00401E00B2ADF841
:10BED0008A0027A93198FFF703FE1C9805F00CFA99
:10BEE0001D9805F009FA74E1E9F794FB0290FDF75B
:10BEF00053FB1F902FA8FAF74AFC1F99884201D9DB
:10BF00001F9802E02FA8FAF742FC1E901E994800E5
:10BF100005F076F91D901E9805F072F906462A96EE
:10BF200021A82C9002208DF8AC001D9828900020AC
:10BF30001C904C2109A805F00EFC209828B32088FD
:10BF400000B2ADF830006088ADF832003498099046
:10BF5000269800B2ADF828003846FAF7D9FBADF8BC
:10BF60002A008DF83680A088ADF82C00E088ADF866
:10BF70002E002089ADF83400207D00F001008DF8FE
:10BF8000370009A8E8F7A2FC15E034981C90BDF929
:10BF9000BE00B7F90210411A269841431C9801FBD4
:10BFA00009001C90BDF9BC00B7F90010411A1C989B
:10BFB00001FB09001C90002007900890A07AC0F1B6
:10BFC000FF000690A07AC8B122890292A07A07A940
:10BFD000BDF80820D20A12FB00F20A80BDF8082042
:10BFE000C2F3451212FB00F24A80BDF8082002F0AD
:10BFF0001F0212FB00F28A8000BF00BFB8F1040FDD
:10C0000005D1208818B96088B0F5807F01D0022062
:10C0100000E001208DF8AC002E9818B130461E9932
:10C0200005F0D0FBBDF98600B7F90210401A039065
:10C0300000200490B1E0DDF870A00295BDF9840005
:10C04000B7F90010401A0190002005904BE02098AD
:10C05000B8B1DDE90303184402B2059B0198184406
:10C0600001B209A8E8F7A7F90090009810B90020DC
:10C07000705533E009A8807D7055BDF838002590D3
:10C080001EE0B8F1050F05D19AF80200705500B90D
:10C0900024E001E0FF2070559AF800009AF80110A2
:10C0A00000EB012080B22590B8F1060F08D1BDF851
:10C0B0009400BDF89010884202D1002070550DE028
:10C0C000A07A28B107A8069A2599FCF7A2FD259029
:10C0D000BDF894101D9820F8151000BF0598401C5D
:10C0E00005906D1CCA4405985845B0DB2E98E8B100
:10C0F000BDF8BEC0049B63441AB2BDF98410029B14
:10C10000F0185B46FEF7CAFC0090009840B902990F
:10C110007018594605F01FFB02208DF8AC0004E0B2
:10C120000098022801D18DF8AC0000BF26991C9818
:10C1300001FB09001C9005EB0B011E98814206D201
:10C14000BDF88A00401C00B2ADF88A0022E027A9A1
:10C150003198FFF7C5FCBDF88A00401C00B2ADF86D
:10C160008600BDF88600ADF88A000025B8F1040FFE
:10C1700005D1208818B96088B0F5807F01D00220F1
:10C1800000E001208DF8AC002E9818B130461E99C1
:10C1900005F018FB0498401C0490239904988842E9
:10C1A000FFF649AFBDF98600BDF98A10884209D073
:10C1B000BDF88A00401E00B2ADF88A0027A9319868
:10C1C000FFF78EFC304605F097F81D9805F094F8BF
:10C1D00000BF00BF35B0BDE8F08F000070B5064667
:10C1E0000C4625463821284605F0B5FA094828614D
:10C1F0000948E8600948A8620948E8610948686197
:10C2000009482862094868620948E8620948686381
:10C2100070BD000019B70208C9C80208C3BA0208F5
:10C2200039C20208BBBC020831C3020835C5020886
:10C2300005C9020813BB02082DE9F04387B0054683
:10C240000E4690461C460023224603A9306801F0A2
:10C250007AF88146B9F1000F0ED1202C09D34FF6A0
:10C26000FF00844205D042F20C00844201D000BF9E
:10C2700000BF07B0BDE8F083BDF8140010B1BDF8F1
:10C28000120000B9F5E7B8F80000BDF81610084430
:10C2900000B2ADF808003068008931684989401A59
:10C2A000B8F802100844BDF81410401ABDF8181070
:10C2B000401A00B2ADF80A00BDF90800BDF812102E
:10C2C0000844A968B1F90010884217DBBDF90800DD
:10C2D000A968B1F90410884210DCBDF90A00BDF864
:10C2E00014100844A968B1F90210884206DBBDF9B0
:10C2F0000A00A968B1F90610884200DDB9E72146B5
:10C30000039801F011F8074617B900BF00BFB0E766
:10C310000398007B00F0030008B100BF06E003AB08
:10C3200002AA314628460097EFF77AF900BFA0E746
:10C330002DE9F04F93B080460E4614461D46708896
:10C3400010B913B0BDE8F08F307A022800DCF8E7AE
:10C35000B4F90000B5F90010884206D1B4F9020022
:10C36000B5F90210884200D1EBE7B4F90010B5F935
:10C370000020914202DAB4F9001001E0B5F9001092
:10C38000B6F9020000EBD072A1EB620109B2ADF880
:10C390004410B4F90010B5F90020914202DDB4F95F
:10C3A000001001E0B5F90010B6F9020000EBD07200
:10C3B00001EB620109B2ADF84810B4F90210B5F909
:10C3C0000220914202DAB4F9021001E0B5F902103C
:10C3D000B6F9020000EBD072A1EB620109B2ADF830
:10C3E0004610B4F90210B5F90220914202DDB4F909
:10C3F000021001E0B5F90210B6F9020000EBD072AC
:10C4000001EB620109B2ADF84A1011A911A8D8F8E0
:10C410000820E7F709FA8246BAF1000F00D190E749
:10C42000D8F808B011A8C8F80800B4F90200B5F9A6
:10C430000210884206D12B46224631464046EFF78D
:10C44000CDFA12E0B4F90000B5F90010884206D127
:10C450002B46224631464046EFF7DAFD05E02B46F3
:10C46000224631464046EFF7A5FB707AC0F3C00084
:10C4700020B9707AC0F38000002857D003A8FEF7D7
:10C48000EBFF3088ADF8100047F6FF70ADF80C00F8
:10C49000307A8DF80F00B6F902004710B07800F03E
:10C4A000010080F00109707AC0F38000E0B12088BB
:10C4B000C01B00B2ADF804006088C01B00B2ADF82C
:10C4C000060020883844A0EB090000B2ADF808004F
:10C4D00060883844A0EB090000B2ADF80A0001AA58
:10C4E00003A94046FEF79CFF707AC0F3C000E0B19C
:10C4F0002888C01B00B2ADF804006888C01B00B2D9
:10C50000ADF8060028883844A0EB090000B2ADF869
:10C51000080068883844A0EB090000B2ADF80A00B2
:10C5200001AA03A94046FEF77BFF00BFC8F808B088
:10C5300000BF06E72DE9FF4F93B090461E46032E3D
:10C5400002DA17B0BDE8F08FB8F1000F00D1F8E7BC
:10C55000B00004F055FE044604B9F2E70020129042
:10C56000D8F80000206000251EE038F92510681C6E
:10C5700038F9200081420AD108EB8500B0F9021099
:10C58000681C08EB8000B0F9020081420AD01298C2
:10C5900004EB800008EB8501096801601298401CDB
:10C5A00080B21290681C85B2701EA842DDDCB8F91A
:10C5B000001038F92000814208D1B8F90210701E2D
:10C5C00008EB8000B0F9020081420BD0129804EB16
:10C5D0008001701E08EB8000006808601298401C03
:10C5E00080B21290129E032E03DA204604F084FEDD
:10C5F000A7E7B44903C9CDE9100100253DE0BDF925
:10C60000400034F92510884202DABDF9400001E00B
:10C6100034F92500ADF84000BDF9420004EB850176
:10C62000B1F90210884202DABDF9420003E004EBDE
:10C630008500B0F90200ADF84200BDF9440034F9BC
:10C640002510884202DDBDF9440001E034F92500DF
:10C65000ADF84400BDF9460004EB8501B1F90210C4
:10C66000884202DDBDF9460003E004EB8500B0F925
:10C670000200ADF84600681C85B2B542BFDB1398D6
:10C6800010A982680DA8E7F7CFF80F900F9818B996
:10C69000204604F031FE54E7139880680C900DA9F1
:10C6A00013988160B4F902000B9000200A900125D4
:10C6B0000FE004EB8500B0F902100B98814206DA16
:10C6C00004EB8500B0F902000B9028B20A90681CB8
:10C6D00085B2B542EDDB2C2106FB01F004F090FDA4
:10C6E000099009980890DDF828A0DDF828A0D34625
:10C6F00000200790DDF828A0AAF10107002F00DA3A
:10C7000037440A9800F10109701E484501DA4FF0DC
:10C71000000934F827100A9834F82000081A01B2EA
:10C72000069134F829100A9834F82000081A01B24A
:10C73000059104EB870041880A9804EB800040884B
:10C74000081A00B2049004EB890041880A9804EBAF
:10C7500080004088081A00B2039000200290DDE9B2
:10C76000040110FB01F20699039810FB01F08242CC
:10C7700001DA0120029000BF029860B9AAF1010716
:10C78000002F00DA37440BF10109701E48450EDA1C
:10C790004FF000090BE00AF10107701EB84200DA01
:10C7A0000027ABF10109B9F1000F00DAB14404EB45
:10C7B0008700B0F9020004EB8A01B1F90210884247
:10C7C0002CDB04EB8700B0F9020004EB8A01B1F91D
:10C7D000021088421ED034F9270034F92A1088420A
:10C7E00018D0012104EB8700B0F90200CDE9000167
:10C7F00034F9273004EB8A00B0F9022034F92A100A
:10C800000898FEF795FADDE90801FDF791FE089812
:10C810002C3008900798401C0790BA460798B04201
:10C8200000D13AE004EB8900B0F9020004EB8B017F
:10C83000B1F9021088422CDB04EB8900B0F9020048
:10C8400004EB8B01B1F9021088421ED034F92900A3
:10C8500034F92B10884218D0002104EB8900B0F97C
:10C860000200CDE9000134F9293004EB8B00B0F966
:10C87000022034F92B100898FEF75AFADDE9080176
:10C88000FDF756FE08982C3008900798401C07903A
:10C89000CB460798B042FFF46FAF00BF10AADDE9A6
:10C8A0001301FEF7BDFD0998FEF78EFD099804F00F
:10C8B00023FD204604F020FD13990C98886000BFEA
:10C8C0003FE6000094F8040870B504460D4616468D
:10C8D000324629462046F2F7C9FB32462946204611
:10C8E000ECF798F8324629462046ECF788FA3246AB
:10C8F00029462046ECF79FFB324629462046F0F7B2
:10C9000063FF70BD704770B5044600BF00BF0121D2
:10C91000204606F068F825464FF6FF70688701212B
:10C92000686A05F003FB00222021204600F05CFC31
:10C9300070BD00002DE9F04180460C4625460020E0
:10C9400045F8240FE86018A0A86000206860287EE1
:10C9500020F0100010302876287E20F020002030B3
:10C96000287600206882A8824FF6FF70E8820020B7
:10C970002882287E20F00F00083028764FF480614E
:10C98000204605F0D3FA09A1204600F04CFB2046D2
:10C9900006F084FE074600F047F9286055F8246940
:10C9A0007462BDE8F0810000EF81B8004F707469D7
:10C9B0006F6E20310A4F7074696F6E20320A4F70AB
:10C9C00074696F6E2033000070B5044600BF00BF6D
:10C9D0002146044805F017FF0546284605F088FF64
:10C9E000284670BD5C37050870B506460D462C46D6
:10C9F000606A20B1606A06F08BF80020606294F8EB
:10CA00003C00C0F3001020B9206B04F08DFC002026
:10CA1000206370BD2DE9F84F89464946584806F015
:10CA2000ABFC8046B8F1010F01D0BDE8F88F484655
:10CA300000F073FB0546484600F0D0FB07463C4635
:10CA40000E2D1BD1384606F0C7FD8346584601F02F
:10CA5000A3F9064602F050FC009002F0A2FC8246C8
:10CA6000BAF1040F09D11EB1384600F033F904E0E1
:10CA7000208FE0863846FFF746FF7FE00F2D01D07C
:10CA8000102D03D13846FFF73EFF77E0082D07D180
:10CA90003846EAF742F98046B8F1010F6ED0C4E794
:10CAA0002A2D03D1384609F0E2FC67E0292D03D195
:10CAB000384609F0DCFC61E02C2D0DD1484600F031
:10CAC0008AFB06460021384608F0D1F982465046D6
:10CAD00000F0E6FC708051E00D2D4AD1484600F090
:10CAE0007AFB0678132E01D0122E13D1384600F0AF
:10CAF0008EF818B9384600F0EDF839E0E08E401CA9
:10CB0000A18E884234DAE08E401CE086384610F070
:10CB1000C0F82DE0142E01D0112E11D1384600F0AE
:10CB200076F818B9384600F0D5F821E0E08E0028F4
:10CB30001EDDE08E401EE086384610F0AAF817E0B1
:10CB40001B2E05D1208FE0863846FFF7DCFE0FE074
:10CB50000A2E0DD102F0E4FB8246BA4507D03846D2
:10CB6000EAF7DBF88046B8F1010F00D05DE700BFBF
:10CB700004E0152D02D14846EFF78EFD00BF54E7C3
:10CB80005C370508014600BF00BF0A46D08E7047DB
:10CB90002DE9F05F81460F46924600BF00BF4D462B
:10CBA0004FF0000B286B20B1286BD3F7A6FE804610
:10CBB00003E000203870BDE8F09F002406E0286BF9
:10CBC000005D0A2801D10BF1010B641C444502D21F
:10CBD000288F5845F3D100260EE0BAF1000F06D099
:10CBE000AAF10100B04202D800BF00BF0AE0286BE2
:10CBF000005DB855761C641C444503D2286B005D6B
:10CC00000A28EAD100BF0020B85500BFD3E770B5AD
:10CC1000044600BF00BF25460121686A08F0DEFA1D
:10CC200080F0010070BD000070B5044600BF00BF79
:10CC30002146044805F0E7FD0546284605F058FE64
:10CC4000284670BD783705082DE9F05F8346884691
:10CC5000404600F062FA0446182C08D041461C48B1
:10CC600006F08AFB0546012D01D0BDE8F09F404645
:10CC700000F0B4FA0646D6F824904F46082C09D1A5
:10CC800002F03AFB824602F07CFBF8B93046F8F736
:10CC9000E9FD1BE0012C03D13046F8F7BEFD15E09D
:10CCA000092C06D14FF6FF707887304608F033FE26
:10CCB0000CE0182C0AD14046EFF784FA41460448AC
:10CCC00006F05AFB0546012D00D0CEE700BFCCE7A9
:10CCD000783705082DE9F04F87B0054600BF00BF43
:10CCE0002C460121284605F05EF9284606F0D6FCC0
:10CCF00083465946606A09F0A3FF4FF0FF31606A2E
:10CD000008F0C8FF0121606A05F02CFE00221F21F7
:10CD1000284600F069FA2846F5F7B9FE0690216B1F
:10CD2000069803F0ACFF42F2D171606A0AF0B8FADB
:10CD300006980AF007FB606A08F0F3F98346284674
:10CD400008F0EFF9834513DC94F83C0000F00F0085
:10CD5000042805D094F83C0000F00F00082807D103
:10CD6000284608F0DEF983465946606A0AF098FAC8
:10CD7000069806F03BFC05900021606A07F0A2FBD4
:10CD800081460021606A07F064FF484401B20491C3
:10CD90000020D4F824B0029041F6110258460299BE
:10CDA00007F098FF01900198484400B20390DDE934
:10CDB00004100144039808440FFA80F8464694F89A
:10CDC0003C0000F00F0794F83C0000F00F0008282A
:10CDD00024D1FCF7C9FB8346FCF744FCB5F91A10D3
:10CDE000314488423CDAFCF7BFFB8346FCF73AFC4F
:10CDF000B5F91A10411AB5F91600814204DA042770
:10CE0000E88A401E06B22BE0FCF7AEFB8346FCF737
:10CE100029FC698B401A401E06B221E094F83C00C0
:10CE200000F00F0004281BD1B5F91600801B17D5A0
:10CE3000FCF79AFB8346FCF715FCB5F91A10411A6A
:10CE4000B5F91600814209DD0827FCF78DFB834602
:10CE5000FCF708FC698B401A06B201E0B5F91660D0
:10CE6000464500DD46463146606A09F0ACFE28467C
:10CE70000FF00FFF082F08D10020009000230D2293
:10CE80002946606A05F012F91FE0042F08D100203E
:10CE9000009000230A222946606A05F007F914E091
:10CEA000012F08D100200090002310222946606A3B
:10CEB00005F0FCF809E0022F07D1002000900023C4
:10CEC00013222946606A05F0F1F8606A0AF03AFA1E
:10CED00094F83C0000F00F00012805D094F83C00C5
:10CEE00000F00F0002281FD1606A08F046F9029096
:10CEF000606A08F065F98346FCF736FB0190FCF7A1
:10CF0000B1FB58450FDCFCF72FFB0090FCF7AAFBA8
:10CF1000ABEB00010298401A401E00B20190606A1B
:10CF200001990AF0EFF900BF0021226B069805F085
:10CF30003BFC82465046BAF1010F04D0022810D0C3
:10CF4000032807D000BF00231A460121069805F0E8
:10CF50009BF80DE000231A460321069805F094F88B
:10CF600006E000231A460921069805F08DF800BF57
:10CF700000BF07B0BDE8F08F2DE9F04107460D4630
:10CF800000BF00BF00BF1DB900BF00BF00BFFEE76C
:10CF900000BF3C460020A086002606E0A85D0A28C7
:10CFA00002D1A08E401CA086761CA85D0028F5D179
:10CFB000A08E401CA0860020E08620872846D3F75C
:10CFC0009CFC00F10108206B48B194F83C00C0F3D0
:10CFD000001020B9206B04F0A7F900202063404620
:10CFE00004F0D4F8206300BF206B18B900BF00BF65
:10CFF00000BFFEE700BF206B08B9BDE8F0812946FD
:10D00000206BD3F756FC94F83C0020F0100084F815
:10D010003C00384608F07FFC606A10B1606A08F096
:10D020007AFC00BFE9E72DE9F04107460D4600BF55
:10D0300000BF00BF1DB900BF00BF00BFFEE700BFBB
:10D040003C460020A086002606E0A85D0A2802D102
:10D05000A08E401CA086761CA85D0028F5D1A08E6D
:10D06000401CA0860020E086208794F83C00C0F396
:10D07000001030B9206B20B1206B04F055F900206E
:10D08000206394F83C0020F01000103084F83C003D
:10D090002563384608F03FFC606A10B1606A08F00A
:10D0A0003AFCBDE8F08170B506460D4600BF00BFF2
:10D0B0003446E08EA84200D170BDA08EA84201DDAA
:10D0C000284601E0A08E401EE086E08E2087304694
:10D0D00008F021FC00BFEFE770B505460C464FF4A1
:10D0E0008061204605F03EFC0421204605F03AFC14
:10D0F0004FF40031204604F019FF0121204604F0CE
:10D1000015FF204602F00CFD70BD30B504460B46FD
:10D11000586A02460025556230BD0146087A20F063
:10D120008000704701464868704700B50246107A93
:10D1300015280ED0107A14280BD0107A162808D093
:10D14000107A182805D0107A172802D0107A1928DA
:10D1500003D1104600F03FF800BD00BF00BF002023
:10D16000FAE700B50246107A01282CD0107A02287E
:10D1700029D0107A032826D0107A042823D0107AD8
:10D18000052820D0107A06281DD0107A07281AD03A
:10D19000107A082817D0107A092814D0107A0A2893
:10D1A00011D0107A0B280ED0107A0C280BD0107AE0
:10D1B0000D2808D0107A0E2805D0107A0F2802D03A
:10D1C000107A102803D1104600F005F800BD00BF0A
:10D1D00000BF0020FAE70146086970470146086869
:10D1E00070470146C8687047F0B587B004460D46E1
:10D1F000164614B9012007B0F0BD00BF00BF00946F
:10D2000001948DF808500020039004969DF81800B2
:10D2100020F001008DF818009DF8180020F004009F
:10D220008DF818009DF8180020F002008DF8180005
:10D230000748006805900649C1F800D06846F3F732
:10D240001EFD07460249059808603846D3E70000EE
:10D25000BC00002410B503460C46187A13280DD1E3
:10D260001846FFF7B8FF0246B2F90000A04202DDFF
:10D27000B2F9000000E02046108001E000BF00BFCE
:10D2800010BD10B500F004F800F05EFC10BD000009
:10D2900010B500210D4803F019FD0D4908600CF090
:10D2A000BFF80C4908800CF0BBF840F480500A49E4
:10D2B00008800CF0B5F840F48050084908800CF064
:10D2C000AFF840F480500649088010BD911B020859
:10D2D000080100240C0100240E0100241001002488
:10D2E000120100242DE9F04106460F46092F00D116
:10D2F0002027346939463046F5F7ECF8054615B96C
:10D300000020BDE8F081606800EBC508608A800BF2
:10D3100030B92068D8F80010C1F313010844F0E7D1
:10D3200000BF00BF0020ECE770B504460D4600BF0B
:10D330001CB900BF00BF00BFFEE700BF2946204662
:10D340006268904770BD2DE9F04706460D4690464D
:10D35000994600BF1EB900BF00BF00BFFEE700BF77
:10D3600000BF1DB900BF00BF00BFFEE700BF002027
:10D370002860344600270FE04B46424629462046A7
:10D38000D4F800C0E04707462FB1A87BC0F30010D7
:10D3900008B92C6002E06469002CEDD100BF38466A
:10D3A000BDE8F0872DE9FF4F83B00C4691464FF062
:10D3B000000AB9F1090F03D14FF020094FF0010A1B
:10D3C0000398066949460398F5F784F807461FB99C
:10D3D000002007B0BDE8F08F4FF0000BF06868B197
:10D3E00006990398F5F776F80190019828B1394627
:10D3F000019A0398F5F7FAF9834600BF706800EBCD
:10D40000C705308A00FB0BF00011029028684FEA34
:10D410001058BAF1000F01D04FEA48080298804432
:10D4200008F108004FEA1018A4F8048068792081F8
:10D430002879E08095F90600608195F90700A081C0
:10D44000708A400AA17B60F30301A173A07B20F0E6
:10D450001000A073BAF1000F05D0E0884FF6FF71FD
:10D4600001EA4000E0800120B3E72DE9FF410546D5
:10D470000E46174600BF1DB900BF00BF00BFFEE744
:10D4800000BF3B46324669462846FFF75CFF04462C
:10D4900024B1BDF8040004B0BDE8F0810020FAE733
:10D4A0000146B1F9080070470146B1F9080070471C
:10D4B0000146B1F9080070470146B1F9080070470C
:10D4C00070B50446606808B90B2070BD6068C0681C
:10D4D00008B90920F9E7D4E90010C2689047054669
:10D4E0006068408858B1A06848B1A068C06818B1A9
:10D4F000A168C86803F018FFA06803F015FF0020BA
:10D5000020606060A0602846DFE7000070B5054637
:10D510000948E7F746FD04460AE020680078A8427B
:10D5200001D1206870BD21460348E7F752FD04464B
:10D53000002CF2D10020F5E7100E002470B505464E
:10D540002846D3F7DAF904460EE0285D2E2802D1EA
:10D55000601C284470BD285D2F2802D0285D5C28FF
:10D5600001D103A0F6E7641E002CEED100A0F1E784
:10D5700000000000401C01783A2900D1401C70478F
:10D580002DE9F04705460F46914627B900BF00BF79
:10D590000B20BDE8F08797F800804046FFF7B6FF04
:10D5A00004461CB900BF00BF0320F2E7606838B131
:10D5B00020466168884718B900BF00BF0120E8E72E
:10D5C000A06818B900BF00BF0920E2E73846FFF79E
:10D5D000D1FF82464A4651462046A36898470646F0
:10D5E0000EB1701C08B90C20D3E76C602E60608807
:10D5F00078B1102003F0CAFDA86000BFA86818B970
:10D6000000BF00BF00BFFEE700BF1021A86804F004
:10D61000A2F80020BDE72DE9FC4104460F469046E4
:10D620001D460DB100202860606810B90B20BDE8D0
:10D63000FC816068006908B90920F8E700200190C2
:10D640006068408838B101AB42463946204600F058
:10D6500011F8064609E001A80090D4E900104346FD
:10D660003A46D0F810C0E04706460DB10198286050
:10D670003046DCE72DE9F04F87B004460F461546EB
:10D680009A4600200690A068D0F808B0A06800680C
:10D690000590A06840680490A068D0F80C8060688D
:10D6A000B0F80290059858454AD80498834547D267
:10D6B0000598ABEB000080B203900398A9EB000043
:10D6C00086B2B54207D8039808EB00012A463846CF
:10D6D00003F0B3FE33E0039808EB0001324638460E
:10D6E00003F0ABFE4D450AD9AB1BBA19CDF800A02B
:10D6F000D4E90010D0F810C0E04706901FE00020E9
:10D70000029002A80090D4E900104B464246D0F89F
:10D7100010C0E0470690A0684068401CA1680860FF
:10D72000A068006802990844A1684860A81B80B2FC
:10D730000190B8194146019AD3F7FEF800BF39E0CD
:10D740004D4509D9CDF800A0D4E900102B463A4642
:10D750000669B04706902DE0B8F1000F10D1484699
:10D7600003F014FDA168C86000BFA068C06818B9C4
:10D7700000BF00BF00BFFEE700BFA068D0F80C806C
:10D780000020039003A80090D4E900104B464246C5
:10D790000669B0470690A068C0F800B0A0680068AD
:10D7A00003990844A16848602A4641463846D3F7A1
:10D7B000C3F800BF069830B9CAF80050A068806866
:10D7C0002844A1688860069807B0BDE8F08FF8B5D6
:10D7D00004460D461746606808B90B20F8BD60681E
:10D7E000806908B90920F9E70026606840880028A8
:10D7F0004ED027B1012F1AD0022F48D132E0A068B5
:10D800008560A0688068A1680968884205D3A0681F
:10D810008068A1684968884208D9A3689A68D4E9F1
:10D8200000100023D0F818C0E04706462FE0A0689B
:10D8300080682844A1688860A0688068A168096839
:10D84000884205D3A0688068A1684968884208D9E1
:10D85000A3689A68D4E900100023D0F818C0E04704
:10D86000064614E0D4E900103B462A46D0F818C01A
:10D87000E047064656B9D4E900106A46C36998479E
:10D88000064616B90098A168886000BF00BF07E08F
:10D89000D4E900103B462A46D0F818C0E0470646B7
:10D8A00030469BE770B50546E7F7B4FE04462068AE
:10D8B00068B12068806A50B102E02068816A8847B8
:10D8C0000848006800F001000028F6D106E000BF1B
:10D8D0000448006800F001000028F9D12846FFF74D
:10D8E00011F870BD001000522DE9F04F87B00446CA
:10D8F0000E461746A07870434FEA202A574507DCAA
:10D9000020880690BDF81810084607B0BDE8F08FD3
:10D91000207A401E04EB8000807870434FEA202B71
:10D920005F4509DB207A401E04EB800000880690EA
:10D93000BDF818100846E8E70020039001252AE00A
:10D9400004EB8500807870430012019001988742B3
:10D950001FDC681E04EB800000880090FBF798F93C
:10D96000059004EB850000880090FBF791F9049086
:10D97000681E04EB8000807870434FEA202A04EB95
:10D980008500807870434FEA202BABEB0A000390B0
:10D9900004E0681CC5B2207AA842D1DC00BFA7EB26
:10D9A0000A0007B2C7EB0721039891FBF0F000F0E3
:10D9B000FF08C8F1FF099DF8100010FB08F09DF862
:10D9C000141011FB090000EBC01101EBC030800EF8
:10D9D000BDF8081060F3040102919DF8110010FBDE
:10D9E00008F09DF8151011FB090000EBC01101EBC8
:10D9F000C030400EBDF8081060F34A1102919DF846
:10DA0000120010FB08F09DF8161011FB090000EB46
:10DA1000C01101EBC030800EBDF8081060F3CF21BB
:10DA20000291BDF8081008466FE710B5044660681B
:10DA3000C00F10B1204603F077FC10BD2DE9FE4366
:10DA400005460E461746687A00F0070010B9002018
:10DA5000BDE8FE832848007828B9002000F050F87F
:10DA6000012025490870687A00F00700022801D1DA
:10DA7000304600E038468046324641462846EAF7BE
:10DA8000BDFC02900020019001AA02A91B48F7F7F3
:10DA9000CBFB01280AD101984068401C01994968D4
:10DAA00060F31D01019841600198D1E73A46314683
:10DAB0002846E8F779FC0190019818B900BF00BF2B
:10DAC0000198C5E7002410E00198B0F90E10224635
:10DAD0002846FFF709FF00900198806800EB44009A
:10DAE000BDF800100180601C04B20198B0F90E006E
:10DAF000A042E9DC0198ABE7FC0000241314020803
:10DB000010B504460D48006803F00EFC204603F0F3
:10DB10003DFB0A4908600A49086000BF07480068E1
:10DB200018B900BF00BF00BFFEE700BF2146034891
:10DB3000006803F010FE0348046010BD4C0200248E
:10DB4000F8000024F400002410B50021204803F060
:10DB5000BDF8204908600BF063FC40F480501E497A
:10DB600008800BF05DFC40F480501C4908800BF0ED
:10DB700057FC40F480501A4908800BF051FC40F4E7
:10DB80008050184908800BF04BFC40F48050164937
:10DB900008800BF045FC40F48050144908800BF0DD
:10DBA0003FFC40F48050124908800BF039FC40F4EF
:10DBB0008050104908800BF033FC40F480500E492F
:10DBC00008800BF02DFC40F480500C49088010BDFB
:10DBD0004F350208180100241C01002420010024F4
:10DBE0001E010024220100242C0100242A0100240B
:10DBF0002601002424010024280100242E010024F1
:10DC00002DE9F04107460C460FB9BDE8F08100BF91
:10DC100000BF3846E7F7C5F906460AE03068A0427B
:10DC200002D100BF00BFF0E731463846E7F7D1F92F
:10DC30000646002EF2D1204605F0CEFC8046B8F113
:10DC4000000F0DD0A068806850B1A0688068C068DF
:10DC50000068A04204D1404600F0B7F800BF00BF02
:10DC6000A06810B9204604F05BFCA06887603846C5
:10DC7000E7F7EAF9054600BF1DB900BF00BF00BFC6
:10DC8000FEE700BF05B9C0E72C603846E7F789F921
:10DC9000A84202D1384600F098F800BF00BF00BF8C
:10DCA000B3E7000010B50446024A03492046F4F7E2
:10DCB0003DF910BDD34F0108A34F01082DE9F041F4
:10DCC00006460EB9BDE8F081304605F085FC0446F5
:10DCD00004B9F7E7207E00F0010000B1F2E700216F
:10DCE000204600F0FCF82046E7F75BF905463CE0EB
:10DCF0002868B04234D1E068B0B1E0680068B04252
:10DD000012D02046F4F7F3FC8046E16842460868EA
:10DD10000F21FFF769FA0746012F00D0D2E7E1682B
:10DD2000086807F0F8FD00BFE560E068B8B1206959
:10DD300010B12046216988472046F4F7D8FC804678
:10DD4000E168424608680E21FFF74EFA0746012FA8
:10DD500000D0B7E7E168086807F0DDFD00BF06E026
:10DD600029462046E7F735F90546002DC0D100BF0A
:10DD700000BFA7E710B50446024A03492046F4F75E
:10DD8000D5F810BDE14F0108ED4F010801480068CA
:10DD900070470000C4000024014609B90020704704
:10DDA000087EC0F34000FAE7014609B90020704739
:10DDB000C86808B90020FAE7C8680068F7E710B536
:10DDC00004462046E7F7F3F810BD70B50446207E00
:10DDD000C0F3C005207E20F0080008302076207EA9
:10DDE000C0F3800018B92046FFF75CFF06E0207EF4
:10DDF000C0F3800010B12046FFF7BCFF207E65F322
:10DE0000C300207670BD2DE9F0410546284605F097
:10DE1000E3FB04460CB9BDE8F08100BF00BFE06839
:10DE200008B3E0680068A84221D1207E00F001001C
:10DE300018B1207E20F0010020762046E7F7B1F8E7
:10DE4000E168884210D12046E7F7D0F8E1688842BF
:10DE50000AD12046F4F74BFC0746E1683A460868C9
:10DE60000F21FFF7C1F902E02046FFF7AEFFE0689F
:10DE700028B1E0680068A84201D10020E060204697
:10DE8000E7F78FF8064614E03068A8420CD1314617
:10DE90002046E7F705F9304603F046FAA86810B1C6
:10DEA0000020A968886006E031462046E7F791F82F
:10DEB0000646002EE8D100BF00BF00BF00BFAAE7A2
:10DEC00073B505462846FFF76FFF04460CB90120DD
:10DED0007CBD01AA0D212046FFF786F9F8E72DE960
:10DEE000F04704460D460CB9BDE8F0872E46207E6B
:10DEF000C0F340003546A84200D1F5E7207E66F326
:10DF0000410020762046FFF74FFF074697B1204695
:10DF1000F4F7EDFB8146E1684A4608680E21FFF7F9
:10DF200063F98046B8F1010F00D0DDE7384607F00D
:10DF3000F2FC00BF00BFD7E72DE9FF4303469C6812
:10DF4000187800F01F0005280DD11868C0F38A204A
:10DF5000504300EB400001EB41068519A81C205CF2
:10DF600004B0BDE8F083187800F01F000B281BD127
:10DF700001F00705C9101868C0F38A20C01DC01041
:10DF800000FB0216A05DC5F107084FF0010C0CFA6A
:10DF900008FC00EA0C00C5F1070C40FA0CF70FB1C1
:10DFA0000020DDE7FF20DBE7187800F01F000C28D9
:10DFB0001CD12CA0006803908807450F89101868B1
:10DFC000C0F38A20C01C801000FB0216A05DC5F1C2
:10DFD00006084FF0030C0CFA08FC00EA0C00C5F12F
:10DFE000060C40FA0CF703A8C05DB9E7187800F0FA
:10DFF0001F000D2826D10FF27009D9E901C8D9F800
:10E000000000D9F80C90CDE901C8CDF80C90009033
:10E01000C807450F49101868C0F38A20401C4010FB
:10E0200000FB0216A05DC5F104084FF00F0C0CFABE
:10E0300008FC00EA0C00C5F1040C40FA0CF71DF8CE
:10E0400007008DE7187800F01F000E2806D1186829
:10E05000C0F38A2000FB0215605D81E700BFFF204E
:10E060007EE700000055AAFF001122334455667771
:10E070008899AABBCCDDEEFF2DE9FF4383B00446AF
:10E080000D46174600BF0020014602464FEAD20C5B
:10E09000BDF800306CF304034FEA910C0093BDF817
:10E0A00000306CF34A134FEAD00C0093BDF80030F7
:10E0B0006CF3CF230093BDF800C063460193BDF815
:10E0C000041008460290A668207800F01F0004287B
:10E0D00009D0207800F01F00062804D0207800F036
:10E0E0001F00052815D1217801F01F0000F090F8DD
:10E0F0004FEAE0082068C0F38A20784300FB08F06C
:10E1000005FB080906EB0901022202A803F0D1FA77
:10E1100078E0207800F01F00072816D1083605F0B7
:10E120000700ED102268C2F38A22D21DD21002FB32
:10E130000751725CC0F1070C012303FA0CF31A407B
:10E14000C0F107031A4102925CE0207800F01F0042
:10E15000082816D11036AA07500FAD102268C2F356
:10E160008A22D21C921002FB0751725CC0F1060C8D
:10E17000032303FA0CF31A40C0F106031A4102927A
:10E1800040E0207800F01F00092816D14036EA0749
:10E19000500F6D102268C2F38A22521C521002FBEB
:10E1A0000751725CC0F1040C0F2303FA0CF31A4000
:10E1B000C0F104031A41029224E0207800F01F000D
:10E1C0000A2809D106F580662168C1F38A2101FB7E
:10E1D0000750315C029115E0207800F01F000B28F9
:10E1E0000ED0207800F01F000C2809D0207800F015
:10E1F0001F000D2804D0207800F01F000E2801D148
:10E2000006980290BDF80810084607B0BDE8F083F4
:10E21000014600200F291DD2DFE801F008091C1C6F
:10E220000B0E0C101316191114171A0000BF002042
:10E2300012E000BF10200FE018200DE000BF012009
:10E240000AE000BF022007E000BF042004E000BF96
:10E25000082001E0002000BF00BF704701460020F9
:10E260008A1E0D2A13D2DFE802F0081212071209E3
:10E270000A0B0C0D0E0F100000BF00BF00BF00BF47
:10E2800000BF00BF00BF00BF00BF012001E00020B1
:10E2900000BF00BF704701460020032902D00629B5
:10E2A00002D100BF012001E0002000BF00BF704785
:10E2B00070B506460C462546002045F8240F287DFB
:10E2C00020F00300C01C2875287D20F07C002875F4
:10E2D000204606F026FF2881204605F087F9688150
:10E2E0000020A8814FF480706882287D20F0800093
:10E2F000803028750020A880243D0021698568862B
:10E30000A98685F839000221204604F02BFB4FF442
:10E310008031204603F00AFE70BD000070B504464F
:10E3200000BF00BF2146044804F06DFA05462846A8
:10E3300004F0DEFA284670BD9437050870B506462D
:10E340000D466C6AA4B1287C012802D12046FFF753
:10E35000B7F8E06810B1E06802F0E6FF206910B19C
:10E36000206902F0E1FF204602F0DEFF0020686233
:10E3700070BD00002DE9FF4781460D461446284632
:10E3800000F05AFF0746E7B9287800F01F0104297A
:10E3900001DB0E2903DD002004B0BDE8F08728680A
:10E3A000820A206862F3942020602868420D206869
:10E3B00062F35F5020602878226860F304022260D4
:10E3C00049E0012F30D12846FFF7B8F8804623A155
:10E3D000D2F77AFB08B10020DEE70222294601A825
:10E3E000FFF7CEF8064696B96B460422214601A8EF
:10E3F000FFF711F9064601A8FFF762F816B9009871
:10E40000042803D000BF00BF0020C5E700BF20786C
:10E4100000F01F00042804DB207800F01F000E2805
:10E4200001DD0020B8E716E0022F10D1012120689D
:10E4300061F3942020602068C0F3140000F5001000
:10E440002060206820F01F000B30206003E000BF38
:10E4500000BF0020A0E701209EE7000062696E0077
:10E460002DE9FF4F8DB004460D4691466BA0006824
:10E470000C906BA000680B906AA30FCB07AE0FC681
:10E4800020890690002610E0BDF81800C1B206EB06
:10E4900046021A988154BDF81800020A06EB46009D
:10E4A000401C1A990A54701C06B210988642EBDB85
:10E4B00000200590217D01F01F00FFF7A9FE824694
:10E4C000012101FA0AF0401E80B2049000274FF0AB
:10E4D000000800200390207D00F01F000B2806D0CC
:10E4E0000C2816D00D2827D00E2841D137E06069BE
:10E4F000C0F38A20C01DC71007FB09F000EBE50040
:10E50000804405F00700C0F1070003900CA80590B7
:10E510002EE06069C0F38A20C01C871007FB09F059
:10E5200000EBA500804405F003000621A1EB4000AC
:10E5300003900BA805901BE06069C0F38A20401C83
:10E54000471007FB09F000EB6500804405F001006F
:10E550000421A1EB8000039007A8059008E0606902
:10E56000C0F38A2707FB095080440020039000BFB6
:10E5700000BF606A0290384602F042FE8346BBF15B
:10E58000000F03D1002011B0BDE8F08F00200190F2
:10E59000207C20B960688168414401910DE000222F
:10E5A00008F104010298FFF712F900233A46594690
:10E5B0000298FFF730F8CDF804B0002625E0019965
:10E5C0000978039A1141049A01EA0200217D01F0C1
:10E5D0001F010E2901D1024601E005990A5C06EBF4
:10E5E0004601891C1A9B5A540399A1EB0A0149B2AE
:10E5F00003910399002906DACAF1080149B203918F
:10E600000199491C0191701C06B210988642D6DB14
:10E61000584602F071FE0120B5E7000000FF00003F
:10E620000055AAFF00112233445566778899AABB8A
:10E63000CCDDEEFF2DE9FF4F85B004460E46914636
:10E64000217D01F01F00FFF7E3FD049001210498F4
:10E6500001FA00F0401E80B20390002700200290D3
:10E660000025207D00F01F00072806D0082815D0BF
:10E67000092825D00A2840D134E06069C0F38A20F7
:10E68000C01DC71007FB09F000EBE6000544083584
:10E6900006F00700C0F1070002902EE06069C0F3A9
:10E6A0008A20C01C871007FB09F000EBA600054478
:10E6B000103506F003000621A1EB400002901CE09B
:10E6C0006069C0F38A20401C471007FB09F000EB8B
:10E6D00066000544403506F001000421A1EB8000EE
:10E6E00002900AE06069C0F38A2707FB09600544CD
:10E6F00005F580650020029000BF00BFD4F824B06B
:10E70000384602F07DFD8246BAF1000F03D10020A9
:10E7100009B0BDE8F08F00200190207C20B960682E
:10E720008168294401910CE00022291D5846FFF719
:10E730004EF800233A4651465846FEF76CFFCDF896
:10E7400004A04FF0000837E001990978029A1141BE
:10E75000039A01EA0200DBF80C1001EB4001098882
:10E760000091BDF80010CAB208EB48031299CA54D0
:10E77000BDF800100B0A08EB4801491C129A5354CB
:10E78000DBF810100B5C08EB4801891C129A5354FB
:10E79000049A0299891A49B202910299002907DA6A
:10E7A0000499C1F1080149B202910199491C0191F2
:10E7B00008F101000FFA80F808988045C4DB504644
:10E7C00002F09AFD0120A3E72DE9FC5F04460E4606
:10E7D00017469846606A0190217D01F01F00FFF7FF
:10E7E00017FD82466069C0F38A2007FB006000FBCA
:10E7F0000AF04FEAE00B0BF1040B00225946019896
:10E80000FEF7E5FF8146B9F1000F04D000BF00BF5D
:10E810000020BDE8FC9F4FEAEA0000FB08F500205D
:10E8200000906B462A460C990198FEF7F4FE81464B
:10E83000B9F1000F02D10098854203D000BF00BF9C
:10E840000020E6E70120E4E72DE9FE4F82460C4672
:10E85000207C012843D16068FEF770FE804680A1CD
:10E86000D2F732F910B10020BDE8FE8F02226846CF
:10E870006168FEF785FE06461EB100BF00BF00209E
:10E88000F2E7606AC0B9142002F080FC606200BF49
:10E89000606A18B900BF00BF00BFFEE700BF606A32
:10E8A00030B900BF00BF6846FEF70AFE0020DBE774
:10E8B0001421606A02F04FFF676A38466A460C21ED
:10E8C0000346944607E09CF8008083F800805B1CB8
:10E8D0000CF1010C491E0029F5D100BF06E0207C97
:10E8E00020B96068806808B90020BDE7207D00F08D
:10E8F0001F05042D03D0052D01D0062D08D1207C45
:10E9000020B960688068A0610120ADE70120ABE715
:10E91000072D05D0082D03D0092D01D00A2D70D167
:10E920002846FFF775FC8346012000FA0BF8606A61
:10E93000A8B9142002F02AFC606200BF606A18B90E
:10E9400000BF00BF00BFFEE700BF606A18B900BF8C
:10E9500000BF002088E71421606A02F0FCFE666AAE
:10E960004FEA480002F012FCF06000BFF06818B9EE
:10E9700000BF00BF00BFFEE700BF404602F006FC3C
:10E98000306100BF306918B900BF00BF00BFFEE7AB
:10E9900000BFF06808B1306938B900BF00BF214638
:10E9A0005046FFF7CBFC00205EE7207C012823D1F6
:10E9B000002204213046FEF70AFF002719E0002359
:10E9C000042202A93046FEF726FE9DF808209DF895
:10E9D00009109DF80A00F9F7D3FF0190F06800EBE9
:10E9E0004700BDF8041001809DF80B003169C8553F
:10E9F0007F1C4745E3D31FE06068D0F808900027EC
:10EA000017E01BE019F8272009EB8703597809EB79
:10EA100087039878F9F7B4FF0290F06800EB47009D
:10EA2000BDF80810018009EB8700C0783169C8552E
:10EA30007F1C4745E6D300BF012015E70B2D05D00D
:10EA40000C2D03D00D2D01D00E2D01D101200BE78F
:10EA500021465046FFF772FC00BF00BF002003E7CD
:10EA600062696E002DE9F84F82460C4616461F4635
:10EA7000DDE90A854FF00009207D00F01F00042821
:10EA800009D0207D00F01F00052804D0207D00F073
:10EA90001F0006280BD1207C012847D143463A4667
:10EAA000314620460095FFF78FFE81463EE0207DEF
:10EAB00000F01F000B280ED0207D00F01F000C2856
:10EAC00009D0207D00F01F000D2804D0207D00F02B
:10EAD0001F000E2808D143463A463146204600958D
:10EAE000FFF7BEFC814621E0207D00F01F000728D3
:10EAF0000ED0207D00F01F00082809D0207D00F0F6
:10EB00001F00092804D0207D00F01F000A2808D12A
:10EB100043463A46314620460095FFF78BFD814635
:10EB200004E000BF00BF0020BDE8F88F4846FBE7C7
:10EB300010B50446206870B12068C06818B120681C
:10EB40002146C2689047207C012804D1606802F009
:10EB5000EBFB0020606010BD10B50A48E6F754FAE0
:10EB6000044600BF1CB900BF00BF00BFFEE700BFE6
:10EB70000CB9002010BD1421204602F0ECFD204607
:10EB8000F8E70000340E00242DE9F04105460E465A
:10EB90000421304602F0DFFD15B90020BDE8F08108
:10EBA000284600F049FB07462FB92946886808B96E
:10EBB0000020F3E700BF4FF000080D48E6F7F1F939
:10EBC000044610E0206848B13246294620462368B2
:10EBD00098478046B8F1010F00D106E0214604486D
:10EBE000E6F7F7F90446002CECD100BF4046D5E724
:10EBF000340E00242DE9FF4704460E46994628218D
:10EC0000204602F0A8FD1EB9002004B0BDE8F08740
:10EC1000304600F011FB07462FB93146886808B925
:10EC20000020F2E700BFBDF8080020812774C4F877
:10EC30000C90207C01281BD13046D1F75EFE824625
:10EC40000AF1010002F0A2FA606000BF606818B922
:10EC500000BF00BF00BFFEE700BF606818B900BF7B
:10EC600000BF0020D1E731466068D1F722FE00E006
:10EC700066604FF000081D48E6F793F905462AE064
:10EC8000286808B1686800B920E004F11402314630
:10EC900028462B6898478046B8F1010F00D015E050
:10ECA0002560214628466A6890478046B8F1010FE2
:10ECB00001D14046A9E7042104F1140002F04BFD04
:10ECC00000202062A0616062E06100BF2946074821
:10ECD000E6F77FF90546002DD2D1207C012802D12C
:10ECE000606802F021FB40468FE70000340E0024EC
:10ECF0002DE9FC4704460D4616461F46DDF82880E0
:10ED00004FF000092068806848B1CDE9007820689C
:10ED100033462A462146D0F808C0E0478146484697
:10ED2000BDE8FC87C1607047016070474160704773
:10ED30008160704770B506460D462C4694F8380041
:10ED400000F00300012805D094F8380000F003001B
:10ED500002280BD1606A02F0E7FA0020606294F8A2
:10ED6000380020F00300C01C84F8380070BD00009B
:10ED70002DE9F34F85B00698FEF7CFF90646152E1C
:10ED80000CD0182E0AD0A248069904F0F5FA0546D0
:10ED9000012D02D007B0BDE8F08F00BF0698FEF746
:10EDA0001DFA804644462A2E0ED194F8380000F011
:10EDB0000300022804D14046616A00F058F925E1B9
:10EDC000404607F025FB21E1132E7AD10698FEF785
:10EDD00002FA05460021404606F03BF98146E08EE6
:10EDE00000FB09F000120FFA80F90021404606F0FE
:10EDF000EFF88246208E50440FFA80FABAF1000FE5
:10EE000002D1B9F5807F5BD0404606F08AF983468F
:10EE1000404604F0EBFB029004F132001FFA89F146
:10EE20005346CDE90010594603A8029AE5F70CF9BC
:10EE3000B5F90070B5F90000BDF90C10791A8842D7
:10EE400002DDB5F9000002E0BDF90C00381A00B28D
:10EE50002880B5F90000BDF90E10791A884202DD4C
:10EE6000B5F9000002E0BDF90E00381A00B22880A2
:10EE7000B5F90000BDF910103944A1EB0B0188422F
:10EE800002DDB5F9000004E0BDF910003844A0EB44
:10EE90000B0000B22880B5F90010BDF91200C219AC
:10EEA0000298101A814203DDB5F9000005E008E080
:10EEB000BDF91200C1190298081A00B2288000BFDB
:10EEC000A4E0112E75D10698FEF785F905460021BC
:10EED000404606F0BEF80746E08E7843001207B2BF
:10EEE0000021404606F074F88146208E48440FFA0F
:10EEF00080F9404606F015F9B4F92C10884259D132
:10EF0000404604F073FBB4F92E10884252D1B7F595
:10EF1000807F14D1B9F1000F11D1B4F92CB00BEBF3
:10EF2000DB704010B4F93210884208D1B4F92EA039
:10EF30000AEBDA704110B4F9340081423AD040460D
:10EF400006F0EFF88246404604F050FB834604F199
:10EF50003200B9B24B465A46CDE90010514603A8DB
:10EF6000E5F772F8BDF80C00B8F81410084400B2C8
:10EF7000ADF80C00BDF80E10B8F81600084400B249
:10EF8000ADF80E00BDF81000B8F81410084400B237
:10EF9000ADF81000BDF81210B8F81600084400B221
:10EFA000ADF81200002203A82968E4F754FD287187
:10EFB0000BE00BE003A9404604F02BFA002203A863
:10EFC0002968E4F748FD287100BF1FE02C2E14D1FA
:10EFD0000698FEF700F9054694F8390000F00300A2
:10EFE000012805D1404600F015F80490286003E0A0
:10EFF000A08D2880E08D688008E0152E03D0182EA3
:10F0000001D0122E02D10698EBF76EFB00BFC1E6CD
:10F0100094370508F0B585B0044625460021204602
:10F0200006F017F80646E88E7043061200212046C7
:10F0300005F0CEFF0746288E074405F13200B1B235
:10F04000CDE90010B5F92E20B5F92C103BB202A87D
:10F05000E4F7FAFF02A8F7F71BFCADF8100002A8CE
:10F06000F7F787FBADF81200049805B0F0BD2DE965
:10F07000F04F85B00546884600BF00BF284606F021
:10F080004AFC404600F0D8F806462C46032E1CD118
:10F0900000BF00BF94F8380000F00300022805D03C
:10F0A00094F8380000F00300012802D1606A02F0F1
:10F0B0003BF90020606294F8380020F00300C01C87
:10F0C00084F8380005B0BDE8F08F04A94046FFF78A
:10F0D0005BFD8EB994F8380000F00300012805D0DC
:10F0E00094F8380000F00300022802D1606A02F0B0
:10F0F0001BF9C4F8248034E0012E01D0022E30D157
:10F10000606A40452DD04FF0000994F8380000F0B7
:10F110000300012805D094F8380000F0030002280D
:10F1200001D1D4F824904046D1F7E7FB00F1010A61
:10F13000504602F02BF8074600BF1FB900BF00BFC2
:10F1400000BFFEE700BF07B9BCE741463846D1F72C
:10F15000B0FB6762B9F1000F02D0484602F0E4F854
:10F1600000BF022E38D1002741F2594239462846C5
:10F1700005F0B0FD02900298814600BF41F25A426C
:10F180003946284605F0A6FD0290029800B2824654
:10F1900000BF41F25B423946284605F09BFD0290D4
:10F1A000029800B28346002041F6FF7153464A465A
:10F1B000CDE900B10290414603A80CF0B5FABDF8C4
:10F1C0000C10049861F394200490BDF80E1004987C
:10F1D00061F35F50049000BF2C34207B66F3010084
:10F1E00020730498C0F38A2020800498400D60802A
:10F1F000217B049860F3860121730499C1F38A206E
:10F2000000EBD0714910E1802C3C0499480D00EBD3
:10F21000D0714910A186284607F029F9208E18B927
:10F22000E08EB0F5807F02D0284607F0F1F828463E
:10F2300006F071FB00BF45E70146032001B97047A6
:10F240000A461378202B04DB13787F2B01DC012086
:10F2500005E01378802B01DB022000E0002003286A
:10F2600001D100BF00BF00BFE9E710B5044620216F
:10F27000204602F070FA002020700A202076607686
:10F280004FF4C870A0836420E0833220E07603202E
:10F29000A07610BD70B50546286910B9FAF764F973
:10F2A0002861286918B900BF00BF002070BD104850
:10F2B000E5F7AAFE044644B900BF1CB900BF00BF71
:10F2C00000BFFEE700BF0020F0E75821204602F013
:10F2D00042FA2560607920F00200801C60712246AD
:10F2E000102104480BF08EFE216848612046DDE7BE
:10F2F000040E0024D9F3020801480068704700009A
:10F30000C800002410B504461CB90448E5F749FEBE
:10F3100010BD21460148E5F75CFEF9E7040E002424
:10F320000148006870470000CC00002418B9002292
:10F330000A804A80704702681278012A08D0026861
:10F340001278032A04D04FF0FF320A804A8003E08B
:10F3500002890A8042894A8000BFEBE7014609B969
:10F360000020704708680078012805D008680078F8
:10F37000032801D00020F4E791F8400000F00F00CE
:10F38000EFE7014609B900207047086800780128B6
:10F3900005D008680078032801D00020F4E7C86A87
:10F3A000F2E7014609B90020704708680078FBE7DA
:10F3B00000220A804A8000B9704702681278012A48
:10F3C00003D002681278032A03D1828A0A80C28A93
:10F3D0004A8000BFF0E700007FB504464149E0687D
:10F3E0000860084600680068006900B97FBD3D48B4
:10F3F0000068F5F7E9F83B4800684079C0F3800001
:10F4000000B1F3E700BF694636480068E5F750FBF6
:10F410009DF80F5033480068F5F7D6F800203249C0
:10F4200008609DF80E002F49096808712D48006892
:10F430000079012808D10BF06DFD2A490968096897
:10F440000969C1F8540110E0264800680068007896
:10F4500004280AD1BDF80C0038B10BF05BFD21493E
:10F46000096809680969C1F854011E480068006804
:10F470000078012805D169461A480068F4F76CFE47
:10F4800022E01848006800680078022805D1694623
:10F4900014480068F4F716FD16E01248006800688A
:10F4A0000078042805D169460E480068F4F748FA48
:10F4B0000AE00C48006800680078032804D1694617
:10F4C00008480068F4F768F906480068F5F77CF822
:10F4D000002D98D10020034908600349086000BF4F
:10F4E00084E70000C8000024CC00002470B5044666
:10F4F0000D4634B3607920F00200801C607128480A
:10F500000068A04202D100202649086020680078E7
:10F51000012803D020680078022840D115B1206B63
:10F52000A84201D10021216315B1606AA84201D12E
:10F530000021616215B1A06AA84230D10021A16208
:10F540002DE00020FFF7DEFE064622E0707920F075
:10F550000200801C707130680078012803D0306888
:10F560000078022811D115B1306BA84201D10021D9
:10F57000316315B1706AA84201D10021716215B1E1
:10F58000B06AA84201D10021B1623046FFF7BAFE4D
:10F590000646002EDAD100200249086000BF70BD87
:10F5A000C8000024CC00002410B50446607920F087
:10F5B000010161710BF0AEFCA0640BF0ABFC606468
:10F5C00010BD70B502460C460AB9002070BD032C70
:10F5D00004D00C2C05D1B2F9221004E0B2F92010AD
:10F5E00001E00020F2E700BF1068457E002308E03C
:10F5F000581803B2C5F164004843642690FBF6F046
:10F6000001B20029F4D11846E0E72DE9F04704469D
:10F61000884600260121204605F0E0FD10B10020BB
:10F62000BDE8F0874146204605F0F7FD0746002279
:10F63000414604F11400E4F70EFA28B94FF4002112
:10F64000204605F0CBFDB0B1204603F0D8FE814640
:10F65000A9F101050CE0A068006850F825A041461A
:10F660005046FFF7D2FF06460EB13046D8E76D1E72
:10F67000002DF0DA00BF0FB12046D1E70020CFE720
:10F6800000B97047417921F008010831417100BF8C
:10F69000F7E70000F8B52648007810B100BF00BFBA
:10F6A000F8BD00BF00BF01F053FEE5F7CDFFE4F762
:10F6B000BBFCE4F79FF8E4F7BFFCFAF70BFBFCF7A1
:10F6C00015F8E5F721FE4FF4AC711A48E5F794FC04
:10F6D00058211948E5F790FCE5F7A2FFE5F7B8F9DE
:10F6E00016A52C462078C32804D16078812801D142
:10F6F000A07808B100BF00BF114800906E46307876
:10F70000112801D1012000E00020074627B100BFE9
:10F7100000BF00BF00BFFEE700BF00BFFDF7B1FDA7
:10F7200001200349087000BF00BF00BFB8E7000018
:10F73000D4000024F80D0024040E0024C38100002E
:10F740004433221170B506460C460421204603F0CE
:10F7500009F925460020A86385F83C0085F83D009E
:10F7600000231A460521204602F08EFC00231C22AD
:10F770000649204602F092FB00221146204607F07F
:10F780004EFC204600F07CF970BD000091F70208A5
:10F790002DE9F04782465046FDF720FD074600BFA1
:10F7A00000BF3C463846F7F721FF06464FF6FF718B
:10F7B0008E4201D1BDE8F0873846F7F717FF804643
:10F7C00041463846F7F7E2FE054605B9F2E77FA164
:10F7D0002846D1F779F968B9002084F83C007C48C4
:10F7E00001683846F7F76EFF7A4801683846F7F740
:10F7F00058FFDFE778A12846D1F766F968B90120FC
:10F8000084F83C00724841683846F7F75BFF71485E
:10F8100041683846F7F745FFCCE770A12846D1F795
:10F8200053F968B9022084F83C0069488168384679
:10F83000F7F748FF674881683846F7F732FFB9E7BE
:10F8400067A12846D1F740F920B166A12846D1F733
:10F850003BF9B0B9002220213846FDF7C5FC8046AF
:10F86000B8F1010F00D0A5E7A06B48B1002220211C
:10F87000A06BFDF7B9FC8046B8F1010F00D099E705
:10F8800098E759A12846D1F71FF9B0B900221F21E6
:10F890003846FDF7A9FC8046B8F1010F00D089E792
:10F8A000A06B48B100221F21A06BFDF79DFC804694
:10F8B000B8F1010F00D07DE77CE700BFA06B00B975
:10F8C00078E74AA12846D1F7FFF820B149A1284698
:10F8D000D1F7FAF898B90A21A06B0AF013FDA06BD2
:10F8E0000BF0AEF800286ED000221F21A06BFDF7B0
:10F8F0007BFC8046B8F1010F00D05BE763E03EA1DE
:10F900002846D1F7E1F818B9A06B0AF028FF5AE0B1
:10F910003AA12846D1F7D8F818B9A06B0AF02EFF03
:10F9200051E037A12846D1F7CFF818B9A06B0AF0FB
:10F930006BFF48E033A12846D1F7C6F880BBA06B27
:10F940000BF072F81FFA80F8A06B0BF082F881467A
:10F9500099F800002D280FD10121A06B0BF096F82B
:10F96000A06B0AF051FF2B21A06B0AF0CBFC4146A3
:10F97000A06B0BF08BF821E099F800002B2810D138
:10F980000121A06B0BF082F8A06B0AF03DFF2D2146
:10F99000A06B0AF0B7FC4146A06B0BF077F80DE0C6
:10F9A0000DE00021A06B0BF071F82D21A06B0AF087
:10F9B000A9FC08F10101A06B0BF068F803E02946EF
:10F9C000A06B0AF051FD00BFF4E600006162630025
:10F9D000AC010024D0010024414243003123000047
:10F9E000EF808D00EF849C00EF808C00456E746585
:10F9F00072000000EFA2A200EF819300EF8194005B
:10FA0000EF959A002B2F2D002DE9F0410446264654
:10FA100096F83D0000F0010040B196F83C00174A0E
:10FA200052F820102046F7F73CFE24E02746398E96
:10FA3000480001F0ABFB0546388E420096F83C00CA
:10FA40000E4B53F82010284601F0F7FC002007E089
:10FA500035F8101021F4007125F81010411C88B2FF
:10FA6000398E8142F4DC29462046F7F71AFE2846F3
:10FA700001F05AFC00BFBDE8F0810000D001002475
:10FA800070B50446254695F83C00054A52F820100A
:10FA90002046F7F717FE2046FFF7B6FF70BD0000BF
:10FAA000AC01002470B506460C46254600202C35D6
:10FAB00045F8080C287F20F008002877287F20F0E0
:10FAC000100028774FF0FF302860287F20F00700D3
:10FAD0002877002028832C3D002146204153481ED2
:10FAE0002863A9636963000CE86328640020A862A6
:10FAF00095F8480020F0400085F848000221204693
:10FB000002F030FF0021204600F0D0FF02A1204685
:10FB100001F00EF870BD000054657874000000001C
:10FB200070B5044600BF00BF2146044802F06BFEDA
:10FB30000546284602F0DCFE284670BDB0370508B1
:10FB400070B506460C462546204600F00BF895F8A1
:10FB50004800C0F3C00010B9686A01F0E5FB00205E
:10FB6000686270BD70B505462C4694F84800C0F335
:10FB7000801020B1A06A10B1A06A01F0D5FB94F802
:10FB8000480020F0400084F848000020A06270BDCA
:10FB90002DE9F04F87B0894649464F4803F0ECFB0A
:10FBA0008246BAF1010F02D007B0BDE8F08F484697
:10FBB000FDF7B3FA05464846FDF710FB06462A2D29
:10FBC00006D1304600F006FF304600F02DFC81E003
:10FBD000132D11D10021304605F055F980464046DD
:10FBE000FDF762FC04462746E01704EB9070811095
:10FBF0004846FDF72FFB6DE0292D06D1304600F079
:10FC0000E9FE304600F010FC64E02C2D5DD1374653
:10FC10000021304605F037F905900021304605F007
:10FC20006FF904900021304605F09EF903904FF0E3
:10FC3000000897F84800C0F3001008B148F0010828
:10FC400097F84800C0F3401008B148F00208304669
:10FC500003F057FC83460021304605F03BFA42F2A0
:10FC6000D171884206D1708CC0F3802010B941F662
:10FC7000FF7B03E0304603F044FC83460398CDE964
:10FC800001B80090796A06A8DDE904320BF04CFD5A
:10FC90004846FDF7A0FA0446B4F90000BDF9181073
:10FCA000884202DDB4F9000001E0BDF918002080AF
:10FCB000B4F90200BDF91A10884202DDB4F902005D
:10FCC00001E0BDF91A00608004E0152D02D148461C
:10FCD000ECF75FFE00BF67E7B037050801460A464C
:10FCE00092F84800C0F3801008B1906A704702F1A2
:10FCF0002800FBE72DE9F04F93B006468B4600BF86
:10FD000000BF00BFBBF1000F03D100BF00BF00BFA9
:10FD1000FEE700BF37460020039041F6120230464E
:10FD2000039904F0D7FF02900298BBF80010081A5C
:10FD300000B2ADF848000020039041F610023046B2
:10FD4000039904F0C7FF02900298BBF80210081A4A
:10FD500000B2ADF84A0010A9304603F07DFB3046F2
:10FD600000F000FA81460025002410A8F6F797FD60
:10FD70000F900021304605F086F80E9000213046A5
:10FD800005F0F2F80D900021304605F0B9F80C901E
:10FD90000E98FDF789FB0B9000200A9080463E46A6
:10FDA00097F84800C0F3001008B148F0010897F830
:10FDB0004800C0F3401008B148F002080021304666
:10FDC00005F088F942F2D171884205D1708CC0F3F8
:10FDD000802008B948F00408002130467A6A02F011
:10FDE000E3FC079028E00020CDE9000809EB0500BE
:10FDF000DDE90E130C9AE5F775FC0444BDF94A20C1
:10FE0000DDE90A01084482420EDC039403A9484656
:10FE1000504A12689047029002980A2803D019F8B5
:10FE2000040000B9641C0BE00D990B9801440A987A
:10FE3000084400B20A90254619F805000028D2D1DE
:10FE400000BF09EB050008904FF0000A0798022850
:10FE500019D1611BCDF800800C9B0E9A08980BF00D
:10FE6000D5FC039010A8F6F71AFD019000EBD070B6
:10FE700041100398029000EBD070A1EB6000504459
:10FE80000FFA80FA14E00798032811D1611BCDF80E
:10FE900000800C9B0E9A08980BF0B8FC039010A8F9
:10FEA000F6F7FDFC0399401A50440FFA80FA00BFA0
:10FEB00000200690059005980490D4B334E005AB7B
:10FEC00002AA03A90898E5F7F1FB08F0010038B190
:10FED000059A0898815C06A8E5F7CAFC00B123E002
:10FEE000DDE902210E98FDF7C0FA00B20190BDF9DC
:10FEF000481001985044814208DB05982844A042EC
:10FF000004D00498284419F8000010B9049805900A
:10FF10000EE0019850440FFA80FA0C9850440FFA02
:10FF200080FA0598049000BF05982844A042C6D3E3
:10FF300000BF094A05990898126890470990294618
:10FF40004846054A1268904701460998084413B08C
:10FF5000BDE8F08F80020024880200242DE9F74FCD
:10FF60008EB0164600BF00BF00BF1EB900BF00BF65
:10FF700000BFFEE700BF0E980D900E9800F0F2F85B
:10FF80000446224600210E9802F00EFC834620789B
:10FF900000BB00207080BBF1010F06D0BBF1020F47
:10FFA0000BD0BBF1030F11D102E0002030800DE037
:10FFB0000E9803F0A6FA308008E00E9803F0A1FA3C
:10FFC000029000EBD0704010308000BF00BF11B035
:10FFD000BDE8F08F0BA90E9803F03EFA4FF0000930
:10FFE00000270BA8F6F75BFC0A9000210E9804F09E
:10FFF0004AFF099000210E9804F0B6FF08900021F6
:020000040803EF
:100000000E9804F07DFF07900998FDF74DFA0690D1
:100010000020059080460D9890F84800C0F300102D
:1000200008B148F001080D9890F84800C0F340105E
:1000300008B148F0020800210E9805F04BF842F292
:10004000D171884206D10E98408CC0F3802008B947
:1000500048F004082046424A0F9912689047054626
:1000600017E00020CDE9000804EB0900DDE90913E1
:10007000079AE5F737FB0744BD4201D3E05D00B9BD
:100080000AE00899069801440598084400B20590D2
:10009000B946E05D0028E4D100BF8DB1681E205C48
:1000A0000A2803D0681E205C0D2809D1605D38B98C
:1000B0000899069801440598084400B20590A9469D
:1000C00004EB09000490A5EB09000390CDF8008033
:1000D000079B099ADDE903100BF098FB82460F9805
:1000E000484503D0079850440FFA80FABBF1020F3D
:1000F0001AD1A7EB0901CDF80080079B099A049853
:100100000BF084FB02900BA8F6F7C9FB009000EB04
:10011000D07041100298019000EBD070A1EB60000C
:1001200050440FFA80FA15E0BBF1030F12D1A7EB90
:100130000901CDF80080079B099A04980BF066FB33
:1001400002900BA8F6F7ABFB0299401A50440FFA45
:1001500080FA00BFA6F800A00598708000BF36E7BF
:1001600084020024014600BF00BF0A46506A70475F
:10017000014600BF00BF0A46106C7047014600BF31
:1001800000BF0A46D06B70472DE9F04705460F4681
:10019000164600BF00BF00BF1EB900BF00BF00BFB2
:1001A000FEE700BF2C4694F84800C0F3C00008B139
:1001B000BDE8F087284605F0AEFB606AD0F79DFBEE
:1001C00080463046D0F799FB814609EB080A0AF1D0
:1001D0000101606A01F0FCF8606200BF606A18B952
:1001E00000BF00BF00BFFEE700BF606A00B9DFE7E5
:1001F0004FF6FF70874204D10749606A0968884753
:10020000074632463946606AE5F702FB0021284678
:1002100000F08EFC00BFCBE78C0200242DE9F04FEC
:1002200093B08346894600BF00BF00BFB9F1000FFD
:1002300003D100BF00BF00BFFEE700BF11A95846B1
:1002400003F00AF95846FFF78DFF0646CDF840B097
:100250000024002711A8F6F722FB0F900021584632
:1002600004F011FE0E900021584604F07DFE0D9022
:100270000021584604F044FE82460E98FDF714F91A
:100280000C90DDF840B000215846DBF8242002F045
:100290008BFA0B9000200A900025DDF840B09BF807
:1002A0004800C0F3001008B145F00105109890F81F
:1002B0004800C0F3401008B145F00205002158463F
:1002C00004F008FF42F2D171884206D1BBF8220047
:1002D000C0F3802008B945F0040519E00020CDE9FD
:1002E000000530195246DDE90E13E5F7FBF9074426
:1002F000B9F902200C990A980844824200DC0AE00D
:10030000DDE90C0101440A98084400B20A903C4619
:10031000305D0028E2D100BF4FF0000800200990B6
:100320000B98022818D1391B3019534600950E9AA4
:100330000BF06CFA029011A8F6F7B1FA009000EBFE
:10034000D07041100298019000EBD070A1EB6000DA
:1003500040440FFA80F813E00B98032810D1391BA2
:100360003019534600950E9A0BF050FA029011A8DE
:10037000F6F795FA0299401A40440FFA80F800BF48
:10038000002008900794079806900020059004909C
:100390006FB327E007AB04AA05A93046E5F786F955
:1003A00005F0010030B10798315C08A8E5F760FA64
:1003B00000B117E0CDF82480DDE904210E98FDF7A7
:1003C00054F840440FFA80F8B9F90000404502DAC9
:1003D000069807900AE008EB0A000FFA80F80798E1
:1003E000069000BF781E07998842D3D200BFDDE98E
:1003F00004210E98FDF739F85044401C0390B9F9D8
:1004000000100998A0EB0A0081420ADBB9F900202C
:10041000039909980844824203DC012013B0BDE827
:10042000F08F0020FAE700002DE9F04F99B0064662
:100430003446606A10B919B0BDE8F08F4FF0FF3054
:10044000206317A9304603F007F817A8F6F727FA34
:1004500016900021304604F016FD1590002130461C
:1004600004F082FD80460021304604F049FD8146BB
:10047000002794F84800C0F3001008B147F00107C6
:1004800094F84800C0F3401008B147F0020700217B
:10049000304604F01FFE42F2D171884205D1708CC3
:1004A000C0F3802008B947F004071698CDE9008012
:1004B00002974B46616A14A8159A0BF035F930463D
:1004C00005F0D5FF94F8480000F0070002287CD121
:1004D0000021304603F00DFF80B21390139850B9FD
:1004E000304603F039F80546F9F744F8032190FB4C
:1004F000F1F080B2139003A8F5F748FA314603A84B
:10050000F5F706FB4FF6FF7103A8F5F7D9FA4FF49C
:1005100096700F9000BF0F98119000BF00200290BE
:1005200017A8F6F7BCF9BDF95010884253DA17A89E
:10053000F6F7B5F9BDF95010A0EB010B5A460021B2
:1005400003A8F5F7D9FAFE4903A8F5F7ABFAFC4979
:1005500003A8F5F7A7FAFA493046F5F7FBF905467F
:100560004FF0000A0020019035B1D5F82CA095F885
:100570003E00C0F3400001900D98504515DDCDF8C8
:1005800038A09DF84A0020F001008DF84A0001983B
:1005900058B19DF84A1021F00201891C8DF84A10CB
:1005A0000A980C990A910C9000BF0C9A0A9913981A
:1005B000F5F7B2FA8346594603A8F5F789FA03A876
:1005C0000D99F5F777FA03A800E06FE0F5F7B6FAB2
:1005D0000120029006E0DA493046F5F78FF9002055
:1005E000A4F8440017A8F6F7CBF8BDF952108842DA
:1005F00054DA0298002851D117A8F6F7C1F8BDF9CE
:100600005210A0EB010B1598FCF74EFFABEB00006E
:1006100002460021009003A8F5F76EFAC94903A825
:10062000F5F740FAC7493046F5F794F905464FF01B
:10063000000A0020019035B1D5F82CA095F83E00B5
:10064000C0F3400001900D98504515DDCDF838A05D
:100650009DF84A0020F001008DF84A00019858B139
:100660009DF84A1021F00201891C8DF84A100A9861
:100670000C990A910C9000BF0C9A0A991398F5F7FF
:100680004BFA8346594603A8F5F722FA03A80D99B9
:10069000F5F710FA03A8F5F751FA06E0A949304634
:1006A000F5F72CF90021462001538AE194F848001F
:1006B00000F0070003287DD10021304603F019FE29
:1006C00085B24DB9304602F047FF8246F8F752FF37
:1006D000032190FBF1F085B204A8F5F757F93146F4
:1006E00004A8F5F715FA4FF6FF7104A8F5F7E8F935
:1006F0000020039017A8F6F7D2F8BDF950108842F1
:100700003CDA202211461598FCF7AFFE00EB4000C2
:10071000BDF950104942081A02460021029004A86F
:10072000F5F7EAF9864904A8F5F7BCF928460D9AC9
:100730000B99F5F7F1F90146029004A8F5F7C8F90D
:100740007F493046F5F706F98246BAF1000F02D02C
:10075000DAF82C0000E0002083460E98584507DDAB
:10076000CDF83CB09DF84E0020F001008DF84E0011
:1007700004A8F5F7E3F90120039006E0704930463C
:10078000F5F7BCF80020A4F8440017A8F5F7F8FF27
:10079000BDF9521088423BDA0398C0BB1598FCF7AC
:1007A00083FEBDF952104942081A02460021029008
:1007B00004A800E034E0F5F79FF9624904A8F5F7D2
:1007C00071F928460D9A0B99F5F7A6F901460290A2
:1007D00004A8F5F77DF95B493046F5F7BBF882468A
:1007E000BAF1000F02D0DAF82C0000E000208346B6
:1007F0000E98584507DDCDF83CB09DF84E0020F02E
:1008000001008DF84E0004A8F5F798F907E0FFE71E
:100810004C493046F5F772F8002146200153D0E0EC
:1008200094F8480000F00700012875D117A8F5F7E3
:10083000A7FFBDF95210884203DB4FF0FF30E062A2
:10084000BFE01598FCF730FEBDF95210884203DB7B
:100850004FF0FF30E062B4E03B49606A09688847C6
:10086000032803D84FF0FF30E062AAE017A8F6F79C
:1008700016F883462E2211461598FCF7F6FD4844DB
:1008800000EB4000ABEB000000B2ADF84C0017A845
:10089000F5F776FFADF84E001598FCF705FE4044DD
:1008A000BDF94E1091FBF0F200FB1210129015985A
:1008B000FCF7FAFD1299884210DCBDF84E10129830
:1008C000081A00B2ADF84E001598FCF7EDFDBDF822
:1008D0004E10084400B2ADF84E000DE0BDF84E10C9
:1008E0001298081A00B2ADF84E00BDF84E00A0EB09
:1008F000080000B2ADF84E0013A93046FFF7FAF930
:100900001190606ACFF7F9FF1090606A0F4A119951
:10091000126890470F9008E052E00FA90C4A606AF5
:10092000126890471198401E11900F98C01C1099A2
:100930008842F2D8DDF83CA000200E90002521E08E
:10094000B1E80308C7E803088C02002484020024ED
:1009500080020024616A0F9A88181C490968884738
:100960000E990844C0B20E900FA9194A606A126825
:1009700090470E98032803DCDDE90F10814200D96F
:1009800002E06D1C032DE5D900BF606A00EB0A018F
:1009900030460E9A00F056F888B1002505E02E206A
:1009A0000AEB0502616A88546D1C032DF7D3002100
:1009B0000AF10300626A11541198C01CE06200E061
:1009C00000BF304604F0A7FF00BF34E570020024EA
:1009D0007C0200242DE9F0478046444694F8480004
:1009E00000F00700012801D0BDE8F087E06A401C54
:1009F00000B9F9E7E06AA0F103094946104A606AC4
:100A000012689047064600254046FFF767F90746FB
:100A100005E0785D7219616A8854681CC5B2711965
:100A2000606A405C0028F4D1785D7219616A88546C
:100A30004046FFF797F84FF0FF30E06200BFD3E782
:100A4000840200242DE9F04106460F46154634463F
:100A50003046FFF787F8042D1AD9681C00F096FB82
:100A6000A062A06A20B900BF00BF0020BDE8F081ED
:100A70002A463946A06A00F0E0FC0020A16A4855E9
:100A800094F8480020F04000403084F848000BE023
:100A900094F8480020F0400084F848002A4639467F
:100AA00004F1280000F0C9FC0120DFE770B506461C
:100AB0000D4600BF00BF34461B493046F4F71EFF09
:100AC0001A493046F4F71AFF0020A4F84400002128
:100AD00046200153022D03D0032D01D0042D07D150
:100AE00094F8480020F02000203084F8480005E009
:100AF00094F8480020F0200084F8480094F848005A
:100B000000F00700012805D1E06A401C10B1304612
:100B1000FFF760FF94F8480065F3020084F848008E
:100B20003046FFF781FC70BDB1E80308C7E8030851
:100B30002DE9F04106460D4600BF00BF3446304661
:100B400004F0E9FE05B9656A606AA84219D194F813
:100B50004800C0F3C000A0B9606ACFF7CEFE471CC2
:100B60003946606A00F034FC606200BF606A18B900
:100B700000BF00BF00BFFEE700BF606A58BBBDE812
:100B8000F081606A48B194F84800C0F3C00020B911
:100B9000606A00F0C9FB002060622846CFF7ADFE16
:100BA000471C384600F0F2FA606200BF606A18B96C
:100BB00000BF00BF00BFFEE700BF606A00B9DEE70C
:100BC0002946606ACFF775FE94F8480020F00800C7
:100BD00084F8480000BF3046FFF726FC00BFCEE790
:100BE0000FB438B5054600BF00BF00BF059818B95F
:100BF00000BF00BF00BFFEE700BF284604F08BFE29
:100C00002C46059828B92846FFF70EFC38BC5DF83D
:100C100014FB606A48B194F84800C0F3C00020B9E2
:100C2000606A00F081FB0020606206A800900099D5
:100C30000598E4F741FE60620020009094F84800B7
:100C400020F0080084F848002846FFF7EDFB00BFBD
:100C5000DCE770B504460D4600BF00BF264635648C
:100C6000204604F058FE70BD70B504460D4600BF26
:100C700000BF2646F563204604F04DFE70BD70B5FA
:100C800005460E4600BF00BF2C4694F84800C0F34E
:100C9000C00030B9606A20B1606A00F045FB0020F6
:100CA00060623EB194F8480020F00800083084F8F3
:100CB000480066622846FFF7B7FB70BD10B5F8F72D
:100CC00053FC0446F8F783FC10BD000070B50446E1
:100CD0000D4614480068401C124908600846006828
:100CE000C1001148006800F073FB0F49086000BFA5
:100CF0000846006818B900BF00BF00BFFEE700BF8C
:100D000008480068401E0849096841F83040054815
:100D10000068401E0449096801EBC00045600148B5
:100D2000006870BDDC0000243C020024F8B50646D3
:100D30000C46254620460AF0BFF80090BDF800009A
:100D4000A884FF2085F82600F8BD00002DE9F04FAB
:100D5000A3B0824688464046FCF7DFF90746152FC8
:100D60000BD0162F09D04146814802F005FB0646FC
:100D7000012E02D023B0BDE8F08F4046FCF72EFADA
:100D80000446152F7ED1254615A8FAF765FB15AA4E
:100D90000021204604F010FCBDF85A000090F7F73F
:100DA00083FC8346F7F757FC029035F8240F5A4628
:100DB00000900299F7F7AAFE0190BDF80400ADF883
:100DC0005A00BDF85E000090F7F76EFC8346F7F717
:100DD00042FC029028885A4600900299F7F796FE46
:100DE000019015A8BDF80410ADF85E102098F7F733
:100DF0005BFC8346F7F72FFC029028885A46009048
:100E00000299F7F783FE0190BDF80400ADF8800069
:100E1000BDF872000090F7F747FC8346F7F71BFC1C
:100E2000029028885A4600900299F7F76FFE0190C9
:100E3000BDF80400ADF872001E98F7F735FC834644
:100E4000F7F709FC029028885A4600900299F7F7B4
:100E50005DFE0190BDF80400ADF87800F7F7FBFBEC
:100E60000290AA78BDF85A0000900299F7F74EFE5A
:100E70000190BDF80400ADF85A00F7F7ECFB0290C2
:100E8000AA7800E071E0BDF85E0000900299F7F7E3
:100E90003DFE019015A8BDF80410ADF85E10F7F7FF
:100EA000DAFB0290AA78BDF8720000900299F7F779
:100EB0002DFE0190BDF80400ADF87200F7F7CBFBF2
:100EC0000290AA7801462098F7F720FE0190BDF81D
:100ED0000400ADF88000F7F7BEFB0290AA78014647
:100EE0001E98F7F713FE0190BDF80400ADF87800E6
:100EF000A8785038BDF8821010FB01F0AF2190FBAC
:100F0000F1F000B2ADF88200A878243D5038BDF869
:100F1000881010FB01F0AF2190FBF1F000B2ADF8AA
:100F200088004046FCF701F98146494603A801F0D4
:100F3000FDFF04F1140006900D4804900020059078
:100F400015A807900020109003AA1A212046FCF74C
:100F50004BF904F1140215A94846FAF761FA03AAFD
:100F60001B212046FCF740F900BF00BF02E700004C
:100F7000D4FC040870B506460C462546002028859A
:100F8000686285F82A000221204601F0EBFC70BD62
:100F90002DE9F34F89B072480A9902F0EDF90890F3
:100FA0000898012802D00BB0BDE8F08F0A98FCF732
:100FB000B4F880460A98FCF711F90646B8F1130F09
:100FC0000ED10021304603F011FB04460A98FCF7CD
:100FD00002F90546B5F90000A04200DA2C80BDE018
:100FE000B8F12C0F3ED134460A98FCF7F4F883464A
:100FF0004FF00009CA46208D002832DD00251BE095
:10100000606A30F92500484503DD606A30F9250043
:1010100000E048468146606A00EB8500B0F90200B6
:10102000504505DD606A00EB8500B0F9020000E084
:1010300050468246681C85B2208DA842E0DC002123
:10104000304603F0D3FA074609EB07000FFA80F9A0
:101050000AEB07000FFA80FAABF80090ABF802A099
:1010600000BF7BE0B8F1150F78D134460A98FCF741
:101070005CF88346208D08B1606A00B993E706A941
:10108000304602F05DFA304602F0AAFCBDF81810B6
:10109000081A0FFA80F9304602F0ACFCBDF81A10BD
:1010A000081A07B2304602F0A1FA824601A8F9F701
:1010B00013FA01AA0021304604F00AFA002548E09C
:1010C000606A30F82500484400B2ADF81400681C8E
:1010D000616A31F82000484400B2ADF8100094F87D
:1010E0002A0000F0010088B9606A00EB85004088A2
:1010F000384400B2ADF81600681C616A01EB80004C
:101100004088384400B2ADF8120014E0606A00EB89
:1011100085004088AAEB0000384400B2ADF8160004
:10112000681C616A01EB80004088AAEB000038442B
:1011300000B2ADF8120004AB05AA01A95846F9F7B0
:10114000B4F99DF80D0020F004008DF80D00681C26
:1011500085B2208D401EA842B2DC00BF00BF22E74E
:10116000CC370508F0B50446059D944201DB2846BE
:10117000F0BD8C4201DC1846FAE7571AEE1A601AE5
:10118000704390FBF7F01844F2E7000030B587B0E9
:10119000044614B9094807B030BD21460848006824
:1011A0000AF009F905463DB900BF00BF684600F0E6
:1011B000DDF800BF00BF00BF2846ECE75402002462
:1011C0005002002410B5002415E00C4850F83400FB
:1011D00078B10A4951F8340000F0A6F80020074918
:1011E00041F8340001EBC4018871044901EBC401EA
:1011F0008880601CC4B2102CE7DB10BD780E002480
:101200002DE9F041054615B90020BDE8F0814FF009
:10121000FF3600212CE0374800EBC100807900F058
:10122000010018BB334800EBC1008088A8421DD3E1
:10123000304800EBC1008088A84208D101202D4A27
:1012400002EBC10290712B4850F83100DDE7002E0F
:1012500001DA4EB20AE0274800EBC1008088254A37
:1012600002EBC6029288904200DA4EB2481CC1B22C
:101270001029D0DB002E08DB01201E4901EBC6013E
:1012800088711C4850F83600BFE7002428E0194850
:1012900000EBC400807900F00100F8B9154951F85D
:1012A0003400294600F094F8074600BF1FB900BF7C
:1012B00000BF00BFFEE700BF0FB90020A5E7012077
:1012C0000C4901EBC40188710A4901EBC4018D800E
:1012D000084840F8347050F8340096E7601CC4B2F7
:1012E000102CD4DB00BF00BF00BF00BF00BF00BF99
:1012F000FEE70000780E0024014600200CE0094AB9
:1013000052F830208A4205D10022064B03EBC0037D
:101310009A717047421CD0B21028F0DB00BF00BFAA
:1013200000BFF6E7780E002410B504460648844254
:1013300000D110BD04B9FCE72146044800680AF05A
:101340000CF800BFF5E7000054020024500200240E
:1013500010B54FF48011034809F0E8FF0249086016
:1013600010BD0000000040C05002002470B50446CB
:101370001C220021204600F0B4F9134800680AF04E
:1013800014F80546224611490AF09CF84FF48010E3
:1013900020606421A06848432168B0FBF1F0C0F1EF
:1013A00064002076A06858B16421E0684843A168D1
:1013B000B0FBF1F06076607EC0F16400607601E021
:1013C0000020607670BD0000500200241514030850
:1013D00070B505460C4624B92846FFF7A5FF0B4813
:1013E00070BD0A48854203D12046FFF7CFFEF7E7DC
:1013F000224629460648006809F0F5FF06461EB950
:1014000000BF00BF0020EBE73046E9E754020024AC
:101410005002002430B5044618461AB105696D1C07
:10142000056109E045686D1C456085680D4485606F
:10143000C5688D4200D2C16030BD2DE9F0410F4634
:10144000154601463A4601F0030602F0030CB44586
:101450007DD0C2E092F8008081F80080491C521CC7
:1014600092F8008081F80080491C521C92F800809C
:1014700081F80080491C521C92F8008081F800809D
:10148000491C521C92F8008081F80080491C521CB3
:1014900092F8008081F80080491C521C92F800806C
:1014A00081F80080491C521C92F8008081F800806D
:1014B000491C521C92F8008081F80080491C521C83
:1014C00092F8008081F80080491C521C92F800803C
:1014D00081F80080491C521C92F8008081F800803D
:1014E000491C521C92F8008081F80080491C521C53
:1014F00092F8008081F80080491C521C92F800800C
:1015000081F80080491C521C92F8008081F800800C
:10151000491C521C92F8008081F80080491C521C22
:1015200092F8008081F80080491C521C92F80080DB
:1015300081F80080491C521C92F8008081F80080DC
:10154000491C521C92F8008081F8008000E053E0B2
:10155000491C521C92F8008081F80080491C521CE2
:1015600092F8008081F80080491C521C92F800809B
:1015700081F80080491C521C92F8008081F800809C
:10158000491C521C92F8008081F80080491C521CB2
:1015900092F8008081F80080491C521C92F800806B
:1015A00081F80080491C521C92F8008081F800806C
:1015B000491C521C92F8008081F80080491C521C82
:1015C00092F8008081F80080491C521C92F800803B
:1015D00081F80080491C521C203D202D3FF63AAF77
:1015E00006E092F8008081F80080491C521C6D1EB4
:1015F000002DF6D1BDE8F0816EB1C6F1040607E01A
:1016000092F8008081F80080491C521C761E6D1EE5
:101610000EB1002DF4D10B46144630E0D4F8008012
:10162000C3F800801B1D241DD4F80080C3F800807F
:101630001B1D241DD4F80080C3F800801B1D241D31
:10164000D4F80080C3F800801B1D241DD4F800804E
:10165000C3F800801B1D241DD4F80080C3F800804F
:101660001B1D241DD4F80080C3F800801B1D241D01
:10167000D4F80080C3F800801B1D241D203D202DC0
:10168000CCD806E0D4F80080C3F800801B1D241DD0
:101690002D1F042DF6D81946224606E092F8008048
:1016A00081F80080491C521C6D1E002DF6D100BF30
:1016B000A0E730B504460B4604E01D782570641C95
:1016C0005B1C521E002AF8D130BD30B504460B46D3
:1016D00004E01D782570641C5B1C521E002AF8D1A2
:1016E00030BDF0B506460B46344604F003054DB157
:1016F000C5F1040503E02370641C521E6D1E0DB17C
:10170000002AF8D103EB032707EB034707EB03613C
:10171000204610E00160001D0160001D0160001DF9
:101720000160001D0160001D0160001D0160001DC1
:101730000160001D203A202AECD802E00160001D63
:10174000121F042AFAD8044602E02370641C521EB9
:10175000002AFAD1F0BD30B50446224602F0030358
:1017600053B1C3F1040304E000251570521C491E57
:101770005B1E0BB10029F7D1104611E00025056072
:10178000001D0560001D0560001D0560001D056051
:10179000001D0560001D0560001D0560001D20394D
:1017A0002029EBD803E000250560001D091F04294E
:1017B000F9D8024603E000251570521C491E002985
:1017C000F9D130BD30B50446224602F0030353B1CF
:1017D000C3F1040304E0FF251570521C491E5B1E73
:1017E0000BB10029F7D1104612E04FF0FF3505602C
:1017F000001D0560001D0560001D0560001D0560E1
:10180000001D0560001D0560001D0560001D2039DC
:101810002029EAD804E04FF0FF350560001D091FBC
:101820000429F8D8024603E0FF251570521C491E12
:101830000029F9D130BD024600BF00BF906C88423C
:1018400001D101207047506B884205D192F86100A8
:10185000012801DC0120F5E70020F3E72DE9F0473E
:1018600080464046FBF759FC8146B9F1070F40D14D
:101870004046FBF7B3FC06464046FBF7B2FC044685
:10188000606BB04204D0A06CB04201D0BDE8F087DC
:1018900094F8600084F8610031462046FFF7CBFFE2
:1018A00000B1F3E704F154073846E3F77AFB8246C8
:1018B00051463846E3F78DFB0546CDB151463846D3
:1018C000E3F7EEFB5046FFF72FFD14F8600F401EC4
:1018D000207029463846E3F7E3FB2078401E04F8E1
:1018E00060092046296800F06CF92846FFF71CFDC6
:1018F00000BF00BFCAE770B5044600BF00BF254661
:101900002C4605F154063046E3F733FB002085F8FA
:10191000600070BD2DE9F05F83460C4650480168B9
:10192000204605F069F90021204605F02BF92546EF
:101930006035A87820F00600A870A87820F008008C
:10194000A870002028706870A87820F00100A870A6
:10195000603D042105F15400E3F74EFB204601F001
:10196000C7F868620121686A00F0E0FA0020E863C5
:101970006864A864E864286421463A4800F043FF9C
:101980000646304600F0B4FF42F26401304605F0EE
:101990001AF90121304605F007F90121304605F01A
:1019A000F1F84FF48041304600F0C0FA0221304691
:1019B00000F0D8FFAE6231462B4800F024FF074606
:1019C000384600F095FF42F2D17242F26401384687
:1019D00005F009FA0021384605F0D4F802231A462A
:1019E0000021384605F0AEF80221384600F0BAFF73
:1019F0004FF48041384600F099FA2F63286BF5F7D1
:101A0000E5F980462B4607221849404600F046FA81
:101A10004FF48041404600F089FA0021404605F02D
:101A2000B1F8C5F83480686BFCF778FC824610A1E9
:101A30005046FDF71CFB286BFEF772F8814601212A
:101A4000484600F073FAC5F838900020E86228652F
:101A50002B461C220749204600F020FABDE8F09FE3
:101A600008010024ECFD040808FE04085D180308C2
:101A7000EF819300D51C030870B505460C46002184
:101A8000204605F07FF802231A460021204605F083
:101A900059F80221204600F065FF70BD2DE9F041A4
:101AA00007460C46264606F154052846E3F761FA38
:101AB000BDE8F081014600BF00BF0A46D06A70470A
:101AC000014600BF00BF0A46106C704770B506465D
:101AD0000C46204601F0DAFD05462046696A05F00D
:101AE000AFF80121204605F04DF802231A460021E7
:101AF000204605F027F84FF48041204600F016FA02
:101B000070BD70B506460C462546686A20B1686A05
:101B1000FFF70AFC0020686270BD70B5054600BF83
:101B200000BF2C46206B08B1E06A00B970BD94F884
:101B30006200C0F3410020B101280BD002281BD164
:101B400011E00021206B04F0A5F80121E06A05F006
:101B50002BF811E00021206B04F09CF80021E06AD2
:101B600005F022F808E00121206B04F093F8012130
:101B7000E06A05F019F800BF00BF206B04F0A5FA79
:101B8000E06A04F0A2FA206B05F0DCFB206B01F0A8
:101B900099FC20B90121206B00F0C8F903E0012174
:101BA000206B00F0DFFE00BFC0E770B505460C46B5
:101BB0000121204604F0E6FF0221204600F0D2FE7B
:101BC00070BD2DE9F04106460D4600BF00BF34460A
:101BD000E06A18B1616AE06A05F032F88DB104F18B
:101BE00054073846E3F710FA8046C8F8005094F8D6
:101BF0006000401C84F860002846A16A05F020F8C7
:101C000002E03046FFF777FEE562206D50B1206CB0
:101C100020B10121206D00F0C6F903E00121206D03
:101C200000F0E1FE206C80B394F8620000F0010047
:101C3000A8B194F86200C0F3C00040B10121A06CCB
:101C400000F090FE0221A06C00F070F907E0012185
:101C5000A06C00F06BF90221A06C00F083FE94F8F8
:101C60006000022808DB0121606B00F07BFE02218E
:101C7000606B00F05BF923E00121606B00F056F926
:101C80000221606B00F06EFE1AE0FFE794F860003E
:101C9000022804DA94F86200C0F3C00040B10121C8
:101CA000606B00F05FFE0221606B00F03FF907E01F
:101CB0000121606B00F03AF90221606B00F052FEE6
:101CC00000221C212046FBF78FFA3046FFF725FF44
:101CD000BDE8F0812DE9F04180464046FBF781FAEE
:101CE00007463C463846FFF7E5FE064686B1A06B40
:101CF00070B1706A40B1716AA06BFEF719FF0121E3
:101D0000A06B00F02FFE03E00121A06B00F00EF9A4
:101D10003846FFF7D5FE054685B1E06C70B1686ABC
:101D200040B1696AE06CFEF703FF0121E06C00F04E
:101D300019FE03E00121E06C00F0F8F8BDE8F08145
:101D400070B506460C462546242105F12400E3F72C
:101D500053F91C2105F13000E3F74EF970BD70B561
:101D600006460C4600BF00BF254605F13000E3F7EC
:101D700000F905F12400E3F7FCF870BD2DE9F04F00
:101D800097B00D462946444801F0F6FA1690169889
:101D9000012802D017B0BDE8F08F2846FBF7BDF947
:101DA00006462846FBF71AFA0446152E71D1284636
:101DB000FBF7BBF9159013A9204601F04DFB13AAC0
:101DC00020461599E6F770FD13AA20461599EEF7FF
:101DD00005F813AA20461599EBF7DEFB13A8F4F7D4
:101DE0003BFD824600EBDA704710BDF84C003844EA
:101DF00000B2ADF84800BDF84E00384400B2ADF86E
:101E00004A0004A8F9F728FB04AA4FF40031204641
:101E100003F0D2FB4FF4003A41F201025146204652
:101E200002F058FF0190019800B2834600EBDB708E
:101E30004FEA600800BF41F204025146204602F01A
:101E400049FF0190019800B2834600EBDB704FEA36
:101E50006009BDF84800A0EB080000B2ADF808002A
:101E6000BDF84A00A0EB090000B2ADF80A00BDF8C9
:101E70004800404400B2ADF80C00BDF84A004844A8
:101E800000B2ADF80E0002AA04A91598F9F7C8FA35
:101E900000BF00BF7EE7000040FE04082DE9F041CE
:101EA00004460D4616461F4600BF00BF204600F000
:101EB00037FBA068807E401CA1688876A268927E6D
:101EC00002EB42029100A268D068FFF781FAA16894
:101ED000C86000BFA068C06818B900BF00BF00BFDD
:101EE000FEE700BFA068C168807E401E00EB400096
:101EF00041F82050A068C268807E401E00EB400080
:101F000002EB80000672A068C168807E401E00EB74
:101F1000400001EB80004760A068C168807E401EE1
:101F200000EB400001EB8000BDE8F0812DE9FF41AE
:101F300005460C4600BF00BF284603F069FD064673
:101F400004F0010010B1284603F0E5FCE8692043E5
:101F5000E86104F0010010B1284603F0DCFC2846DB
:101F600003F056FDB04202D104F0C07040B12846E3
:101F700001F08CFB074603F091FD284603F08EFD2F
:101F800004F0100068B16A4602A9284601F03CFD41
:101F900002A9284603F0F9FC6946284603F0F5FC3F
:101FA00000BFBDE8FF8170B504460E4600BF00BF0C
:101FB000208C40EA0605208CA84203D02946204602
:101FC00004F020FF70BD2DE9F04104468846174615
:101FD00000234FF6FF723946204610F0ADF8002579
:101FE00011E0E06800EBC5004068C0F3406000B15C
:101FF00008E0E06800EBC5004068C0F3006000B195
:1020000000E005E06D1C608CC0F3C500A842E8D874
:1020100000BF608CC008401C618C60F3C801618403
:10202000628CC2F3C502D100E068FFF7D1F9E0602D
:10203000608CC0F3C500461E09E0E06800EBC601F5
:102040000246701E02EBC00205CA05C1761EAE42F2
:10205000F3D8E16801EBC5000821FFF77CFBE068DD
:1020600040F83580E06800EBC500406867F3170072
:10207000E16801EBC50148604FF6FF723946204622
:1020800004F00EFABDE8F0812DE9F04106460F4656
:1020900014461D4600223946304604F0B3FF2A4656
:1020A0002146304604F04DFEBDE8F0812DE9FF4F9A
:1020B00087B00E4690469A4600BF00BF079805F0CD
:1020C00041F91EB9079801F0E1FA064600BF00BFCA
:1020D0004FF0000900200690079801F0D7FA074654
:1020E0000021384602F0C7F905900021384602F079
:1020F000DCFB01460598084400B2049000213846F4
:1021000002F03FFD01460598084400B2039000210B
:10211000304602F0B0F902900021304602F0C5FBD3
:1021200001460298084404B20021304602F029FD1D
:1021300001460298084405B2B8F1000F0AD1002107
:10214000304602F00AF9012802D14FF0030801E0FD
:102150004FF00108B8F1160F32D2DFE808F0313243
:10216000354A5866869FB40BD4DDFEFDFCFBFAF9B8
:10217000F8F7F6F5304601F0C4F9009000EBD070A6
:102180004FEA600B079802F0CCFF019000EBD07093
:10219000ABEB600020440FFA80F9304601F092F971
:1021A000009000EBD0704FEA600B079801F01EFA28
:1021B000019000EBD070ABEB6000284400B20690B9
:1021C00070E1A14606956DE1304601F09AF9009064
:1021D00000EBD0704FEA600B079802F0A2FF01906D
:1021E00000EBD070ABEB600020440FFA80F906954D
:1021F00058E1304601F085F98346079802F091FFD7
:10220000ABEB000020440FFA80F906954AE1A146A5
:10221000304601F057F98346079801F0E7F9ABEB38
:102220000000284400B206903CE1304601F069F914
:10223000009000EBD0704FEA600B079802F071FF3E
:10224000019000EBD070ABEB600020440FFA80F9F6
:10225000304601F037F98346079801F0C7F9ABEB38
:102260000000284400B206901CE1304601F049F914
:102270008346079802F055FFABEB000020440FFAAD
:1022800080F9304601F01EF98346079801F0AEF957
:10229000ABEB0000284400B2069003E1A1463046B3
:1022A00001F010F9009000EBD0704FEA600B079836
:1022B00001F09CF9019000EBD070ABEB600028447A
:1022C00000B20690EEE0304601F01BF98346079815
:1022D00002F027FFABEB000020440FFA80F93046F4
:1022E00001F0F0F8009000EBD0704FEA600B079817
:1022F00001F07CF9019000EBD070ABEB600028445A
:1023000000B20690CEE04FF00009079801F06EF998
:10231000404200B20690C5E0304602F002FF009055
:1023200000EBD0704FEA600B079802F0FAFE0190C4
:1023300000EBD070ABEB60000FFA80F9079801F06A
:1023400055F9404200B209E09CE084E07CE069E09D
:102350004FE045E034E01CE014E001E00690A1E02D
:10236000304602F0DEFE8346079802F0DAFEABEB61
:1023700000000FFA80F9079801F038F9404200B2E6
:1023800006908FE04FF00009304601F02FF90690DB
:1023900088E0304602F0C5FE009000EBD0704FEAB6
:1023A000600B079802F0BDFE019000EBD070ABEB24
:1023B00060000FFA80F9304601F018F9069071E0DC
:1023C000304602F0AEFE8346079802F0AAFEABEB61
:1023D00000000FFA80F9304601F008F9069061E03C
:1023E000079802F09EFE40420FFA80F90020069006
:1023F00058E0079802F095FE40420FFA80F9304607
:1024000001F0F4F8009000EBD0704FEA600B0798F1
:1024100001F0ECF8019000EBD070ABEB600000B283
:1024200006903FE0079802F07CFE40420FFA80F9E8
:10243000304601F0DBF88346079801F0D7F8ABEBA4
:10244000000000B206902DE0304602F06AFE8146A0
:102450000020069026E0304602F063FE81463046BA
:1024600001F0C4F8009000EBD0704FEA600B0798C1
:1024700001F0BCF8019000EBD070ABEB600000B253
:1024800006900FE0304602F04CFE8146304601F0E7
:10249000ADF88346079801F0A9F8ABEB000000B255
:1024A000069000BF00BF0021384601F056FF01280A
:1024B0000DD1384601F008FAB18A5144BA8A891A16
:1024C00001440498081A48440FFA80F90CE0384691
:1024D00001F082F9B18A5144BA8A891A01440498F8
:1024E000081A48440FFA80F9384601F06FFAF28A68
:1024F00014990A44F98A511A01440398091A069852
:10250000084400B2069000220121079804F07AFDE9
:102510004946DDE9062004F014FC0BB0BDE8F08F5D
:1025200010B5044600BF00BFA06808BB1148006892
:10253000401C104908601C20FEF728FEA06000BF68
:10254000A06818B900BF00BF00BFFEE700BFA068C9
:1025500000B910BD1C21A068FFF7FDF80F20A1688D
:102560004876A068007E20F00300C01CA1680876B1
:1025700000BFEEE7D80000242DE9FC4780460F4657
:102580000121404602F02AFE10B10020BDE8FC8780
:10259000404601F083F80446204600F0DDFF814606
:1025A0004846F7F73DF8A04210D04846F7F745F8FF
:1025B000A0420BD04846F7F717F8A04206D048468D
:1025C000F7F705F8A04201D00020DFE74FF4002123
:1025D000404602F003FE48BB4046E2F7BCFD06461B
:1025E00008F114016846F4F70FF8BDF80000801BED
:1025F00000B2ADF80000BDF80200801B00B2ADF8DB
:102600000200BDF80400304400B2ADF80400BDF88B
:102610000600304400B2ADF806006A463946384636
:10262000E1F702F908B90020B0E700BF404601F029
:102630002DF8054619E00121284602F0CFFD08B12A
:102640000020A3E74FF40021284602F0C7FD40B95F
:1026500005F1140239463846E1F7E6F808B90020DA
:1026600094E7284601F012F80546002DE3D1012039
:102670008CE72DE9FE4F05460E464FF00008314627
:10268000284602F0C3FB0446002C46D031462846BB
:1026900002F0A2FB0090009802283DDD204604EBEA
:1026A000D0714910491C0CB23146284602F0A1FBFA
:1026B000204404B23146284602F074FB814631467C
:1026C000284602F07CFB8246B9F1000F01DD484646
:1026D00001E0C9F10000BAF1000F01DD514601E04F
:1026E000CAF10001884207DDB9F1000F01DD48465B
:1026F00009E0C9F1000006E0BAF1000F01DD504623
:1027000001E0CAF10000204404B2A04501DD4046CA
:1027100000E02046804600BF00BF3146284601F059
:10272000CDFF0746C7B13146284601F0ADFF8246CE
:10273000BAF1020F0FDD3146284601F0B2FF8146A3
:1027400009EB0700404501DA404601E009EB0700CC
:102750000FFA80F800BF00BF00BF40F60A02314602
:10276000284602F0B7FA009000980FFA80FB00BFED
:1027700000BF40F60B023146284602F0ABFA00904B
:10278000009800B202900298834501DD584600E0AF
:10279000029801900198002803DD019840440FFA47
:1027A00080F84046BDE8FE8FFEB504460D4616464D
:1027B00000BF41F25D422946204602F08BFA0090AC
:1027C0000098C0B2029000BF41F26A4229462046FA
:1027D00002F080FA00900098C0B2019000BF9DF80E
:1027E000080008B90120029000BF9DF80800FEBD56
:1027F00002460AB9002070471068884201D10120C2
:10280000F9E70020F7E72DE9F04107460C46384686
:10281000EFF7DAFF80464046FEF7B8FC054615B9EB
:102820000020BDE8F08141462846FEF794FF2F6066
:102830006C60002C30D1F6F797FE06461EB900BF3B
:1028400000BF0020EDE7F06840B90420FEF79EFCD1
:10285000F060F0680560012070620DE0706A401C55
:102860007062726A9100F068FEF7B2FDF060706A03
:10287000401EF16841F820500020A8820021E98222
:10288000F6F78AFE401E01B229830020F6F7EAFE21
:10289000401E01B2698329E000BF00BFA06810B9E3
:1028A0002046FFF73DFEA068006858B90420FEF7F7
:1028B0006DFCA1680860A068006805600120A1683F
:1028C000486013E0A0684068401CA1684860A268A6
:1028D00052689100A2681068FEF77AFDA16808604E
:1028E000A068D0E90010401E41F82050284698E723
:1028F00070B50446204603F0D1F8002000F020FB1C
:10290000204608F04DFA204600F07DF8012000F046
:1029100017FB4FF6FF724FF47021204603F0C0FD05
:10292000204603F0A4FDFBF731FA06463EB12046EF
:1029300003F059F818B121463046FBF761F92046FB
:1029400000F0A4FE054665B1224622212846FAF78A
:102950004BFC224623212846FAF746FC204602F08B
:10296000DAFF70BD2DE9FF4105460C4600BF00BFF0
:10297000284603F04DF8064604F0100068B16A4698
:1029800002A9284601F040F802A9284602F0FDFFFE
:102990006946284602F0F9FF00BFE869A043E861F4
:1029A00004F0010078B1284602F0B5FF284603F094
:1029B0002FF840B1284600F069FE074603F06EF894
:1029C000284603F06BF8284603F022F8B04202D103
:1029D00004F0C07028B1284600F058FE074603F006
:1029E0005DF8BDE8FF8170B504460E4600BF00BF2C
:1029F000208C20EA0605208CA84203D029462046D8
:102A000004F000FA70BD70B50446256820680068BF
:102A100028B12068006820602046FFF7F4FF256099
:102A20002068406818B1206821464268904770BD10
:102A30002DE9F84381460C4665686DB3284600F0E1
:102A4000CBFE0746284600F0C1FF8046002641F62F
:102A500010023146284602F03DF900900098E98ABC
:102A60000844A0EB080001B2E182E08A401E01B2F6
:102A7000618300BF41F612023146284602F02AF96E
:102A800000900098A98A0844C01B00B2A082A08AC6
:102A9000401E01B2218300BF0220E061E06940F4E2
:102AA0008050E0611DB1E06940F40050E0611DB16B
:102AB000E06940F44070E061E06940F00400E061EA
:102AC000E06940F01000E061E06940F02000E06162
:102AD000E06940F04000E061E06940F40060E061DE
:102AE0001DB1E06940F40040E061BDE8F8830000FA
:102AF00070B5044600BF00BF21460448FFF783FEBF
:102B000005462846FFF7F4FE284670BD30F7040856
:102B10002DE9F041064600BF00BF00BF00BF3046B0
:102B200002F0F9FE304600F0B1FD044614B1204633
:102B300003F0D2FF0025002754B9304600F00CFD09
:102B400005460DB9BDE8F0812869B04200D10127E2
:102B5000304609F06AFE84B10021204603F0EAF80D
:102B6000204603F0B9FF002222212046FAF73CFB61
:102B7000002224212046FAF737FB1FB100BF00BF17
:102B80000020286100BF00BF00BFDBE770B506462C
:102B90000C462046E1F730FA002000F0D1F900BFE2
:102BA000184A0021204603F024FD00BF012000F058
:102BB000C7F900212046F2F7A1FE204600F00CFDE7
:102BC000054615B12046FBF71EF9A068C0B1A06804
:102BD000006830B1A1680868FEF7A6FB0020A16874
:102BE0000860A068C06830B1A168C868FEF79CFBA7
:102BF0000020A168C860A068FEF796FB0020A060D6
:102C000070BD0000FFFF0F002DE9F04FA3B082461A
:102C10005046FAF782FA06465046FAF7DFFA0446BB
:102C2000122E6AD15046FAF7D6FA054628780228BD
:102C300002D123B0BDE8F08F0021204601F069FCED
:102C400010B102202870F4E70021204602F09EF81F
:102C500083460021204602F0E2F907460021204683
:102C600002F0C3F9804604F1140121A8F3F7C3FC74
:102C7000BDF88400C01B00B2ADF88400BDF8880028
:102C8000384400B2ADF88800BDF88600A0EB08001B
:102C900000B2ADF88600BDF88A00404400B2ADF83D
:102CA0008A005A4621A96868E0F7FFFD10B90120A3
:102CB0002870BEE70021204601F0B6FBFD2802DAAD
:102CC00001202870B5E74FF00009682249462046E8
:102CD00002F000F820902098C0B210B101202870B6
:102CE000A7E70021204601F0A8FCFD2802DA012018
:102CF00028709EE70020287014E1152E7ED15046E2
:102D0000FAF713FA834615A8F8F7A6FB0021204628
:102D100001F0A2FB30B19DF8770020F00100401CCB
:102D20008DF8770015AA0021204602F045FC00210D
:102D3000204602F074F905460021204602F055F9BC
:102D4000074604F1140113A8F3F755FCBDF84C0035
:102D5000401B00B2ADF84C00BDF85000284400B252
:102D6000ADF85000BDF84E00C01B00B2ADF84E00EB
:102D7000BDF85200384400B2ADF85200594601A8DF
:102D800000F0D4F8684802900020039015A8059040
:102D900013A8049000200E9001AA1A212046FAF7E9
:102DA00023FA0021204601F0B4FB20B1BDF8540005
:102DB00008B1012000E000208146DDF86480B9F10F
:102DC000000F01D00020199013AA15A95846F8F752
:102DD00027FBB9F1000F26D01820FEF711FA00905A
:102DE000BDF95420002304F114010098F8F71EFAED
:102DF00004F590710098F7F79BFB00E019E0B8F13B
:102E0000000F0FD000208DF857008DF876008DF858
:102E10007E008DF88A00CDF8648013AA15A9584663
:102E2000F8F7FEFA00BF01AA1B212046FAF7DCF9E9
:102E300078E0182E76D15046FAF777F98046414669
:102E40002046EBF7A1FA0021204601F062FB60B1B9
:102E500004F59070F8F7B8FA05462DB12846F7F753
:102E600049FE2846FEF748FA00BF0021204601F03F
:102E7000F3FA002855D015A8F8F7EEFA00208DF8DF
:102E800057008DF86E008DF87E008DF88A0015AA27
:102E90000021204602F090FB0021204602F0BFF8FE
:102EA00005460021204602F0A0F8074604F114016F
:102EB00013A8F3F7A0FBBDF84C00401B00B2ADF81F
:102EC0004C00BDF85000284400B2ADF85000BDF8E9
:102ED0004E00C01B00B2ADF84E00BDF852003844A1
:102EE00000B2ADF85200414601A800F01FF80E48AC
:102EF00002900120039015A8059013A804900020CB
:102F00000E9001AA1A212046FAF76EF913AA15A904
:102F10004046F8F785FA01AA1B212046FAF764F922
:102F200000BF00BF00BF84E630F7040870B5044658
:102F30000D4648212046FEF70EFC256070BD0000BE
:102F40000149087070470000E10000242DE9FF5F8F
:102F500088464046FAF7E1F804464046FAF7E2F8B8
:102F60000546012C04D120212846FFF71CF801E278
:102F7000082C2BD120212846FFF735FD4046FAF7D3
:102F80002AF907463846FCF7FCF9F0B9082128462B
:102F900002F024F9C8B1284601F08CF900F00100D4
:102FA00020B901212846FEF7FEFF03E00121284653
:102FB000FFF719FD00221C212846FAF715F90646ED
:102FC000012E01D0BDE8FF9F00BFD3E1032C04D147
:102FD00020212846FFF707FDCCE12A2C10D12846F6
:102FE00000F00DFA0746002607E0A868006850F8D0
:102FF0002690484602F052FD761CBE42F5D3B9E158
:103000000D2C7CD10821284602F0E8F808B3404690
:10301000FAF7E1F80678132E01D0112E04D1012120
:103020002846FEF7C0FF07E0142E01D0122E03D170
:1030300001212846FFF7D7FC0A2E09D000221C21C7
:103040002846FAF7D1F80746012F00D0BAE700BFAB
:1030500090E14FF40161284602F0C0F8002886D0C4
:10306000284602F0ABFC0028AFD10390284600F0C0
:10307000B3FB0746284600F027FC81464046FAF796
:10308000AAF80678122E14D1284600F0B3FC834625
:10309000284600F0ABFA8246C0170AEB90700BEBA3
:1030A000A00000B2029001462846039A03F0F8FC03
:1030B00085E0112E14D1284600F09CFC834628465A
:1030C00000F094FA8246C0170AEB9070ABEBA000B8
:1030D00000B2029001462846039A03F0E1FC6EE03C
:1030E000132E36D1284600F049FB00F0030020B132
:1030F000002F19DCB9F1000F16DC284600E05FE074
:1031000000F078FC8346284600F070FA8246C0172B
:103110000AEB90700BEBA00000B20290014628462B
:10312000039A03F0BDFC4AE0284600F059FC8346B0
:10313000284601F0F6FF8246C0170AEB90700BEBB1
:10314000A00000B2029001462846039A03F08CFCCE
:1031500035E0142E33D1284600F010FB00F00300B8
:1031600020B1002F17DCB9F1000F14DC284600F065
:1031700041FC8346284600F039FA8246C0170AEB24
:103180009070ABEBA00000B2029001462846039A73
:1031900003F086FC13E0284600F022FC8346284614
:1031A00001F0BFFF8246C0170AEB9070ABEBA000A6
:1031B00000B2029001462846039A03F055FCD9E07C
:1031C0000E2C3AD14FF48061284602F007F818B16E
:1031D0000121284603F02BFC4FF0000A284600F09E
:1031E000FBF98346FAF7D8FD82460226FCF784F8FD
:1031F0008146B9F1000F03D14046F9F7B2FF81468D
:103200004846FCF7CEF80746022F01D0042F01D123
:1032100046F00406BAF1000F06D046F00806314623
:103220002846FEF7C0FE07E031462846FEF7BBFE03
:1032300008212846FFF7D7FB9CE0092C04D1402148
:103240002846FEF7B0FE95E00A2C16D1402128460C
:10325000FFF7C9FB284601F003F802280CD16A46A3
:1032600002A9284600F0D0FB02A9284602F08DFBF7
:103270006946284602F089FB7CE00F2C04D10E2120
:103280002846FFF7B0FB75E0292C23D10021284602
:1032900001F015F881460021284601F08DF982469B
:1032A000BAF1000F02D1B9F1000F02D0284602F0A6
:1032B000F5FB284600F0A3F80746002607E0A868BB
:1032C000006850F826B0584602F0E8FB761CBE4273
:1032D000F5D34FE0222C2FD1002641F201023146D6
:1032E000284601F0F7FC0390039800B2074600BFA0
:1032F00041F204023146284601F0ECFC03900398A9
:1033000000B281460021284600F0D9FF8246002104
:10331000284601F051F98346BBF1000F08D1BAF1FC
:10332000000F05D142F2D170874201D0814502D110
:10333000284602F0B3FB1DE0132C12D14046F9F7EA
:103340004AFF064600212846FFF793F90746B6F9DB
:103350000000B84202DDB6F9000000E038463080D7
:1033600008E0152C03D0182C01D0122C02D14046B5
:10337000FFF74AFC00BF25E62DE9F04106460D4661
:1033800016B96868046800E0346800E0246814B185
:1033900020690028FAD014B90120BDE8F081206925
:1033A00008B90120F9E70020E86029462046226993
:1033B00090470127287E00F0010000B10027384621
:1033C000EBE7024600BF00BF906808B900207047D5
:1033D000002908DA906840680144002901DA0020D9
:1033E000F5E70B4600E00B4690684068984201D82C
:1033F0000020ECE79068006850F82100E7E70146FC
:1034000000BF00BF886808B900207047886840681E
:10341000FBE770B505460C4605F114012046F3F7AD
:10342000F3F8A868B8B12088A968898A401A00B260
:103430002080A088A968898A084400B2A08060889A
:10344000A968898A401A00B26080E088A968898AE0
:10345000084400B2E08070BD70B506460C4600BF5F
:1034600000BF0021304601F006F8054621463046EF
:1034700000F066F8684202B2684201B22046F3F7F3
:1034800015FA0021304601F010FA2188084400B2F4
:1034900020800021304601F0B1FAA188081A00B25C
:1034A000A0800021304601F06CFB6188084400B226
:1034B00060800021304601F01BF9E188081A00B253
:1034C000E08070BD2DE9F041074600BF00BF00213C
:1034D000384601F056FB04460021384601F008F951
:1034E00005460021384600F0C6FF0646384600F083
:1034F0007DF8001B401B022101FB160000B2BDE855
:10350000F0812DE9F041074600BF00BF0021384699
:1035100001F0CBF904460021384601F06FFA054668
:103520000021384600F0A7FF0646384601F0F9FDB5
:10353000001B401B022101FB160000B2BDE8F08118
:1035400070B505460C4600BF00BF05F114012046CA
:10355000F3F75AF870BD000070B5064600BF00BF13
:10356000706808B9354603E0304600F097F8054624
:103570000E48E1F716FD044611E0002107E0E0687F
:1035800050F82100A84201D1204670BD491C606A54
:103590008842F4D821460548E1F71BFD0446002C7B
:1035A000EBD100BF00BF0020EFE70000F80D0024C2
:1035B000024600BF00BF906808B9002070479068BD
:1035C000807E884201D80020F8E79068C06801EB4F
:1035D000410300EB8300F1E7014600BF00BF8868AC
:1035E00010B18868806870470020FCE710B5044679
:1035F00000BF00BF04F11400F3F767F810BD70B509
:10360000064600BF00BF304600F040F805460DB941
:10361000002070BD002400BF08E021462846FFF7C7
:10362000D0FEB04201D12046F3E7641C2846FFF7E4
:10363000E6FEA042F1D84FF0FF30EAE72DE9F04175
:1036400004460F4690461E46002518E0E06800EB51
:10365000C5004068C0F3006080B1E06800EBC500C1
:10366000406820F07F40B04208D1E16851F8350051
:103670004246394605F0A2FDBDE8F0816D1C608C24
:10368000C0F3C500A842E1D80020F5E7014609B91A
:103690000020704700BF00BF4868FAE710B5044635
:1036A00000BF00BF224600BF13461846FFF7EEFFDB
:1036B0000246002AF8D1184610BD00002DE9F84F47
:1036C000074600BF00BF2B4C3846FFF798FE8046E8
:1036D000002514E0B868006850F825B0264958461F
:1036E00001F087FD00B109E0BBF91A00A04201DA40
:1036F000204601E0BBF91A00044600BF6D1C454599
:10370000E8D30021384601F049FA009000213846FC
:1037100000F0FBFF81460021384600F0B9FE064666
:103720001448844205D0788BA0EB0900801B201A36
:1037300004B2384600F09EFD82463846FFF756FF39
:103740000099401AA0EB0900022101FB1600AAEB28
:1037500000000FFA80FA384600F04CF9AAEB00009E
:103760000FFA80FA544502DD2046BDE8F88F504636
:10377000FBE7000001E0FFFF01000400014688684C
:1037800020B18868407E00F00F0070470F20FCE7F2
:1037900070B506460D460E493046F2F7DBF8044692
:1037A00014B1606A404202E0304600F019F900B2FC
:1037B000288008493046F2F7CDF8044614B1606A13
:1037C000404202E0304600F015F900B2688070BD5A
:1037D00095E60308B1E603082DE9FC5F044600BF47
:1037E00000BF0021204600F0C5FD012809D0A068D7
:1037F00010B90020BDE8FC9FA068008A404200B2DA
:10380000F8E70021204601F006F90190002120464A
:1038100001F058F807460021204600F039FE8046A6
:103820004FF0000941F6FF752046FFF7E8FD82469C
:10383000002617E0A068006850F826000090204994
:10384000009801F0D6FC00B10BE00098B0F914002C
:10385000A84201DD284602E00098B0F914000546B0
:1038600000BF761C5645E5D341F6FF70854208D06F
:10387000A946A08A38444044A0EB09000FFA80F919
:1038800001E0DFF84090204600F004FD834620462A
:1038900001F047FC0199401AC01B022101FB1800EE
:1038A000ABEB00000FFA80FB204600F099F858447B
:1038B0000FFA80FBD94501DD48469BE7584699E75A
:1038C0000100040001E0FFFF2DE9F84F044600BFAE
:1038D00000BF0021204600F04DFD012808D1A0685E
:1038E00010B90020BDE8F88FA068B0F91000F9E722
:1038F0002A4D2046FFF783FD8046002614E0A0688D
:10390000006850F826B02649584601F072FC00B114
:1039100009E0BBF91800A84201DA284601E0BBF92A
:103920001800054600BF761C4645E8D30021204616
:1039300001F071F881460021204600F0C3FF00909D
:103940000021204600F0A4FD07461448854205D01A
:10395000208BA0EB0900C01B281A05B2204600F0FE
:1039600099FC8246204601F0DCFBA0EB090100989F
:10397000081A022101FB1700AAEB00000FFA80FAD7
:10398000204600F02DF8AAEB00000FFA80FA55450A
:1039900001DD2846A6E75046A4E7000001E0FFFF4E
:1039A000010004000146886820B18868007EC0F3E9
:1039B000810070470020FCE70146886820B18868D4
:1039C000007EC0F3011070470020FCE701468868C4
:1039D00008B9002070478868408A404200B2F9E781
:1039E0000146886808B9002070478868008A40420C
:1039F00000B2F9E70146886808B900207047886876
:103A0000408A404200B2F9E72DE9F04F95B00546F3
:103A10000C4616464FF0FF30034600221146009038
:103A20002046F2F765FF4FF0FF30034600221146B3
:103A300000903046F2F75CFF1021284601F0CEFBE3
:103A400010B915B0BDE8F08F284600F009FC80469B
:103A5000B8F1000F00D1F4E70020FBF753FC1490FD
:103A6000B8F1020F11D109E01498FBF78AFCA842C3
:103A700000D106E01498FBF745FC14901498002838
:103A8000F2D100BF149800B9DBE72846FFF79EFF8C
:103A900013902846FFF712FE12902846FFF79CFE6F
:103AA00011902846FFF710FF10902846FFF766FE9A
:103AB0000F9000200E900F9800F00C00A8B1B8F104
:103AC000010F10D0B8F1030F05D1139800280ADCBC
:103AD0001298002807DCB8F1020F06D11498FBF702
:103AE0003DFC0C2801D101200E9000200D900F9874
:103AF00000F00300A8B1B8F1010F10D0B8F1030F26
:103B000005D1119800280ADC1098002807DCB8F1CC
:103B1000020F06D11498FBF721FC032801D10120E4
:103B20000D900D9810B90E9800B98AE74FF48031C6
:103B3000284600F01FFC012800D100E000200C9076
:103B40004FF48031284601F029F883464FF4803144
:103B5000284600F0DAFD0B904FF48031284600F043
:103B6000B1FE07464FF48031284600F054FF8146ED
:103B70004FF48030039041F201022846039901F08E
:103B8000A9F80290029800B20A902846FFF72EFD8D
:103B90000990284601F0C5FA08900E9808B10A98D5
:103BA00000E0002082460D9808B10A9800E000204D
:103BB00007904FF48030039021222846039901F0AA
:103BC00089F802900298C0B202280DDA4FF48030D2
:103BD000039031222846039901F07CF80290029864
:103BE000C0B2022800DA2CE7139909980144129810
:103BF000084400B205900E9800287DD00598002852
:103C0000FBD0E88A7080688BF0800C9850B1A88A4D
:103C1000384400B2308031880A980844401E00B20F
:103C2000B0800AE0288BA0EB090000B2B080B18818
:103C30000A98081A401C00B230800998A0EB0B01CA
:103C40000B98091A0798081A09994843059990FB97
:103C5000F1F000B203900020F5F78CFC00EB80003F
:103C6000502101EB4000A02190FBF1F001280BDD79
:103C70000020F5F77FFC00EB8000502101EB4000B5
:103C8000A02190FBF1F000E001200399884201DAC5
:103C9000039819E00020F5F76DFC00EB800050213F
:103CA00001EB4000A02190FBF1F001280BDD00208A
:103CB000F5F760FC00EB8000502101EB4000A021F3
:103CC00090FBF1F000E0012000B203900998A0EB16
:103CD0000B010B98091A0798091A0398081A00B2E1
:103CE000069009990598401A00B20290029800289F
:103CF0000EDCE88A584400E0BFE000B27080698BB7
:103D00000B98091A0798081A401E00B2F080B3E019
:103D1000129906984843029990FBF1F000B2019085
:103D200001990698401A00B20190E98A0198084466
:103D3000584400B27080718803980844401E00B255
:103D4000F080B6F90210B5F916005844814242DA03
:103D5000E88A584400B270800020F5F70BFC00EBB5
:103D60008000502101EB4000A02190FBF1F00128E0
:103D70000BDD0020F5F7FEFB00EB8000502101EB8E
:103D80004000A02190FBF1F000E00120B6F9021004
:103D90000844B6F9061088421DDD0020F5F7EAFB5D
:103DA00000EB8000502101EB4000A02190FBF1F0DE
:103DB00001280BDD0020F5F7DDFB00EB8000502132
:103DC00001EB4000A02190FBF1F000E001207188A0
:103DD000084400B2F080B6F90610B5F91A20079829
:103DE000121A0B98101A814245DD698B0798091A3F
:103DF0000B98081A00B2F0800020F5F7BBFB00EB2F
:103E00008000502101EB4000A02190FBF1F001283F
:103E10000BDD0020F5F7AEFB00EB8000502101EB3D
:103E20004000A02190FBF1F000E00120B6F906105F
:103E3000081AB6F9021088421DDA0020F5F79AFB3D
:103E400000EB8000502101EB4000A02190FBF1F03D
:103E500001280BDD0020F5F78DFB00EB80005021E1
:103E600001EB4000A02190FBF1F000E00120F1887F
:103E7000081A00B2708000BF00BF11990898014471
:103E80001098084400B204900D98002879D0049846
:103E90000028FBD0698B0B98081A00B2E080E188FB
:103EA0000A98081A401C00B26080A88A2080288BDB
:103EB000A0800898C01BA0EB0900A0EB0A0008999D
:103EC0004843049990FBF1F000B203900020F5F70D
:103ED00051FB00EB8000502101EB4000A02190FB42
:103EE000F1F001280BDD0020F5F744FB00EB80002A
:103EF000502101EB4000A02190FBF1F000E00120F7
:103F00000399884201DA039819E00020F5F732FBA3
:103F100000EB8000502101EB4000A02190FBF1F06C
:103F200001280BDD0020F5F725FB00EB8000502178
:103F300001EB4000A02190FBF1F000E0012000B275
:103F400003900898C01BA0EB0900A0EB0A0103989E
:103F5000081A00B2069008990498401A00B202901C
:103F6000029800281BDC0C9860B1A88A38445044A1
:103F7000401E00B22080288BA0EB090000B2A08078
:103F80006BE16BE1A88A384400B22080288BA0EB5B
:103F90000900A0EB0A00401E00B2A0805DE110996C
:103FA00006984843029990FBF1F000B20190019904
:103FB0000698401A00B201900C9800287ED0A98A79
:103FC000019808443844504400B220802188039866
:103FD0000844401E00B2A080B4F90000B5F91410E6
:103FE00039445144884243DAA88A3844504400B2E4
:103FF00020800020F5F7BEFA00EB8000502101EB95
:104000004000A02190FBF1F001280BDD0020F5F726
:10401000B1FA00EB8000502101EB4000A02190FBA1
:10402000F1F000E00120B4F900100844B4F90410E4
:1040300088421DDD0020F5F79DFA00EB800050213D
:1040400001EB4000A02190FBF1F001280BDD0020E6
:10405000F5F790FA00EB8000502101EB4000A02121
:1040600090FBF1F000E001202188084400B2A0801C
:10407000B4F90410B5F91800A0EB0900814244DD41
:10408000288BA0EB090000B2A0800020F5F772FA9F
:1040900000EB8000502101EB4000A02190FBF1F0EB
:1040A00001280CDD0020F5F765FA00EB80005021B7
:1040B00001EB4000A02190FBF1F001E026E001209F
:1040C000B4F90410081AB4F9001088421DDA00206F
:1040D000F5F750FA00EB8000502101EB4000A021E1
:1040E00090FBF1F001280BDD0020F5F743FA00EB1F
:1040F0008000502101EB4000A02190FBF1F000E096
:104100000120A188081A00B22080A5E0A98A0198A0
:104110000844384400B22080218803980844401E97
:1041200000B2A080B4F90000B5F9141039448842F7
:1041300042DAA88A384400B220800020F5F71AFA43
:1041400000EB8000502101EB4000A02190FBF1F03A
:1041500001280BDD0020F5F70DFA00EB800050215F
:1041600001EB4000A02190FBF1F000E00120B4F948
:1041700000100844B4F9041088421DDD0020F5F752
:10418000F9F900EB8000502101EB4000A02190FBE9
:10419000F1F001280BDD0020F5F7ECF900EB8000D1
:1041A000502101EB4000A02190FBF1F000E0012044
:1041B0002188084400B2A080B4F90410B5F91800B1
:1041C000A0EB0A00A0EB0900814245DD288BA0EBA3
:1041D0000A00A0EB090000B2A0800020F5F7CAF9A0
:1041E00000EB8000502101EB4000A02190FBF1F09A
:1041F00001280BDD0020F5F7BDF900EB8000502110
:1042000001EB4000A02190FBF1F000E00120B4F9A7
:104210000410081AB4F9001088421DDA0020F5F7DE
:10422000A9F900EB8000502101EB4000A02190FB98
:10423000F1F001280BDD0020F5F79CF900EB800080
:10424000502101EB4000A02190FBF1F000E00120A3
:10425000A188081A00B2208000BF00BF00BF13E48D
:104260000146886820B18868007E00F0030070472E
:104270000320FCE738B504460548006800906A460C
:104280002C212046F8F7B0FFBDF9020038BD000030
:1042900050F7040838B504460548006800906A469F
:1042A0002C212046F8F7A0FFBDF9000038BD000022
:1042B0004CF70408014600BF00BF088C704738B5B2
:1042C00004460D4641F209022946204600F002FD4F
:1042D00000900098C0B238BD38B504460D4641F292
:1042E00009022946204600F0F5FC00900098C0B273
:1042F00038BD38B504460D4666222946204600F0F2
:10430000E9FC0090009838BD38B504460D465122AE
:104310002946204600F0DEFC0090009808B10120FC
:1043200038BD0020FCE738B504460D464FF4056261
:104330002946204600F0CEFC0090009800B238BD1F
:1043400038B504460D464FF405622946204600F074
:10435000C1FC0090009800B238BD38B504460D4647
:1043600041F26A422946204600F0B4FC00900098D1
:10437000C0B238BD38B504460D4641F26A422946FE
:10438000204600F0A7FC00900098C0B238BD38B5B8
:1043900004460D4641F26A422946204600F09AFC46
:1043A00000900098C0B238BD38B504460D4641F2C1
:1043B0006A422946204600F08DFC00900098C0B269
:1043C00038BD38B504460D4641F26A4229462046BA
:1043D00000F080FC00900098C0B238BD38B50446AB
:1043E0000D4641F26A422946204600F073FC0090D7
:1043F0000098C0B238BD38B504460D4641F26A4255
:104400002946204600F066FC00900098C0B238BDF6
:1044100038B504460D4644F220022946204600F0F5
:1044200059FC0090009838BD38B504460D4621224D
:104430002946204600F04EFC00900098C0B238BDDE
:1044400038B504460D4668222946204600F042FC55
:1044500000900098C0B238BD38B504460D463422ED
:104460002946204600F036FC0090009808B1012053
:1044700038BD0020FCE738B504460D4641F2320253
:104480002946204600F026FC0090009800B238BD76
:1044900038B504460D4641F232022946204600F066
:1044A00019FC0090009800B238BD38B504460D469E
:1044B00041F232022946204600F00CFC00900098A0
:1044C00000B238BD38B504460D4641F232022946E5
:1044D000204600F0FFFB0090009800B238BD38B5D0
:1044E00004460D4641F232022946204600F0F2FB16
:1044F0000090009800B238BD38B504460D4641F230
:1045000032022946204600F0E5FB0090009800B2F8
:1045100038BD38B504460D4661222946204600F0D4
:10452000D9FB0090009808B1012038BD0020FCE7BD
:1045300038B504460D46054802882946204600F055
:10454000C9FB00900098C0B238BD000014010024DF
:1045500038B504460D4641F204022946204600F0D3
:10456000B9FB0090009800B238BD38B504460D463E
:1045700041F204022946204600F0ACFB009000986E
:1045800000B238BD38B504460D4641F20402294652
:10459000204600F09FFB0090009800B238BD38B56F
:1045A00004460D4641F204022946204600F092FBE3
:1045B0000090009800B238BD38B504460D4641F26F
:1045C00069022946204600F085FB0090009880B2E1
:1045D00038BD38B504460D4641F2690229462046E9
:1045E00000F078FB0090009880B238BD38B50446E2
:1045F0000D4640F649022946204600F06BFB00902C
:10460000009800B238BD38B504460D4641F20602A6
:104610002946204600F05EFB0090009800B238BDAD
:1046200038B504460D4641F205022946204600F001
:1046300051FB0090009800B238BD38B504460D46D5
:1046400040F262422946204600F044FB0090009868
:10465000C0B238BD38B504460D4640F26242294624
:10466000204600F037FB00900098C0B238BD38B546
:1046700004460D4640F262422946204600F02AFBDD
:1046800000900098C0B238BD38B504460D4640F6DB
:104690003C022946204600F01DFB00900098C0B265
:1046A00038BD38B504460D4640F63D022946204641
:1046B00000F010FB0090009800B238BD38B50446F9
:1046C0000D4640F63A022946204600F003FB0090D2
:1046D000009800B238BD38B504460D4641F61102C7
:1046E0002946204600F0F6FA0090009800B238BD46
:1046F00038B504460D4641F611022946204600F021
:10470000E9FA0090009800B238BD38B504460D466D
:1047100041F611022946204600F0DCFA009000988C
:1047200000B238BD38B504460D4641F6110229469F
:10473000204600F0CFFA0090009800B238BD38B59E
:1047400004460D4641F611022946204600F0C2FA01
:104750000090009800B238BD38B504460D4641F6C9
:1047600011022946204600F0B5FA0090009800B2E8
:1047700038BD38B504460D4641F61102294620469B
:1047800000F0A8FA0090009800B238BD38B5044691
:104790000D4641F611022946204600F09BFA009092
:1047A000009800B238BD38B504460D4641F61102F6
:1047B0002946204600F08EFA0090009800B238BDDD
:1047C00038B504460D4641F611022946204600F050
:1047D00081FA0090009800B238BD38B504460D4605
:1047E00041F611022946204600F074FA0090009824
:1047F00000B238BD38B504460D4641F611022946CF
:10480000204600F067FA0090009800B238BD38B535
:1048100004460D4641F615022946204600F05AFA94
:104820000090009800B238BD38B504460D4641F6F8
:1048300015022946204600F04DFA0090009800B27B
:1048400038BD38B504460D4641F6150229462046C6
:1048500000F040FA0090009800B238BD38B5044628
:104860000D4641F615022946204600F033FA009025
:10487000009800B238BD38B504460D4641F6150221
:104880002946204600F026FA0090009800B238BD74
:1048900038B504460D4641F612022946204600F07E
:1048A00019FA0090009800B238BD38B504460D469C
:1048B00041F612022946204600F00CFA00900098BA
:1048C00000B238BD38B504460D4641F612022946FD
:1048D000204600F0FFF90090009800B238BD38B5CE
:1048E00004460D4641F612022946204600F0F2F930
:1048F0000090009800B238BD38B504460D4641F628
:1049000012022946204600F0E5F90090009800B216
:1049100038BD38B504460D4641F6120229462046F8
:1049200000F0D8F90090009800B238BD38B50446C0
:104930000D4641F612022946204600F0CBF90090C0
:10494000009800B238BD38B504460D4641F6120253
:104950002946204600F0BEF90090009800B238BD0C
:1049600038B504460D4641F612022946204600F0AD
:10497000B1F90090009800B238BD38B504460D4634
:1049800041F612022946204600F0A4F90090009852
:1049900000B238BD38B504460D4641F6120229462C
:1049A000204600F097F90090009800B238BD38B565
:1049B00004460D4641F612022946204600F08AF9C7
:1049C0000090009800B238BD38B504460D4641F657
:1049D00012022946204600F07DF90090009800B2AE
:1049E00038BD38B504460D4641F613022946204627
:1049F00000F070F90090009800B238BD38B5044658
:104A00000D4641F613022946204600F063F9009056
:104A1000009800B238BD38B504460D4641F6130281
:104A20002946204600F056F90090009800B238BDA3
:104A300038B504460D4641F613022946204600F0DB
:104A400049F90090009800B238BD38B504460D46CB
:104A500041F613022946204600F03CF900900098E8
:104A600000B238BD38B504460D4641F6130229465A
:104A7000204600F02FF90090009800B238BD38B5FC
:104A800004460D4641F613022946204600F022F95D
:104A90000090009800B238BD38B504460D4641F686
:104AA00013022946204600F015F90090009800B244
:104AB00038BD38B504460D4641F613022946204656
:104AC00000F008F90090009800B238BD38B50446EF
:104AD0000D4641F613022946204600F0FBF80090EF
:104AE000009800B238BD38B504460D4641F61302B1
:104AF0002946204600F0EEF80090009800B238BD3C
:104B000038B504460D4641F613022946204600F00A
:104B1000E1F80090009800B238BD38B504460D4663
:104B200041F614022946204600F0D4F8009000987F
:104B300000B238BD38B504460D4641F61402294688
:104B4000204600F0C7F80090009800B238BD38B594
:104B500004460D4641F614022946204600F0BAF8F4
:104B60000090009800B238BD38B504460D4641F6B5
:104B700010022946204600F0ADF80090009800B2DF
:104B800038BD38B504460D4641F610022946204688
:104B900000F0A0F80090009800B238BD38B5044687
:104BA0000D4641F610022946204600F093F8009089
:104BB000009800B238BD38B504460D4641F61002E3
:104BC0002946204600F086F80090009800B238BDD3
:104BD00038B504460D4641F610022946204600F03D
:104BE00079F80090009800B238BD38B504460D46FB
:104BF00041F610022946204600F06CF8009000981B
:104C000000B238BD38B504460D4641F610022946BB
:104C1000204600F05FF80090009800B238BD38B52B
:104C200004460D4641F610022946204600F052F88F
:104C30000090009800B238BD38B504460D4641F6E4
:104C400010022946204600F045F80090009800B276
:104C500038BD38B504460D4641F6100229462046B7
:104C600000F038F80090009800B238BD38B504461E
:104C70000D4641F610022946204600F02BF8009020
:104C8000009800B238BD38B504460D4641F6100212
:104C90002946204600F01EF80090009800B238BD6A
:104CA00038B504460D4641F610022946204600F06C
:104CB00011F80090009800B238BD38B504460D4692
:104CC00041F610022946204600F004F800900098B2
:104CD00000B238BD2DE9F84305460E461446C4F32C
:104CE0008029C4F38038B8F1000F01D024F4804447
:104CF000002714E06B46224631462846EEF78DF831
:104D0000074607B10DE0B9F1000F00D109E00EB17F
:104D1000002604E02846FEF7B9FC054600BF002D3A
:104D2000E8D100BF0FBB0EBB41F20100844202D0AC
:104D3000C01C84421AD128680AE041F201018C4269
:104D400002D1818A19B105E0C18A01B102E000688F
:104D50000028F2D100BF41F201018C4202D1B0F92A
:104D6000141001E0B0F91610009103E0204604F0A1
:104D7000B5FA0090B8F1000F05D031462846009AE8
:104D8000E1F776FD00900098BDE8F88338B5044659
:104D90000D46602229462046FFF79CFF00900098B0
:104DA00000B238BD38B504460D4640F641022946EA
:104DB0002046FFF78FFF0090009800B238BD38B54D
:104DC00004460D4640F6420229462046FFF782FF80
:104DD0000090009800B238BD38B504460D4640F644
:104DE000450229462046FFF775FF00900098C0B2A3
:104DF00038BD38B504460D4640F6430229462046E4
:104E0000FFF768FF0090009800B238BD38B504463F
:104E10000D464FF4046229462046FFF75BFF0090E1
:104E2000009800B238BD38B504460D4644F25742EA
:104E300029462046FFF74EFF0090009838BD38B550
:104E400004460D4641F2594229462046FFF742FFEB
:104E50000090009838BD38B504460D4641F25942DD
:104E600029462046FFF736FF0090009838BD38B538
:104E700004460D4641F2594229462046FFF72AFFD3
:104E80000090009838BD38B504460D4641F25942AD
:104E900029462046FFF71EFF0090009838BD38B520
:104EA00004460D4641F2594229462046FFF712FFBB
:104EB0000090009838BD38B504460D4641F259427D
:104EC00029462046FFF706FF0090009838BD38B508
:104ED00004460D4641F2594229462046FFF7FAFEA4
:104EE0000090009838BD38B504460D4641F25A424C
:104EF00029462046FFF7EEFE0090009800B238BD2C
:104F000038B504460D4641F25A4229462046FFF77D
:104F1000E1FE0090009800B238BD38B504460D4659
:104F200041F25A4229462046FFF7D4FE00900098ED
:104F300000B238BD38B504460D4641F25B42294601
:104F40002046FFF7C7FE0090009800B238BD38B584
:104F500004460D4641F25B4229462046FFF7BAFE61
:104F60000090009800B238BD38B504460D4641F2B5
:104F70005B4229462046FFF7ADFE0090009800B244
:104F800038BD38B504460D4641F25B4229462046FD
:104F9000FFF7A0FE0090009800B238BD38B5044677
:104FA0000D4641F25B4229462046FFF793FE0090F2
:104FB000009800B238BD38B504460D4641F25B4258
:104FC00029462046FFF786FE0090009800B238BDC3
:104FD00038B504460D4643F60F0229462046FFF732
:104FE00079FE0090009800B238BD38B504460D46F1
:104FF00040F60B0229462046FFF76CFE0090009811
:1050000000B238BD38B504460D4640F60B022946BD
:105010002046FFF75FFE0090009800B238BD38B51B
:1050200004460D4640F60A0229462046FFF752FE86
:105030000090009800B238BD38B504460D4640F6E1
:105040000A0229462046FFF745FE0090009800B26C
:1050500038BD38B504460D4643F60E0229462046B3
:10506000FFF738FE0090009800B238BD38B504460E
:105070000D4641F2010229462046FFF72BFE009023
:10508000009800B238BD38B504460D4641F2010221
:1050900029462046FFF71EFE0090009800B238BD5A
:1050A00038B504460D4641F2010229462046FFF775
:1050B00011FE0090009800B238BD38B504460D4688
:1050C00041F2010229462046FFF704FE00900098B5
:1050D00000B238BD38B504460D4641F201022946FA
:1050E0002046FFF7F7FD0090009800B238BD38B5B4
:1050F00004460D4641F2070229462046FFF7EAFD25
:105100000090009800B238BD38B504460D4641F213
:10511000080229462046FFF7DDFD0090009800B206
:1051200038BD10B5044600BF00BF04F11400F1F70C
:1051300046FB10BD70B5064600BF00BF3046FEF707
:10514000A5FA0546ADB1B08AA98A401A04B228462C
:10515000FEF746FC204404B200212846FFF7A5FBD9
:10516000201A04B200212846FFF785F9201A04B25C
:1051700001E0B6F91440204670BD70B5064600BF88
:1051800000BF3046FEF782FA0546ADB1F18AE88AE3
:10519000081A04B22846FEF72DFC204404B2002170
:1051A0002846FFF7EEFC201A04B200212846FFF73C
:1051B00062F9201A04B201E0B6F91640204670BD2B
:1051C00070B5044600BF00BF2046FFF7D6FF054676
:1051D0002046FEF70BFA284400B270BD024600BF1D
:1051E00000BFD0690840884201D1012070470020EB
:1051F000FCE7024600BF00BFD069084008B10120AB
:1052000070470020FCE7024600BF00BF108C08403A
:1052100008B1012070470020FCE77FB506460D4627
:1052200002213046FFF7DAFF10B9002004B070BD4C
:1052300080213046FFF7E7FF08B10020F6E702A91A
:105240003046FEF7E6F80022294602A8DEF703FC06
:1052500004460CB90020E9E74FF480313046FFF7EF
:10526000BDFF58B1009501208DF804006A46112158
:105270003046F7F7B9FF9DF80400D7E72046D5E799
:105280002DE9FC4705460E46144600BF4FF4056263
:1052900031462846FFF71EFD0190019800B260805C
:1052A000608808B9BDE8FC8700BF53223146284614
:1052B000FFF710FD01900198C0B22073207B0228F7
:1052C00000DCEFE731462846FFF7C4F90746FD2F1B
:1052D00003DA207B784300122073207B022800DC55
:1052E000E0E700BF44F2520231462846FFF7F2FCE5
:1052F000009000980190BDF80400208000BF542267
:1053000031462846FFF7E6FC01900198A060A846C8
:10531000B146512249464046FFF7DCFC0190019816
:1053200008B1012000E00020617B60F3820161731D
:1053300031462846FFF784F8617B60F30101617311
:1053400000BFAFE72DE9FC4105460E46144600BFFD
:10535000462231462846FFF7BDFC01900198C0B2B5
:10536000E072E07A022801DCBDE8FC813146284683
:10537000FFF770F90746FD2F03DAE07A7843001251
:10538000E072E07A022800DCEEE7002020804FF493
:105390008070608000BF298BAA8A891A491C09B2D3
:1053A000084601EBD0714910A18000BF698BEA8AE1
:1053B000891A491C09B2084601EBD0714910E180F5
:1053C00000BF482231462846FFF784FC019001982F
:1053D000C0B2A072A07A00280CDD00BF44F24702E0
:1053E00031462846FFF776FC009000980190BDF802
:1053F0000400208131462846FFF722F8207300BFC1
:10540000B2E7F8B505460E46144600BF4FF48B626E
:1054100031462846FFF75EFC00900098C0B2A076A7
:10542000A07E022800DCF8BD31462846FFF712F9BD
:105430000746FD2F03DAA07E78430012A076A07EF7
:10544000022800DCEFE731462846FFF7ECFC00902D
:10545000BDF80000A08100BF41F25A423146284603
:10546000FFF738FC0090009800B2A08200BF41F224
:105470005B4231462846FFF72DFC0090009800B2B1
:10548000608200BF40F25C4231462846FFF722FCB2
:1054900000900098A17F60F30201A1773146284671
:1054A000FEF7CEFFA17F60F3C501A1773146284604
:1054B000FFF7C5FC206000BF41F25D42314628463F
:1054C000FFF708FC00900098C0B2207700BFAAE761
:1054D0002DE9FC4705460E46144600BF40F649023A
:1054E00031462846FFF7F6FB0190019800B2608034
:1054F000608808B9BDE8FC8700BF4E2231462846C7
:10550000FFF7E8FB01900198C0B22072207A0228D0
:1055100000DCEFE731462846FFF79CF80746FD2FF1
:1055200003DA207A784300122072207A022800DC05
:10553000E0E700BF44F24D0231462846FFF7CAFBC0
:10554000009000980190BDF80400208000BF4A221E
:1055500031462846FFF7BEFB0190019800B2A080BB
:10556000A08848B100BF4B2231462846FFF7B2FB66
:105570000190019800B2E080A846B1464C2249460D
:105580004046FFF7A7FB0190019808B1012000E019
:105590000020617A60F382016172607A810861F3B0
:1055A000C300607231462846FEF74AFF617A60F315
:1055B0000101617200BF9DE72DE9FC4706460D46DB
:1055C000144600BF602229463046FFF783FB019056
:1055D000019800B2208025B129463046FFF73AF8FD
:1055E00000E0FF20804629463046FFF733F80746A3
:1055F000022F02DDB8F1020F09DC0020E07084F810
:10560000220084F8360084F82A00BDE8FC87294689
:105610003046FEF715FFA070E078002870D000BF7C
:10562000212229463046FFF755FB01900198C0B270
:10563000E070E078022863DD29463046FEF7E8FE98
:105640000190BDF80400A08000BF26222946304604
:10565000FFF740FB019001988146B9F1000F0AD095
:1056600099F8090000F0070028B10A224946A01D58
:10567000FBF7E3FE43E000BF232229463046FFF755
:1056800029FB01900198E17B60F30201E173E07B6B
:1056900000F0070038B329463046FEF7B9FE019006
:1056A000BDF80400E08000BF44F2220229463046E3
:1056B000FFF710FB009000980190A01DBDF80410AA
:1056C000618100BF242229463046FFF703FB019089
:1056D0000198207200BF252229463046FFF7FAFACA
:1056E00001900198207300BF272229463046FFF71A
:1056F000F1FA01900198E17B60F3C501E17300BF0D
:1057000000BF41F2320229463046FFF7E3FA01902A
:10571000019800B22084208C60B394F8220048B332
:1057200000BF312229463046FFF7D4FA0190019894
:10573000C0B284F8220094F8220002281ADD00BFCB
:10574000332229463046FFF7C5FA0190019894F8B4
:10575000231060F3450184F8231000BF44F23002A7
:1057600029463046FFF7B6FA009000980190BDF840
:105770000400E08329463046FEF7A0FFE084E08C79
:10578000F0B194F82A00D8B129463046FEF77CFFE4
:1057900084F82A0094F82A00022811DD29463046B0
:1057A000FEF77FFF208500BF44F23B0229463046CA
:1057B000FFF790FA009000980190BDF80400A084D3
:1057C000A07E002851D000BF40F62802294630466E
:1057D000FFF780FA0190019820612069002844D0E9
:1057E00000BF292229463046FFF774FA019001983C
:1057F000C0B2A076A07E022837DD2069F9F71CFD33
:1058000002280DD129463046FFF719FB6061294671
:105810003046FFF708FB0190BDF80400208324E028
:1058200000BF44F22A0229463046FFF753FA00909F
:1058300000980190BDF80400208300BF2B22294668
:105840003046FFF747FA01900198C0B2E076B146C2
:10585000AA462C2251464846FFF73CFA019001988F
:1058600008B1012000E00020207794F8360080B3D2
:1058700029463046FFF7CAFAE085E08D48B394F830
:105880003600022825DD29463046FFF7A5FA84F8C0
:10589000360094F8360002281BDD29463046FFF713
:1058A00081FA208629463046FFF789FA6086294624
:1058B0003046FFF79EFAA08600BF44F24402294614
:1058C0003046FFF707FA009000980190BDF80400F9
:1058D000A085B8F1FD0F02DA08FB07F00712FD2FD3
:1058E00017DA173414F8140C7843001204F8140C67
:1058F000E07878430012E070E07A78430012E072BA
:10590000E07F78430012E077E07C78430012E07497
:10591000173C00BF79E67CB5054600BF00BF03E039
:105920002846FDF7B3FE05462846FDF7AFFE30B129
:105930004FF400212846FFF751FC0028F0D12846FB
:10594000DFF709FC044605F114016846F0F75CFE38
:10595000BDF80000001B00B2ADF80000BDF8020069
:10596000001B00B2ADF80200BDF80400204400B2F4
:10597000ADF80400BDF80600204400B2ADF8060002
:105980006946284600F001F87CBD2DE9FC4105463A
:105990000E4600BF00BF31466846F0F735FE694647
:1059A0002846FCF7E9FD044634B12846FDF7D4FD4E
:1059B00007466946DFF761FABDE8FC8102461168D7
:1059C00000E0096821B1087E00F003000028F8D04B
:1059D00009B900207047087E00F00300012800D1BB
:1059E000F8E70020F6E70246116800E0096821B1F7
:1059F000087EC0F381000028F8D009B90020704764
:105A0000087EC0F38100012800D1F8E70020F6E706
:105A100070B506460B493046FFF7EBFB08B1002096
:105A200070BD3046FDF732FE04460CB90020F7E7A2
:105A300000212046FEF7CDFD05460DB10120EFE720
:105A40000020EDE7010006007CB5054600BF00BF61
:105A50002846DFF780FB044605F114016846F0F79D
:105A6000D3FDBDF80000001B00B2ADF80000BDF88A
:105A70000200001B00B2ADF80200BDF80400204493
:105A800000B2ADF80400BDF80600204400B2ADF845
:105A9000060069462846FCF76FFD7CBD70B50446DC
:105AA000608C20F00100401C60842046FDF7F6FD6C
:105AB0000546688C20F00200801C68842846FDF7AB
:105AC0004BFD0646706810B1706805F0C5FB70BDEF
:105AD0002DE9F04780460D46164699464046FDF7AB
:105AE0008EFC8246002726E0D8F80800006850F8AF
:105AF0002740B9F1000F06D04FF480212046FFF770
:105B00006DFB00B116E0A08A284400B2A082E08AB2
:105B1000304401B2E182208B284401B22183608BA2
:105B2000304401B261830023324629462046FFF704
:105B3000CFFF00BF7F1C5745D6D3BDE8F0872DE9C6
:105B4000F04F85B004460E4617466568002D34D0E8
:105B500000212846FEF7A9FE824600212846FFF7CD
:105B600010F883464FF480212046FFF737FB40B101
:105B7000A88A5044304406B2E88A5844384407B2F0
:105B80000FE02846FDF72CFFA98A5144081A30443B
:105B900006B22846FDF72EFFE98A5944081A384410
:105BA00007B200212846FEF766FC814606EB090095
:105BB00006B207EB090007B200BFA08A301A00B294
:105BC000ADF81000E08A381A00B2ADF81200BDF846
:105BD000100028B9BDF8120010B905B0BDE8F08F6B
:105BE0002046FFF798FE02A92046FDF7A9FC4FF0DA
:105BF00000087DB169462846FDF72EFC0022694663
:105C000002A8DDF752FE8046B8F1000F02D1284607
:105C100000F062FFA08ABDF81010084400B2A08214
:105C2000E08ABDF81210084401B2E182208BBDF871
:105C30001010084401B22183608BBDF81210084493
:105C400001B26183BDF91220BDF910100023204676
:105C5000FFF73EFF25B1224622212846F7F7C4FA76
:105C60002046FFF758FE9DB10022694604F114005A
:105C7000DDF71BFE8146B8F1000F05D1B8F1000F2A
:105C800005D1B9F1000F02D0284600F025FF00BF72
:105C900000BFA2E72DE9F04180460C4600BF00BFDF
:105CA000002C06DA4046FDF7F1FC0246FDF7A7FBA3
:105CB00004444046FDF7A3FC07464046FDF7E6FCDA
:105CC0000646002C01DABDE8F0813046FDF797FB6F
:105CD000A04200DCF7E7BC4200D1F4E73D46BC42FD
:105CE0000DDA09E0B0680168681E51F82000B1685B
:105CF000096841F825006D1EA542F3DC0CE009E0BF
:105D0000B0680168681C51F82000B168096841F862
:105D100025006D1CA542F3DBB068006840F82480C4
:105D2000002222213046F7F75FFA3046FFF7F3FDF5
:105D300000BFC8E72DE9F04107460E463846FDF79B
:105D40003BFEC8B93846FDF741FE05463846FDF72B
:105D5000B5FC0446002C0EDA002D0CDD60428542B5
:105D600001DA284600E0604204B2334622460021B0
:105D7000384600F009FD00BF3846FDF713FE88BB2A
:105D80003846FDF729FD04463846FDF79DFD0546DA
:105D900000213846FEF7EEFA012811D0002D20DA56
:105DA000002C1EDD6842844201DA204600E0684291
:105DB00005B2334600222946384600F0E5FC10E0E3
:105DC000002C0EDA002D0CDD6042854201DA2846F7
:105DD00000E0604205B2334600222146384600F01A
:105DE000D3FC00BFBDE8F0812DE9F14F86B00698E5
:105DF000FFF70EFE10B107B0BDE8F08F0698FDF773
:105E000045FC059000210698FFF771F90546002131
:105E10000698FFF779F90446059828B922462946DD
:105E20000698FFF78CFEE6E70598FDF76AFB8046CB
:105E30000598FDF747FB064605F4C040B0F5005F46
:105E400001D1012000E0002030B125F4C040B0F5C0
:105E5000FA6F01DC012000E0002088B125F4C04089
:105E6000B0F57A7F04DD25F4C040C0F57A7001E01A
:105E700025F4C04000FB08F0642190FBF1F005B26E
:105E800004F4C040B0F5005F01D1012000E0002023
:105E900030B124F4C040B0F5FA6F01DC012000E01D
:105EA000002080B124F4C040B0F57A7F04DD24F4F2
:105EB000C040C0F57A7001E024F4C0407043642112
:105EC00090FBF1F004B2069802900020039043F298
:105ED0000C02DDE90201FEF7FDFE019001980FFAC8
:105EE00080FA00BF069802900020039043F20D0252
:105EF000DDE90201FEF7EEFE019001980FFA80FB4A
:105F000000BF0698FFF70DF981460698FDF76EFB76
:105F100007460AF4C040B0F5005F01D1012000E05F
:105F2000002030B12AF4C040B0F5FA6F01DC012046
:105F300000E0002090B12AF4C040B0F57A7F04DD83
:105F40002AF4C040C0F57A7001E02AF4C04000FB9A
:105F500009F0642190FBF1F00FFA80FA0BF4C040D5
:105F6000B0F5005F01D1012000E0002030B12BF43A
:105F7000C040B0F5FA6F01DC012000E0002088B1DC
:105F80002BF4C040B0F57A7F04DD2BF4C040C0F59F
:105F90007A7001E02BF4C0407843642190FBF1F06B
:105FA0000FFA80FB05EB0A0005B204EB0B0004B20C
:105FB00000210698FEF790F90490049850B900214A
:105FC0000598FEF7CAF9012802D10320049001E0E8
:105FD000012004900498012805D1224629460698FC
:105FE000FFF7ADFD6FE00498801E082864D2DFE85B
:105FF00000F00410212534153C4C414608EBD172C9
:106000005210484609EBD073A2EB63022A4415B242
:1060100053E0A8EB0900284405B24EE0314606EBF8
:10602000D1725210384607EBD073A2EB63022244C0
:1060300014B242E0F01B204404B23EE0414608EBBB
:10604000D1725210484609EBD073A2EB63022A4486
:1060500015B2F01B204404B22FE0A8EB090028443D
:1060600005B2F01B204404B227E0A8EB0900284445
:1060700005B2314606EBD1725210384607EBD073A9
:10608000A2EB6302224414B217E0414608EBD1723E
:106090005210484609EBD073A2EB63022A4415B2B2
:1060A000314606EBD1725210384607EBD073A2EBA3
:1060B0006302224414B200E000BF00BF224629461A
:1060C0000698FFF73CFD00BF95E62DE9F04F8DB037
:1060D000044600BF00BF608CC0F3802038B1608CE4
:1060E000C0F3402018B100200DB0BDE8F08F20466D
:1060F000FDF7CCFA07460FB90020F5E72046FDF77B
:106100006BFB0C9000200B900A90608CC0F38020F9
:1061100020B12046FFF705F8054680E00021204623
:10612000FEF7A4FF054642F2D1718D4201D1012054
:1061300000E000200B9005F4C040B0F5005F01D1F5
:10614000012000E0002030B125F4C040B0F5FA6F26
:1061500001DC012000E000200A903846FDF7D1F96B
:1061600081460B9820B12046E1F758F8054634E007
:106170000A98F8B1788CC0F38020E0B90021384645
:10618000FEF774FF42F2D171884214D100212046FB
:10619000FEF771F9019000212046FEF786FB019978
:1061A000084405B200212046FEF728FC0199084466
:1061B000284405B211E025F4C040B0F57A7F04DD33
:1061C00025F4C040C0F57A7001E025F4C04000FB22
:1061D00009F0642190FBF1F005B20020019041F23A
:1061E000020220460199FEF775FD009000980FFA13
:1061F00080FA00BF0020019041F20302204601997D
:10620000FEF768FD009000980FFA80FB00BF4B4638
:106210005A4651462846F2F7A6F9054600BF2046E1
:10622000FDF7D4FB0990002008900790608CC0F324
:10623000402020B12046FDF7D9F9064680E0002134
:106240002046FEF785F9064642F2D1718E4201D111
:10625000012000E00020089006F4C040B0F5005F87
:1062600001D1012000E0002030B126F4C040B0F59B
:10627000FA6F01DC012000E0002007903846FDF7AE
:1062800021F98146089820B12046E0F72BFF064609
:1062900034E00798F8B1788CC0F34020E0B90021D1
:1062A0003846FEF755F942F2D171884214D10021E7
:1062B0002046FEF7E0F8019000212046FEF761FC41
:1062C0000199084406B200212046FEF711FA01990F
:1062D0000844304406B211E026F4C040B0F57A7F9D
:1062E00004DD26F4C040C0F57A7001E026F4C04019
:1062F00000FB09F0642190FBF1F006B20020019050
:1063000041F2050220460199FEF7E4FC0090009856
:106310000FFA80FA00BF0020019041F206022046E9
:106320000199FEF7D7FC009000980FFA80FB00BFA0
:106330004B465A4651463046F2F7BEF8064600BF75
:106340000B9808B9089828B100232046099A0C999F
:1063500000F05BFB2046FEF7E4FEA84206D1204693
:10636000FDF744F9B04201D10020BDE62046FFF719
:10637000D2FA05A92046FDF7E3F803A93846FDF750
:106380006BF8002203A905A8DDF78FFA8046B8F163
:10639000000F02D1384600F09FFBE08A3044401ED7
:1063A00001B2618300212046FDF7D7FF012805D106
:1063B000208B401B401C00B2A08204E0A08A28442D
:1063C000401E01B2218305AA29212046F6F70CFFC1
:1063D000224622213846F6F707FF2046FFF79BFAB0
:1063E00000212046FFF7A6FC002203A904F11400B7
:1063F000DDF75BFA0290B8F1000F04D1B8F1000F9D
:1064000004D1029810B1384600F066FB01206BE61B
:1064100038B5044600BF00BF2046DEF79CFE0546A7
:10642000002000906A4613212046F6F7DDFEBDF9F4
:106430000000A84202D02046FFF76DFAA06820B104
:10644000BDF90000A168C88209E0BDF8000030B1C4
:106450002046FCF765F8BDF90000A168C882BDF9C7
:106460000000A84202D02046FFF755FA38BD70B5AB
:10647000044600212046FEF7F9FD0546002120468E
:10648000FEF766F8064642F2D170854203D0864296
:1064900001D0002070BD2046FFF700FB0120F9E786
:1064A0002DE9F84306460F46144600BF00BF3848A2
:1064B000007808B9BDE8F8833046FFF72CFA384673
:1064C00000F039FF054604F4805040B3B5F5702F55
:1064D0001DD0E5B14FF0000841F2040241463046BC
:1064E000FEF7F8FB0090009800B242F2D1718842AA
:1064F0000DD000BF41F2010241463046FEF7EAFBF3
:106500000090009800B242F2D171884207D1002277
:106510002A213046F6F768FE3046FFF7BFFAB5F598
:10652000702F00D08DB94FF6FF70844202D004F472
:10653000005050B13046FDF7A9F88046B8F1000F81
:1065400002D04046FFF7AAFA00BF4FF6FF70844220
:1065500002D004F4006010B13046FFF759FF304616
:10656000FFF7D9F94FF6FF70844208D004F4806039
:1065700058B104F4006010B904F4805028B1B5F5A6
:10658000803F02D0304607F09CFC00BF92E700003D
:10659000E10000242DE9F04105460F46164600BFF4
:1065A00000BF002410E0E86800EBC4004068C0F3BE
:1065B000006040B1E86800EBC400406820F07F4014
:1065C000B04200D105E0641C688CC0F3C500A04255
:1065D000E9D800BF688CC0F3C500A04202D10020FA
:1065E000BDE8F081E96851F83400394602F022FF35
:1065F000F6E72DE9FE4F04460E469146484600F068
:106600009EFE8246484600F096FE80464FF6FF709A
:1066100002901EB1F07908B9002002900025AB4627
:1066200074E0E16801EBC501496821F07F4000F0AA
:1066300086FE0190E16801EBC501496821F07F40C9
:1066400000F079FE00904FF6FF70824502D001986D
:1066500050450BD1B8F5702F02D00098404505D1B8
:1066600036B1E06850F83500B04201D06D1C4DE005
:10667000E06800EBC5004068C0F3406030B1002323
:106680004FF6FF72414620460BF056FDE06800EBE6
:10669000C5004068C0F3006030B9E06800EBC50099
:1066A0004068C0F3406068B1E16851F8350002F01D
:1066B00046FFE16851F83500FAF736FE0020E16840
:1066C00041F835002F4609E0E06800EBC7010246BB
:1066D000781C02EBC00205CA05C17F1C608CC0F3A8
:1066E000C500401EB842EFD8608CC008401E618CC7
:1066F00060F3C8016184628CC2F3C502D100E06816
:10670000FAF766FEE0604FF0010B00BF608CC0F34B
:10671000C500A84285D8BBF1000F06D0029820B171
:1067200041462046029AFFF7BBFEBDE8FE8F0000FF
:1067300010B50446024A00212046FFF75AFF10BD5B
:10674000FFFF0F0070B506460E48007800B970BD17
:106750000020F2F757FF044610E0002506E0E0684D
:1067600050F82510304607F0CCFC6D1C606AA8423A
:10677000F5D82046F2F746FF044600BF002CECD1C6
:1067800000BFE4E7E10000242DE9F04F91B0054699
:106790000C4616469A461CB916B911B0BDE8F08FE2
:1067A000BAF1010F7ED12846FCF7D6FE109068465C
:1067B000EFF7ECF800BF009500BF4E48039000BF14
:1067C000002C38D01098F2F7E7FE40F35D0B22461C
:1067D00000215846EFF7A0F90746C82F00D2C82776
:1067E000B7F5C87F01D94FF4C87739466846EFF747
:1067F0006BF92846FDF7F4F88046C8F1000002194D
:10680000C8F100016846EFF76BF93B496846EFF7BE
:1068100043F93A496846EFF749F96A46092128469B
:10682000F6F7E2FC8146B9F1010F00D0B5E7684602
:10683000EFF784F900BF002E39D01098F2F712FF5D
:1068400040F35D0B324600215846EFF765F90746E5
:10685000C82F00D2C827B7F5C87F01D94FF4C87731
:1068600039466846EFF730F92846FDF7C3F8804609
:10687000C8F100008219C8F100016846EFF730F94D
:106880001F496846EFF708F91C496846EFF70EF90B
:106890006A4609212846F6F7A7FC8146B9F1010F9F
:1068A00001D07AE704E06846EFF748F900BF1EE040
:1068B00013492846EFF722F807460F492846EFF715
:1068C0001DF8804632462146284607F045FE17B996
:1068D000B8F1000F0AD000220A212846F6F784FCFE
:1068E0008146B9F1010F00D057E700BF00BF00BFDC
:1068F00053E70000C7E1030895E60308075A0208BA
:10690000B1E603082DE9FF5F0E46174616B90FB929
:10691000BDE8FF9F009800F015FD0098FDF760F8B6
:1069200040420FFA80F808EB060004B200210098FC
:10693000FDF720FD01281BD0002C00DD0024002CD9
:106940002EDA0098FCF748FF83460098FCF7BCFF5E
:1069500058440FFA80FABAF1000F01DA4FF0000A3A
:10696000CAF10000844202DACAF1000004B217E062
:10697000002C00DA0024002C12DD0098FCF72CFF1C
:1069800083460098FCF7A0FF58440FFA80FABAF14A
:10699000000F01DA4FF0000A544500DD544600BFF5
:1069A0000098FDF727F840420FFA80F909EB07003D
:1069B00005B2002D00DD0025002D16DA0098FDF748
:1069C00005F883460098FCF779FE58440FFA80FAE0
:1069D000BAF1000F01DA4FF0000ACAF10000854257
:1069E00002DACAF1000005B200BFA4EB080006B24B
:1069F000A5EB090007B206B92FB13A463146039B11
:106A00000098FFF7C1FE00BF82E72DE9F04106467E
:106A10000F4614461D462A463946304600F024F8F3
:106A20002A462146304600F03BF8BDE8F081F8B533
:106A300004460E46204600F085FC002000902746C4
:106A40003846FCF723FE05460BE033466A463946D6
:106A500004F1140007F0CAFB2F462846FCF716FE87
:106A60000546002DF1D1F8BD2DE9F04106460C4652
:106A700015460A493046EEF741FF3046FCF7B0FFB5
:106A80000746604238440FFA80F82B460022414600
:106A90003046FFF737FFBDE8F081000095E60308B8
:106AA0002DE9F04106460C4615460A493046EEF7F8
:106AB00025FF3046FCF79EFF0746604238440FFA38
:106AC00080F82B46424600213046FFF71BFFBDE809
:106AD000F0810000B1E603081FB504466A4602A92A
:106AE0002046FCF791FF02A8EFF751FE20B9684657
:106AF000EFF74DFE00B91FBD02A8EFF748FE18B131
:106B000002A92046FEF741FF6846EFF740FE18B1A4
:106B100069462046FEF739FF00BFECE770B5044632
:106B20000D4600222946204600F06CFA70BD70B573
:106B300004460D4600BF00BF2046FBF7F1FCA068ED
:106B4000858270BD2DE9F04106460F4614461D466C
:106B500000223946304600F0C9FA0022214630466C
:106B600000F094FA00222946304600F0CFFA04489B
:106B7000008881B20022304600F0E5FABDE8F081DD
:106B80000801002470B504460D460022294620461F
:106B900000F08CFA0348008881B20022204600F001
:106BA000D2FA70BD0801002470B504460D460022DB
:106BB0002946204600F08AFA2046FCF767FD064683
:106BC000FEF76CFF70BDF8B506460D4600BF00BF6E
:106BD00000236A4641F204013046FCF72FFD0446CB
:106BE000012C02D10098A84200D124B900222946E4
:106BF000304600F09BFAF8BD70B505460C4600BF64
:106C000000BFA1B20022284600F09DFA2846FEF7F8
:106C100045FF70BD2DE9FF4106460C461D4629463D
:106C20003046EBF747FF074621463846029A02F006
:106C30002CFE224629463046FFF732FCBDE8FF8194
:106C40002DE9F04106460D4600BF00BF00BF00BF62
:106C5000706818B900BF00BFBDE8F08115B900BF6A
:106C600000BFF9E73046FEF756FE2846FBF758FC12
:106C700074683046FCF7C3FC074609E0A068016869
:106C8000781C51F82000A168096841F827007F1C92
:106C90002046FCF7B4FB801EB842EFDAA0684068DB
:106CA000401EA1684860A068406848B1A268526868
:106CB0009100A2681068FAF78BFBA168086006E0F3
:106CC000A1680868FAF730FB0020A1680860A8688E
:106CD0004068401CA9684860AA6852689100AA6888
:106CE0001068FAF775FBA96808602846FCF787FB6F
:106CF000401EA968096841F820607560002120469F
:106D0000FFF718F82046FFF7E7FE3246222120461B
:106D1000F6F76AFA002224212046F6F765FA324691
:106D200022212846F6F760FA002223212846F6F7AA
:106D30005BFA3046FEF7B2FE3046FEF7ECFD00BFD0
:106D40008AE770B505460E46144600BF00BF3146BF
:106D5000284600F0BEFA2146284600F0D3FA70BD5E
:106D600070B505460C462846FBF7DAFBA868407E5E
:106D700000F00F00A04201D0A9684C7670BD70B53C
:106D800004460D462046FBF7CBFBA068007E65F36A
:106D90008300A168087670BD70B504460D46204694
:106DA000FBF7BEFBA068007E65F30510A1680876BE
:106DB00070BD70B504460D4600BF00BF2046FBF70E
:106DC000AFFBA068007E00F00300A84200D170BDB8
:106DD000A068007E65F30100A16808762046FEF7F2
:106DE0009AFD00BFF3E770B505460E46144600BF96
:106DF00000BF3146284600F053FA21462846FFF7E7
:106E0000E2FE70BD2DE9F04F89B007468946388C07
:106E1000484502D109B0BDE8F08F00BF00BF388CF3
:106E20000890A7F820904A4638460899DEF774FA89
:106E30008246BAF1000F00D1ECE74FF42070FAF768
:106E4000DFF905464FF420712846FAF784FC002448
:106E5000002697E0F86800EBC6000790F96801EBA0
:106E6000C601496821F07F4000F069FA0690F96890
:106E700001EBC601496821F07F4000F05CFA059003
:106E8000069820EA090000B17BE007984068C0F34B
:106E9000406000B175E0079904AA0868672102F014
:106EA00097F900B96DE0DDF810804FF0000B60E05D
:106EB0000020039026E0039800EB800005EB8000A3
:106EC00040680290029800F03AFA0190029800F0AF
:106ED00032FA0090D8F8000030F81B10039800EB4D
:106EE000800005EB80000089814208D10599009857
:106EF000884204D106990198884200DB05E0039896
:106F0000401C03900398A042D5D300BF0398A04231
:106F10002DD1B8F80C0004EB840125F82100B8F855
:106F2000100004EB840105EB8101488004EB84012F
:106F300005EB8101D8F80800C860D8F8000030F8E7
:106F40001B0004EB840105EB8101088104EB840143
:106F500005EB8101D8F8040008610798406820F02B
:106F60007F4004EB840105EB81014860641C0BF158
:106F7000010BD8F8000030F81B0008B1202C97D383
:106F800000BF761C788CC0F3C500B04202D9202C1B
:106F9000FFF460AF002613E006EB860105EB8101EC
:106FA000486800F0C8F9804606EB860005EB8000D3
:106FB0004B46009041463846089ADEF7D5F8761CD5
:106FC000A642E9D32846FAF797F9BAF1010F03D19F
:106FD0003846FEF7A0FC13E0BAF1030F07D14FF6D5
:106FE000FF724FF470213846FFF75AFA08E0BAF101
:106FF000020F05D13846FEF78EFC3846FFF708FA37
:1070000000BF07E7F8B506460C46154600942B4628
:1070100041F209013046009AFFF7FCFDF8BDF8B5D2
:1070200006460C46154600942B4641F26A4130460E
:10703000009AFFF7EFFDF8BD37B582B0054614465C
:10704000BDF80C00ADF80400234620212846019A23
:10705000FFF7E0FD05B030BDF8B506460C46154615
:1070600000942B4640F628013046009AFFF7D2FDE7
:10707000F8BDF8B506460C46154600942B4621216E
:107080003046009AFFF7C6FDF8BD0000F8B5064689
:107090000C46154600942B46034801883046009A5A
:1070A000FFF7B8FDF8BD000010010024F8B5064652
:1070B0000C46154600942B46034801883046009A3A
:1070C000FFF7A8FDF8BD00000C010024F8B5064646
:1070D0000C46154600942B46034801883046009A1A
:1070E000FFF798FDF8BD000014010024F8B506462E
:1070F0000C46154600942B46034801883046009AFA
:10710000FFF788FDF8BD00000E010024F8B5064623
:107110000C46154600942B46034801883046009AD9
:10712000FFF778FDF8BD000012010024F8B506460F
:107130000C46154600942B4641F204013046009A55
:10714000FFF768FDF8BDF8B506460C4615460094F5
:107150002B4641F269013046009AFFF75BFDF8BD0E
:10716000F8B506460C46154600942B4641F202013E
:107170003046009AFFF74EFDF8BDF8B506460C46BE
:10718000154600942B4640F262413046009AFFF7C4
:1071900041FDF8BDF8B506460C46154600942B4651
:1071A00041F611013046009AFFF734FDF8BDF8B5FD
:1071B00006460C46154600942B4641F61201304611
:1071C000009AFFF727FDF8BDF8B506460C461546B0
:1071D00000942B4641F613013046009AFFF71AFD42
:1071E000F8BDF8B506460C46154600942B4641F608
:1071F00010013046009AFFF70DFDF8BDF8B50646C0
:107200000C46154600942B4641F25D413046009AEB
:10721000FFF700FDF8BD37B582B005461446BDF84E
:107220000C00ADF80400234640F257412846019A6D
:10723000FFF7F0FC05B030BDF8B506460C46154624
:1072400000942B4641F259413046009AFFF7E2FC88
:10725000F8BDF8B506460C46154600942B4641F29B
:1072600001013046009AFFF7D5FCF8BDF8B5064697
:107270000C46154600942B4641F207013046009A11
:10728000FFF7C8FCF8BDF8B506460C461546009455
:107290002B4641F208013046009AFFF7BBFCF8BDCF
:1072A000F8B506460D4600BF00BF00236A4641F20E
:1072B00001013046FCF7C2F90446012C02D10098C6
:1072C000A84200D124B9002229463046FFF7C1FF69
:1072D000F8BDF8B506460D4600BF00BF00236A465C
:1072E00041F207013046FCF7A9F90446012C02D10E
:1072F0000098A84200D124B9002229463046FFF761
:10730000B5FFF8BDF8B506460D4600BF00BF002327
:107310006A4641F208013046FCF790F90446012C18
:1073200002D10098A84200D124B900222946304653
:10733000FFF7A9FFF8BD014601F47F007047014641
:1073400088B2704770B505461148007810B100BF8B
:1073500000BF70BD01200E4908702846FCF79EF959
:1073600004460AE000BF00BF608C20F00200608489
:107370002046EDF7C9FF00BF00BF94F82200C0F31C
:1073800040000028EED10249087000BFE1E700008C
:10739000E00000243EB505460C46132D08DB00BF77
:1073A00000BFF1F776F90290BDF8081008463EBD1F
:1073B0000CB1042C08DD00BF00BFF1F76AF90190A1
:1073C000BDF804100846F2E7601EC4B2054800EBA1
:1073D000C50000EB440000880090BDF8001008468E
:1073E000E5E70000803505083EB505460C46132D3F
:1073F00008DB00BF00BFF1F74CF90290BDF80810A0
:1074000008463EBD0CB1052C08DD00BF00BFF1F7FA
:1074100040F90190BDF804100846F2E7601EC4B2BE
:1074200005EB8500054901EB400000EB44000088B6
:107430000090BDF800100846E3E70000C2340508DC
:107440001CB50446132C08DB00BF00BFF1F721F97F
:107450000190BDF8041008461CBD044800EB440030
:1074600000880090BDF800100846F5E79C34050838
:107470000146002904DAC1F57A7040F4005001E0B9
:1074800041F4005000B270472DE9F0470246B2F9CE
:107490000490B2F900A0A9EB0A0000EBD0794FEA02
:1074A00069090FFA89F31088184405B25088184406
:1074B00006B20888401B07B24888801B04B213FB41
:1074C00003FC17FB07F014FB0408E04502D8012079
:1074D000BDE8F0870020FBE710B5E1F78BF94FF42A
:1074E00016230F4802680F4801680F48F1F733FF71
:1074F0000E48F1F741FF4FF480600C4908804FF4CB
:10750000167048800A4848610748C8600846006904
:1075100020F00200801C08610846F1F767FF10BDEB
:10752000B0000024AC000024000C00241C0C00243B
:10753000DD87010810B50AF059FC0748F7F795FEFA
:10754000012005490870054848600846F7F7A2FE83
:107550000349086010BD0000680C00240D1E0408DB
:10756000B4000024F0B503460C460120002113E0CE
:1075700002F001053DB10546A5FB037C01FB03C6F6
:1075800000FB0461384652101E46A6FB067C04FB35
:1075900006CC04FB03C43B46002AE9D1F0BD000041
:1075A0002DE9F04F87B00546734800680068846B8A
:1075B000714800680068C068806820606E48006894
:1075C0000068007CC0F3400038B96B480068006870
:1075D000007C00F00100002849D067480068F2F7FD
:1075E00041F8401E0FFA80FA63480068F1F7D4FFB3
:1075F000401E0FFA80FB5B460022114601A8CDF821
:1076000000A0EFF775F901A860605B4800680068AA
:10761000007CC0F3400090B1574800680068C06823
:10762000806920F00200801C534909680968C96814
:10763000886101A8A060204600F0A0F814E04E4840
:1076400000680068C06880694B4909680968C968B2
:10765000896960F34101484800680068C068816139
:10766000A560204600F08AF807B0BDE8F08F2846F4
:10767000EFF7ACF806902846EFF72EF805903E4855
:107680000068F1F7EFFFB5F90610884205DC3A48CB
:107690000068F1F7E7FF401E01E0B5F9060006B209
:1076A0003548DDE905210068EBF788FA80464FF0A0
:1076B0000009B5F9027033E02888ADF80C00A888FD
:1076C000ADF81000ADF80E7007EB0800401E00B2D8
:1076D000ADF8120003A86060A06027480068006849
:1076E000C06880682060BDF91200B04201DDADF8CD
:1076F0001260BDF912904E450CD11F480068006819
:10770000C068806920F00200801C1B490968096874
:10771000C9688861204600F031F807EB080007B21D
:1077200007EB0800401EB042C6DD4E4522D0288837
:10773000ADF80C00A888ADF81000ADF80E70ADF8EB
:10774000126003A86060A0600B4800680068C06811
:1077500080682060084800680068C068806920F080
:107760000200801C044909680968C96888612046CC
:1077700000F004F800BF77E7E80000242DE9F041AD
:107780008EB0044666480068F1F702FF064630688E
:1077900090B1706880B90CE0614800680068806A48
:1077A00038B15F4A126810685D4A12681268916ABF
:1077B000884730690028EFD1002700255848006825
:1077C000F1F72EFF80464146606800F023F9074636
:1077D00053480068406930B1514A12685169606885
:1077E00000F018F90546002F66D1002D64D1A06A7B
:1077F000E8B16846F3F730FE49480068C06A049073
:107800004748006890F829008DF81A00444800683D
:10781000408DADF804004248006890F829008DF8CA
:10782000030069462046A36A6268984744E03C48E2
:107830000068C06A60B33A490968C86A0DA9F7F7D9
:10784000A3F98046B8F1010F1FD101210D98C1EBBA
:10785000505000900D98C0F38A20431E002211461C
:107860000BA8EFF745F805A8F2F719FA2C480068BD
:1078700090F829008DF81F00294800680BAA05A977
:10788000C36A2046F2F7BCF901E000BF00BF13E075
:107890006846F3F7E1FD22480068408DADF804002A
:1078A0001F48006890F829008DF8030069462046BB
:1078B0006268F3F7B5FD00BF19480068406938B148
:1078C00015B91748006845692946204600F0C0F9F7
:1078D00017B91348006807693946204600F0B8F91F
:1078E0000F480068F1F780FE80464146204600F0D0
:1078F000AFF90B480068F1F76AFE80464146204622
:1079000000F0A6F9064800680068007CC0F340005B
:1079100018B903480068E2F76DF80EB0BDE8F081D1
:10792000E800002470B50020384908603848006835
:10793000B0F8500100B970BD002535480068B0F8B6
:107940005001441E08E03248006800F59870005D60
:1079500008B9254602E0641E002CF4DA00BF2C486A
:1079600000680068C068806920F001002849096843
:107970000968C9688861264800680068C06880692D
:1079800020F00200224909680968C968886100245A
:1079900034E01F48006800F59870005D68BBAC4299
:1079A0000CD11B4800680068C068806920F00100A5
:1079B000401C174909680968C9688861144800684B
:1079C0000068C068806920F00200114909680968F0
:1079D000C96888610E490968303101EBC400FFF7BE
:1079E000DFFD0B490968303101EBC400EEF7CFFE33
:1079F00006490968084405490860641C0448006891
:107A0000B0F85001A042C4DC00BF94E7E4000024B9
:107A1000E80000242DE9FC4780460C4600260022A1
:107A200004F114014046DBF740FF80B301212046FA
:107A3000FDF7D4FB58BB00208DF80000CDF8048082
:107A40006A4612212046F5F7CFFB9DF80000022878
:107A500002D10020BDE8FC872046FBF7D0FC07469A
:107A600000250BE0A068006850F825904946404684
:107A7000FFF7D0FF064606B102E06D1CBD42F1D310
:107A800000BF1EB99DF8000000B9264600BF304671
:107A9000E0E700002DE9FC4100255AE0314800688C
:107AA00000F59870405D00B152E0002449E02D4897
:107AB000006800F59870005D08B9A54200D13FE06C
:107AC000284A1268303202EBC401264A126830326A
:107AD00002EBC500DBF747FF00B931E02148006841
:107AE000303000EBC4021F480068303000EBC501A5
:107AF0006846DCF779F86846EEF749FE064619490C
:107B00000968303101EBC500EEF741FE0746154923
:107B10000968303101EBC400EEF739FE3844864283
:107B20000DD210490968303101EBC5006946EEF706
:107B300074FD01210B48006800F59870015500BFE5
:107B4000641C08480068B0F85001A042AFD800BFDC
:107B50006D1C04480068B0F85001A8429ED8BDE8EA
:107B6000FC810000E80000242DE9F04F87B00446B6
:107B70000D4601212846FDF731FB10B107B0BDE8E5
:107B8000F08FA66803A92846FBF7DAFC2846DDF744
:107B9000E2FA83465A46594603A8EEF787FE03AA3F
:107BA000314605A8DBF740FE00B9E7E705A8A0606D
:107BB000224614212846F5F717FB224615212846B0
:107BC000F5F712FB224616212846F5F70DFB4FF07C
:107BD00001084FF400212846FDF700FB20B1306872
:107BE00001907068029008E005F11402314601A886
:107BF000DBF71AFE08B94FF00008B8F1000F13D0F8
:107C000001A8A0602846FBF7FAFB8146002708E0A0
:107C1000A868006850F827A051462046FFF7A4FF47
:107C20007F1C4F45F4D300BF05A8A0602246172152
:107C30002846F5F7D9FA224618212846F5F7D4FA4E
:107C4000224619212846F5F7CFFAA66000BF95E72E
:107C50002DE9F05F07460C4624B923480068F1F788
:107C6000DFFC04460CB9BDE8F09F21463846FFF71B
:107C70007BFFA0462046FBF709FD05462FE04FF0AD
:107C8000000A2846FBF7BBFB8346002610E0A868E5
:107C9000006850F82690BAF1000F04D1C14506D112
:107CA0004FF0010A03E049463846FFF75DFF761CB6
:107CB0005E45ECD33A4617212846F5F795FA3A4641
:107CC00018212846F5F790FA3A4619212846F5F783
:107CD0008BFAA8462846FBF7D9FC054600BF002DC5
:107CE000CDD100BFBFE70000E80000242DE9F0413E
:107CF00007460C46254695F82A0020F0010085F835
:107D00002A000020A884E884288510212046FAF75C
:107D100029FE4FF400712046FAF724FE00BF00BF91
:107D200021460848FAF76FFD06463046FAF7E0FDAF
:107D3000002205A1204600F057F900BF00BFBDE8B2
:107D4000F0810000043805084F7074696F6E2031AF
:107D50000A4F7074696F6E20320A4F7074696F6ECB
:107D600020330A4F7074696F6E20340A4F70746943
:107D70006F6E2035000000002DE9F84F884641461F
:107D80007248FBF7F9FA8146B9F1010F01D0BDE85D
:107D9000F88F4046F5F7C1F905464046F5F71EFA5B
:107DA00007463C462C2D08D14046F5F714FA064606
:107DB0003846EBF746FA3080C5E02A2D11D1384617
:107DC000EAF771FE064626B100222A213046F5F771
:107DD0000BFA3846FEF74BFB0021384605F044FF0E
:107DE000B1E0292D04D10021384605F03DFFAAE07D
:107DF000012D0BD1A06A20F40030A0623846EAF7CA
:107E000052FE06465249EDF779FD9CE0022D20D145
:107E1000F7F772FA824669465046F7F7C9FABDF895
:107E20000200A8B13846EAF73EFE83465846FDF701
:107E3000A4F9BDF80210084406B231465846FFF7CF
:107E400061FAA06A20F4003000F50030A06200BFA3
:107E500079E0082D01D0032D03D1384606F052F801
:107E600071E00E2D22D13846FBF7B6FB834658460B
:107E7000F5F792FF0646F7F73FFA0090F7F791FA09
:107E80008246BAF1040F0ED156B9E08C218D88429A
:107E90000BD0208DE0840121384605F0E5FE04E09A
:107EA000E08C208501E0E08C20854CE00F2D0AD18C
:107EB000E08C218D884246D0208DE0840121384617
:107EC00005F0D2FE3FE00D2D2CD14046F5F783F9A9
:107ED0000678132E01D0122E10D1E08C401CA18CFC
:107EE00088421EDAB4F828A0E08C401C81B201223E
:107EF000384600F0F6F8A4F828A012E0142E01D0BD
:107F0000112E0ED1E08C00280BDDB4F828A0E08CF7
:107F1000401E81B20122384600F0E3F8A4F828A000
:107F200000BF10E0132D07D13846EAF7BCFD064626
:107F30003046FEF76DFA06E0152D01D0182D02D15E
:107F40004046E4F776FE00BF21E70000E837050869
:107F5000FDE803082DE9F05F0F463846F5F7DDF838
:107F60000446152C08D039461E48FBF705FA05468D
:107F7000012D01D0BDE8F09F3846F5F72FF9824674
:107F8000132C1DD13846F5F726F906465046FBF767
:107F90007DFB83465846EBF754F980465046FDF783
:107FA000C0F88146B6F90000A8EB0901884202DD5D
:107FB000B6F9000001E0A8EB090000B230800EE045
:107FC000292C07D15046FBF761FB0646002105F03E
:107FD0004BFE04E0152C02D13846E3F7A5FA00BFAA
:107FE000C8E70000043805082DE9F84F05460E469D
:107FF000934600BF00BF00BF1EB900BF00BF00BF57
:10800000FEE700BF2C462846EAF74DFD0090002011
:10801000E0842085A084804608E016F808000A283D
:1080200002D1A08C401CA08408F1010816F80800B9
:108030000028F2D1A08C401CA084BBF1000F0AD113
:1080400094F82A0020F0010084F82A0031460098B4
:10805000F8F76EFD3EE094F82A0020F00100401C85
:1080600084F82A003046C8F748FC00F10109C9EB42
:10807000C900F9F7C5F807464FF0000A0FE009FB01
:108080000A703146C8F715FC0A210AF1010009FB04
:1080900000F0401E39540AF1010000F0FF0ABAF165
:1080A000070FECDB0021C9EBC900401E39543946EB
:1080B0000098F8F73DFD3846F9F71EF9A08C00EB63
:1080C0004000E084A08CC0EBC000A0842846ECF700
:1080D000B1FA00BFE08C20850098FEF799F9BDE861
:1080E000F88F2DE9F04105460E46174600BF00BF48
:1080F0002C4694F82A0000F0010070B13146E28C61
:10810000072392FBF3F290B210B1C0EBC002891AC0
:10811000C0EBC0020A4496B200BFA08CB04201DDA1
:10812000304601E0A08C401EE084E08C208539467A
:10813000284605F099FDBDE8F08110B5F1F714FA75
:108140000446F1F76DFA10BD2DE9F04FA1B00546D8
:108150000E4617469846DDF8A8A02846FBF7FCF91E
:108160000446FFF7EAFF8146A069F0B1A0694845DF
:108170001BD0A069F1F791FA0021A069EDF7BEFBD1
:1081800000221146A069FEF7DCFD002240F26241A8
:10819000A069FEF7FFF994F8280000F0010010B183
:1081A0004846FAF7B5FCD4F81890A561606948B163
:1081B00094F8280000F0010020B16069FAF7A8FCEB
:1081C0000020606184F828A000212846EDF796FB86
:1081D000FFF7B3FF83460021EDF790FB0022114625
:1081E0002846FEF7AEFDFFF7A8FF834600221146A2
:1081F000FEF7A7FD002240F262412846FEF7CAF9C9
:10820000FFF79BFF8346002240F26241FEF7C2F96E
:1082100011A8EDF7BBFB294611A8EDF775FC7948CD
:10822000139000BF7848149000BF394611A8EDF7AD
:1082300049FC414611A8EDF727FC01A8EDF7A6FB84
:1082400001A82169EDF760FC394601A8EDF73AFC79
:10825000414601A8EDF718FC0A2E0FD2DFE806F020
:10826000050F1D2C3A4965819DB9684911A8EDF7A4
:1082700011FC0022114611A8EDF72EFCB3E0634972
:1082800011A8EDF707FC2046F1F786F98346002296
:10829000594611A8EDF720FCA5E05C4911A8EDF7BF
:1082A000F9FB2046F1F778F9C0F1000B002259469E
:1082B00011A8EDF711FC96E0554911A8EDF7EAFB7E
:1082C0002046F1F7CFF983460022594611A8EDF771
:1082D00003FC88E04E4911A8EDF7DCFB2046F1F7DE
:1082E000C1F9C0F1000B0022594611A8EDF7F4FBCB
:1082F00079E0464911A8EDF7CDFB2046F1F74CF99E
:1083000083460022594611A8EDF7E6FB3F4901A834
:10831000EDF7C0FB2046F1F73FF9C0F1000B5A46DC
:10832000002101A8EDF7D8FB5DE0384911A8EDF771
:10833000B1FB2046F1F730F9C0F1000B002259469D
:1083400011A8EDF7C9FB314901A8EDF7A3FB2046C1
:10835000F1F722F983465A46002101A8EDF7BCFB4C
:1083600041E02B4911A8EDF795FB2046F1F77AF98A
:1083700083460022594611A8EDF7AEFB244901A817
:10838000EDF788FB2046F1F76DF9C0F1000B5A4676
:10839000002101A8EDF7A0FB25E01D4911A8EDF78C
:1083A00079FB2046F1F75EF9C0F1000B0022594637
:1083B00011A8EDF791FB164901A8EDF76BFB2046DC
:1083C000F1F750F983465A46002101A8EDF784FBE6
:1083D00009E0104911A8EDF75DFBFF22002111A86B
:1083E000EDF77AFB00BF00BF002225214846F4F7D5
:1083F000FBFE11A8EDF7A2FB01A8EDF79FFB21B052
:10840000BDE8F08FA5E103085DE10308DDE803089E
:10841000EDE803087FC903082DE9F04107460C4643
:108420002546002045F8700F287920F001002871BA
:10843000287920F002002871703D4FF440712046E9
:10844000FAF790FA10212046FAF78CFA0020F1F79B
:1084500091F8502101EBC000A02190FBF1F0012820
:1084600009DD0020F1F786F8502101EBC000A021C2
:1084700090FBF1F000E0012006B231462046FEF705
:1084800056FBBDE8F08100002DE9F34F8BB0FE48AC
:108490000C99FAF771FF0A900A98012802D00DB0E2
:1084A000BDE8F08F0C98F4F738FE05460C98F4F709
:1084B00095FE06463446304600F08DFB8046112D71
:1084C00031D10C98F4F787FE0746B06818B1B06850
:1084D000B0F9140000E00020814604F1680108A80A
:1084E000EEF7DAF84A46494608A8EEF7DFF9002227
:1084F00008A83968DBF7AFFA3871387990B9B8F164
:10850000020F0FD104F1600108A8EEF7C5F84A4642
:10851000494608A8EEF7CAF9002208A83968DBF72F
:108520009AFA38714FE3012D78D13046FDF7F3F90F
:1085300094F8740020F00100401C84F87400B8F135
:10854000000F02D0B8F1010F03D104F1240020671D
:1085500057E1B8F1020FFBD1F6F7CEFE834609A929
:10856000F6F7E4FE3046FCF7DCFD83463046FBF7C9
:108570003DF8834501DB012000E000200890002148
:108580003046FBF72BFF07460898002876D0012FCE
:1085900005D0BDF92410B4F96C00814207DC012F2D
:1085A00009D1BDF92400B4F96810884203DA04F156
:1085B0002400206724E1012F05D0BDF92400B4F97F
:1085C0006010884207DB012F09D1BDF92410B4F9EE
:1085D0006400814203DD04F13000206710E1B4F94A
:1085E0006430B4F960C0A3EB0C0202EBD2730CEB65
:1085F0006303BDF924C0A3EB0C03002B0FDDB4F91A
:108600006430B4F960C0A3EB0C0101EBD1730CEB47
:108610006303BDF924C0A3EB0C030EE0F2E0B4F950
:108620006430B4F960C0A3EB0C0000EBD0730CEB2A
:108630006303BDF924C0ACEB03030FFA83F9B4F96B
:108640006C30B4F968C0A3EB0C0202EBD2730CEBF4
:108650006303BDF924C0A3EB0C03002B0FDDB4F9B9
:108660006C30B4F968C0A3EB0C0101EBD1730CEBD7
:108670006303BDF924C0A3EB0C030EE026E0B4F9BC
:108680006C30B4F968C0A3EB0C0000EBD0730CEBBA
:108690006303BDF924C0ACEB03030FFA83FACA45A8
:1086A00009DA04F12400206794F8740020F0020035
:1086B00084F87400A4E004F13000206794F874009A
:1086C00020F00200801C84F8740099E0BDF92610A7
:1086D000B4F96A00814203DA04F1240020678FE0D4
:1086E000BDF92610B4F96600814203DD04F13000C3
:1086F000206785E0B4F966C0B4F96230ACEB0302E0
:1087000002EBD2734FEA630CB4F962306344BDF9F3
:1087100026C0A3EB0C03002B11DDB4F966C0B4F93D
:108720006230ACEB030101EBD1734FEA630CB4F997
:1087300062306344BDF926C0A3EB0C0310E0B4F92A
:1087400066C0B4F96230ACEB030000EBD0734FEAC3
:10875000630CB4F962306344BDF926C0ACEB03038B
:108760000FFA83F9B4F96EC0B4F96A30ACEB0302C6
:1087700002EBD2734FEA630CB4F96A306344BDF97B
:1087800026C0A3EB0C03002B11DDB4F96EC0B4F9C5
:108790006A30ACEB030101EBD1734FEA630CB4F91F
:1087A0006A306344BDF926C0A3EB0C0310E0B4F9B2
:1087B0006EC0B4F96A30ACEB030000EBD0734FEA43
:1087C000630CB4F96A306344BDF926C0ACEB030313
:1087D0000FFA83FACA4509DA04F12400206794F8F5
:1087E000740020F0020084F8740009E004F1300005
:1087F000206794F8740020F00200801C84F8740054
:1088000000BFE0E1022D78D1206F002875D0F6F787
:1088100073FD09900998F6F7C4FD012800D03EE6E3
:1088200008A90998F6F782FD00213046FBF7D6FD2E
:1088300007903046FCF775FC82463046FAF7D6FEC4
:10884000834600213046FCF798F806900021304618
:10885000FCF73CF9059000213046FCF707FA04903C
:1088600000213046FBF7ACFF8146D4E90A10401ADC
:1088700003900027E06A0290A06A0190DA4521DBAC
:108880000699AAEB010201E0203805080599511A62
:1088900008B20799012907D1B6F918200599511A8C
:1088A000BDF920208F1A06E0BDF92020B6F914305A
:1088B00006991944571A0399794391FBF0F7A16A75
:1088C0000F4412E0ABEB09020499511A08B2BDF94A
:1088D0002220B6F91A104944571A7942039A514393
:1088E00091FBF0F7A16A0F4400BF04F13000216F43
:1088F000814203D1606A029002E01EE0206B019089
:108900000198874201DA019F03E00298874200DD67
:10891000029F206F0068B8420ED0206F076030467B
:10892000FCF7F9FF00221C213046F4F75DFC0A90A9
:108930000A98012800D0B2E545E1082D01D0032DA9
:108940003ED194F8740020F0010084F874000020F7
:1089500020673046FCF7DFFF3046FAF73DFE8246DF
:108960005046F5F719FA0746F6F7C6FC8346F6F7C0
:1089700018FD8146B9F1040F21D107B3304600F04C
:108980002AF9022817D194F87400C0F3400038B9CE
:1089900094F8740020F00200801C84F874000EE04B
:1089A00094F8740020F0020084F87400002150460E
:1089B000F5F795FA03E000215046F5F790FA02E149
:1089C0000E2D10D1F6F798FC8146F6F7EAFC074623
:1089D000042F01D0022F05D194F8740020F002007A
:1089E00084F87400EFE0292D03D13046FDF710FD27
:1089F000E9E0132D7ED14FF440313046FBF7BDFF47
:108A000009904FF440313046FCF760F808904FF47D
:108A100040313046FCF72AF982464FF44031304667
:108A2000FBF7CEFE07904FF4403B43F60E0259464B
:108A30003046FCF74FF90390039800B20690594670
:108A40003046FCF7F9FA059059463046FCF7DAFA59
:108A500004903046FCF765FB0222059912FB010BDE
:108A60003046FAF7C3FD0222049912FB0100834548
:108A700007DA3046FCF755FB0222059902FB01009C
:108A800006E03046FAF7B2FD0222049902FB01002B
:108A9000401007B206987843001207B2DDE90810CB
:108AA000884201DD099900E008990798504501DDE9
:108AB000079800E05046814207DDDDE90810884252
:108AC00001DD099807E0089805E00798504501DDA9
:108AD000079800E05046384407B2B81C07B24FF47C
:108AE00040313046F9F7C5FD384407B20C98F4F729
:108AF00072FB00E00BE08146B9F90000B84202DDEC
:108B0000B9F9000000E03846A9F800005BE00D2D3F
:108B100054D10C98F4F75FFB0778132F01D0112F75
:108B200023D194F87400C0F3400050B9304600F0EF
:108B300061F800F1010901224946304600F06AF867
:108B400009E0304600F041F800F1010901224946F0
:108B5000304600F055F800221C213046F4F744FB63
:108B60000A900A98012828D099E4142F01D0122FD6
:108B700023D194F87400C0F3400050B9304600F09F
:108B800039F8A0F1010901224946304600F042F8C7
:108B900009E0304600F019F8A0F101090122494628
:108BA000304600F02DF800221C213046F4F71CFB63
:108BB0000A900A98012800D071E404E0152D02D132
:108BC0000C98E2F799FB00BF69E410B50446204613
:108BD000EDF7E5FF10BD70B505462846EDF7D6FF69
:108BE0000446012C00D170BD022C01D10220FAE70D
:108BF0000020F8E710B504462046EDF7E3FF10BD6E
:108C000070B504460D461646324629462046EDF715
:108C1000EBFF70BD70B504460D4616463246294638
:108C20002046EEF717F870BD0FB47CB504460D462C
:108C300009A80190019800902A4621460548089B02
:108C4000DDF708F806460020019030467CBC5DF850
:108C500014FB0000AB5B010870B506460C4600BF74
:108C600000BF2546002045F8600F288A20F0F0005C
:108C70002882288A20F00F00401D28820120E86009
:108C8000104868604042A860288A20F480702882DA
:108C9000288A20F4C06000F580602882603D0121B0
:108CA000204601F079FF0121204601F0E4FE8221F7
:108CB0002046FEF7F5FA204600F08EF900BF00BF0F
:108CC00070BD00009F86010070B5054600BF00BF63
:108CD0002C46E16E206E401AA16E88420EDBE16EDA
:108CE000206E401A05D5206E002802DD206E40421D
:108CF0002066E16E206E401A20660DE0B4F8700028
:108D0000C0F3002030B1A16E206E884202D1606EA7
:108D1000206601E0A06E2066284600F05DF970BD77
:108D20002DE9F34F83B00120029077480499FAF7B8
:108D300023FB02900298012802D005B0BDE8F08F15
:108D40000498F4F7EAF906460498F4F747FA074658
:108D50003C46082E7ED1F6F7CFFA01900198F6F73F
:108D600020FB042840D13846FAF736FC0546F5F7D3
:108D700013F8002811D094F8700000F00F000128BB
:108D80000BDDB4F87000C0F34120022814D1E06E6E
:108D9000012803DD384600F0E6F87AE094F8700028
:108DA00000F00F00821E0A200021FEF7DBFBE066C8
:108DB000384600F0EBF86CE094F8700000F00F001B
:108DC000421E0A200021FEF7CDFBE26ED317101AD7
:108DD0008B4103DA384600F0D9F85AE00A20E06601
:108DE000384600F0C0F854E0384601F032FE8246C2
:108DF0005046C7F782FD8346206C1AF800002E28E3
:108E000003D1384601F0ABFC11E0206C584505D188
:108E1000ABF10101384601F039FE08E0206C30B9B1
:108E2000A06E002803DA0121384601F02FFE94F8E5
:108E3000700000F00F00401E00904020005B85B2E3
:108E400094F87010C1F30311206C884208D994F88B
:108E5000700000E01EE0C0F3031008B1681E85B288
:108E60000098A0EB0508A06E002801DA08F10108BF
:108E70000120E0664FF0000908E0E06E00EB8000A2
:108E80004000E06609F101001FFA80F9C145F4D302
:108E900000BF36E00D2E34D1F6F72EFA8146F6F7F4
:108EA00080FA80460498F4F796F90568132D0AD1E4
:108EB000B8F1040F03D1384600F028F820E0384616
:108EC00000F051F81CE0142D0AD1B8F1040F03D1C1
:108ED0003846FFF7F9FE13E0384600F057F80FE088
:108EE000112D03D1384600F011F809E0122D03D1FD
:108EF0003846FFF7E9FE03E02946384601F002FA5A
:108F000000BF00BF19E70000B0FE040870B50546B9
:108F100000BF00BF2C46E16E206E0844616E88429F
:108F20000FDCE16E206E0844002805DD206E00286D
:108F300002DA206E40422066E16E206E0844206610
:108F40000DE0B4F87000C0F3002030B1D4E918018E
:108F5000884202D1A06E206601E0606E206628463D
:108F600000F03AF870BD70B5064600BF00BF344649
:108F70000A21E06E90FBF1F5002D01DDE56601E0D0
:108F80000120E066304600F027F870BD2DE9F04181
:108F9000054600BF00BF2C46D4E91910002802DAAC
:108FA000A06E404200E0A06E814201DD606E06E0EE
:108FB000A06E002802DAA06E404200E0A06E0746D4
:108FC000E06E00EB80004600BE4200DCE66628460C
:108FD00000F002F8BDE8F0812DE9F04F8BB081463A
:108FE0004D46122106A8F8F7B6FB06AE4FF0000B6F
:108FF000A86E002808DA286E002801DB2B2000E08C
:109000002D203070761C03E00BF1010000F0FF0B07
:10901000286E002801DD286E01E0286E40420346DC
:109020003EA20E2102A8FFF7FFFD02A8C7F765FCCC
:1090300095F8701001F00F01A1EB0008B8F1000FD6
:1090400015DD02A8C7F759FC84B206E002A8005D4E
:1090500004EB080102AA5054641E002CF6DA002426
:1090600003E0302002A90855641C4445F9DB95F85B
:109070007000C0F3031020B995F8700000F00F00E5
:1090800003E095F87000C0F303100190002404E0A1
:1090900002A8005D3070761C641C0198844203DADB
:1090A00002A8005D0028F3D195F87000C0F303100A
:1090B00090B12E203070761C04E002A8005D307064
:1090C000761C641C95F8700000F00F00A04203DDD0
:1090D00002A8005D0028F0D106A9484601F0AEFDC7
:1090E000D5F86CA095F8700000F00F0704E00A2096
:1090F0009AFBF0FA781EC7B2BAF10A0FF7DA0198B4
:10910000874201DD781CC7B2A7EB0B00C7B2394616
:10911000484601F0BBFC0BB0BDE8F08F25640000B1
:1091200030B591B005460C4602212046F9F71AFCED
:1091300001A8ECF72BFC00BF019400BF1A4901A85D
:10914000ECF7AEFC01A84FF6FF71818700BF17490D
:1091500008680B9000BF1648006800F5B472144808
:10916000016801A8ECF7C4FC01A8ECF7E7FC114882
:10917000079000BF4FF4B472002101A8ECF7B8FCCF
:109180000D4901A8ECF78CFC01A8ECF7D7FC4FF4D3
:10919000B47200212046EDF7DEF84FF487712046C7
:1091A000EDF7AEF911B030BDE9680108F401002413
:1091B000F8010024C5590208F968010870B5044691
:1091C0000D46164632462946204600F03CF870BD52
:1091D000F0B503469888C00B68B11C6807E020888A
:1091E000884203D1606810600120F0BD08342088F7
:1091F0000028F4D1F9E7D87908B90020F5E7D87943
:10920000012815DDD8791F6807EB80052E4600245C
:109210000AE036F81400884205D11F6857F8240088
:1092200010600120E1E7641CD879A042F1D808E081
:109230009888C0F30E00884203D11868106001209E
:10924000D3E70020D1E7F0B503469888C00B68B19A
:109250001C6807E02088884203D160681060012004
:10926000F0BD083420880028F4D1F9E7D87908B98E
:109270000020F5E7D879012815DDD8791F6807EBBC
:1092800080052E4600240AE036F81400884205D1F5
:109290001F6857F8240010600120E1E7641CD879AA
:1092A000A042F1D808E09888C0F30E00884203D1AC
:1092B000186810600120D3E70020D1E710B50446FC
:1092C00008212046F8F747FA10BD014600BF00BF4D
:1092D000C87908B9012070470020FCE73EB5044674
:1092E0004E2C75D01EDC332C73D00EDC292C78D09C
:1092F00006DC202C45D0222C53D0252C6CD177E0D5
:10930000302C4FD0312C67D168E0462C68D004DC7B
:109310003B2C49D0442C79D145E0472C48D04D2CEA
:1093200074D143E040F63C01601A8C425AD010DC04
:1093300040F25741A4EB01008C4238D004DC522C9F
:1093400033D0532C62D150E0012848D00B285DD196
:1093500043E040F2CA72811A904253D006DC0928D9
:1093600041D0A0F2C770002850D14AE0A1F253408A
:1093700088B3A0F50C50B53870BB4FF480700290E4
:1093800048E000BFFF2211461046EFF741FB009076
:10939000BDF8001008460190BDF80400ADF80800C3
:1093A00038E000BF00BF00BF00BF00BF00BF00BF6C
:1093B00000BF002211461046EFF72AFB0090BDF8CF
:1093C000001008460190BDF80400ADF8080021E047
:1093D0000AE010E005E011E018E000BF00BF00BFA8
:1093E00000BF00BF00BF00BF00BFFF20029011E020
:1093F000FF2002900EE00F2002900BE00748029041
:1094000008E000BF41F6FF70029003E000200290E8
:10941000029000BF00BF02983EBD000080340508E6
:1094200003480088401C02490880084600887047AD
:10943000580200242DE9FE4F0446884600BF00BFB5
:10944000A088C00B20B100BF00BF0020BDE8FE8F88
:10945000E07908B90020F9E7E07901280ED1A08869
:10946000C0F30E00404507D1A0886FF30E00A08026
:109470000020E0710120E9E70020E7E7E0792168BA
:1094800001EB80060296029E002553E036F8150097
:1094900040454ED1D4F80090E079022812D1012045
:1094A000E0710DB9708800E03088A18860F30E018A
:1094B000A1801DB9D9F80400206035E0D9F800007A
:1094C000206031E0E079401E00EB40004000019058
:1094D0000198F7F75BFE8246BAF1000F01D1002038
:1094E000B4E7C4F800A0E079401EE071E0790AEB2F
:1094F0008000029002980090D34600273D460FE07E
:1095000036F8170040450AD059F827104BF82510B7
:1095100036F8172028466D1C009921F810207F1C72
:10952000E079B842ECD200BF4846F7F7FDFE0120D3
:109530008CE76D1CE079A842A8D8002086E710B51A
:10954000044600BF00BFA088C00B10B100BF00BF21
:1095500010BDE079012802DD2068F7F7E5FE08215B
:109560002046F8F7F8F800BFF2E738B505460C4694
:10957000009465212846009A00F087F938BD13B59C
:1095800082B00446BDF80C00ADF80400522120461C
:10959000019A00F07AF91FBD38B505460C460094D3
:1095A00051212846009A00F070F938BD38B50546BB
:1095B0000C4600944FF405612846009A00F065F9C6
:1095C00038BD13B582B00446BDF80C00ADF80400F8
:1095D00020212046019A00F058F91FBD13B582B032
:1095E0000446BDF80C00ADF8040022212046019A83
:1095F00000F04BF91FBD38B505460C46009440F607
:1096000028012846009A00F040F938BD38B50546D3
:109610000C46009421212846009A00F036F938BD06
:1096200013B582B00446BDF80C00ADF8040030213B
:109630002046019A00F029F91FBD38B505460C46B1
:10964000009431212846009A00F01FF938BD38B542
:1096500005460C46009434212846009A00F015F97E
:1096600038BD38B505460C46009433212846009A8B
:1096700000F00BF938BD38B505460C46009441F2B0
:1096800032012846009A00F000F938BD38B5054689
:109690000C46009461212846009A00F0F6F838BD87
:1096A00038B505460C46009463212846009A00F020
:1096B000ECF838BD38B505460C46009464212846C0
:1096C000009A00F0E2F838BD38B505460C46009423
:1096D00041F204012846009A00F0D7F838BD13B5CE
:1096E00082B00446BDF80C00ADF804004D212046C0
:1096F000019A00F0CAF81FBD38B505460C46009423
:1097000040F649012846009A00F0BFF838BD38B548
:1097100005460C46009441F206012846009A00F0E6
:10972000B4F838BD38B505460C46009441F2030143
:109730002846009A00F0A9F838BD13B582B0044657
:10974000BDF80C00ADF804003B212046019A00F062
:109750009CF81FBD38B505460C46009440F63C0108
:109760002846009A00F091F838BD38B505460C46F9
:10977000009440F63D012846009A00F086F838BD76
:1097800038B505460C46009440F63A012846009A42
:1097900000F07BF838BD70B504460D4629462046DA
:1097A00000F03BF82946204600F042F829462046C2
:1097B00000F054F82946204600F001F870BD38B595
:1097C00005460C46009441F611012846009A00F027
:1097D0005CF838BD38B505460C46009441F61501D5
:1097E0002846009A00F051F838BD70B504460D4681
:1097F0002946204600F027F829462046FFF7EAFFD1
:1098000070BD70B504460D462946204600F005F8A7
:109810002946204600F00CF870BD38B505460C46C8
:10982000009441F612012846009A00F02EF838BD47
:1098300038B505460C46009441F613012846009AB7
:1098400000F023F838BD38B505460C46009441F6C3
:1098500014012846009A00F018F838BD38B50546BE
:109860000C46009441F610012846009A00F00DF8CD
:1098700038BD70B504460D4629462046FFF7EEFF79
:1098800029462046FFF79BFF70BD2DE9F74F82B0B8
:1098900004460F4600BF00BFA088C00B20B100BF28
:1098A00000BF05B0BDE8F08FE079012843DDE07925
:1098B000216801EB8008C246E079451E09E03AF8CC
:1098C0001500B84204D12068049A40F82520E8E742
:1098D0006D1E002DF3DAE079401C00EB40004000E3
:1098E000019020680199F7F773FD064606B9D8E79D
:1098F0002660E07906EB8008C246E079451E05E067
:109900003AF81510A81C2AF810106D1E002DF7DA71
:10991000E079401CE071E07906EB8008C246B3466E
:10992000E079401E2AF81070E079401E5E460499E6
:109930004BF8201037E0E07901282CD1A088C0F343
:109940000E00B84202D104982060AAE7E079401CDA
:1099500000EB40004FEA400B5846F7F717FC05466E
:1099600005B99EE7206801902560E079401CE07110
:10997000E07905EB8008C2462E46A088C0F30E00B1
:10998000D046AAF80000AAF8027035460198306067
:109990000498706007E00120E071A08867F30E0072
:1099A000A080049820603846DBF746FE8146A17906
:1099B000012202FA09F21143A17100BF71E738B523
:1099C00005460C46009460212846009AFFF75DFF8B
:1099D00038BD13B582B00446BDF80C00ADF80400E4
:1099E00044212046019AFFF750FF1FBD38B50546B8
:1099F0000C46009440F642012846009AFFF745FFC6
:109A000038BD38B505460C46009440F64501284659
:109A1000009AFFF73AFF38BD38B505460C4600946A
:109A200040F643012846009AFFF72FFF38BD38B5AE
:109A300005460C4600944FF404612846009AFFF74F
:109A400024FF38BD70B504460D462946204600F077
:109A500054F829462046FFF737FE70BD38B5054655
:109A60000C46009441F25D412846009AFFF70DFF35
:109A700038BD13B582B00446BDF80C00ADF8040043
:109A800040F257412046019AFFF7FFFE1FBD38B54F
:109A900005460C46009441F259412846009AFFF7CA
:109AA000F4FE38BD38B505460C46009441F25B41E2
:109AB0002846009AFFF7E9FE38BD38B505460C4642
:109AC000009440F60B012846009AFFF7DEFE38BDF1
:109AD00038B505460C46009440F60A012846009A1F
:109AE000FFF7D3FE38BD38B505460C460094672114
:109AF0002846009AFFF7C9FE38BD38B505460C4622
:109B0000009441F201012846009AFFF7BEFE38BDDD
:109B10002DE9F04704460D4616461F46DDE9088943
:109B200014212046F7F717FE25600EB9054800E01E
:109B30003046A060E760C4F81080C4F80490BDE827
:109B4000F08700004B5A020870B504460D462646C1
:109B500075623046FBF7DFFE70BD70B504462568C0
:109B60004FF0FF3068622846FBF7D5FE70BD70B538
:109B700006460C4625464FF0FF306862102120460D
:109B8000F8F7F0FE08212046F8F7D0F94FF480618D
:109B90002046F8F7CBF970BD70B506460C46254651
:109BA00000212846EBF7AAFE70BD00002DE9FC5FFE
:109BB0000F4639463D48F9F7DFFB0190019801282F
:109BC00001D0BDE8FC9F3846F3F7A7FA05463846B2
:109BD000F3F704FB0090132D58D14FF44031009857
:109BE000FAF7D8FE80464FF440310098FAF77BFF31
:109BF00081464FF440310098FBF745F882464FF418
:109C000040310098FAF7E9FD8346C84501DD40463A
:109C100000E04846D34501DD594600E05146884200
:109C200005DDC84501DD404606E0484604E0D34571
:109C300001DD584600E050460646B01C06B24FF41F
:109C400040310098F8F715FD304406B23846F3F776
:109C5000C2FA0446B4F90000B04202DDB4F90000D3
:109C600000E0304620804FF400310098F8F701FD05
:109C7000B4F90010884202DAB4F9000004E04FF4AD
:109C800000310098F8F7F5FC20800DE01C2D06D17E
:109C9000009800F00DF80098FBF73DFE04E0152D4C
:109CA00002D13846E3F7B3F800BF8AE73C3805082D
:109CB0002DE9F04790B0804600BF00BF4446002524
:109CC000652229462046FBF705F80F900F9F00BF3D
:109CD000002F47D04046FAF7EDFA00F0010A606A1B
:109CE000401C80B9BAF1000F01D0002001E04FF410
:109CF00080700546BAF1000F02D04FF4807000E08A
:109D00000020064608E0656ABAF1000F02D04FF461
:109D1000807000E000200646A81B002801DDA81B7B
:109D200000E0701B78434FEA102900212046EBF732
:109D3000E5FD6846EBF72AFE00BF009400BF0B4824
:109D4000019000BF00BF07950895099600BF08481D
:109D5000039000BF00BFCDF8289000BF6846EBF726
:109D6000EDFE00BF10B0BDE8F0870000499B03087E
:109D70005B9B030870B506460C4625460120A88467
:109D8000E884A98C4800F7F701FA2863E98C4800B9
:109D9000F7F7FCF9E8628220296B0880E96A0880FD
:109DA000EA8CAB8C5A439100A86AF7F711FBA862C2
:109DB0000020A96A086070BD2DE9F04107460E46F3
:109DC000344600250EE0A06A50F8250040B1A16A93
:109DD00051F82500F7F7A8FA0020A16A41F82500FC
:109DE000681C85B2A08CE18C4843A842EBDCA06AD9
:109DF00010B1A06AF7F798FAE06A10B1E06AF7F7D5
:109E000093FA206B10B1206BF7F78EFABDE8F08162
:109E10002DE9F34F83B083480499F9F7ADFA8146F1
:109E2000B9F1010F02D005B0BDE8F08F0498F3F747
:109E300074F906460498F3F7D1F9824654462A2E5F
:109E400004D10021504603F0C7FFE9E02C2E27D1B2
:109E50000498F3F7C0F980464FF0000B002506E0A8
:109E6000206B30F8150058440FFA80FB6D1CA08C55
:109E7000A842F5D80027002505E0E06A30F8150073
:109E8000384407B26D1CE08CA842F6D8ABF1010053
:109E900000B2A8F80000781E00B2A8F80200BFE0E7
:109EA000012E01D0022E1BD102AA01A95046E8F7CB
:109EB0001FFF0546012D12D1A08EBDF80810884263
:109EC00004D1E08EBDF80410884208D0BDF8080027
:109ED000A086BDF80400E0865046FBF71CFD9FE01D
:109EE000082E2BD15046FBF716FDF5F705FA8046F4
:109EF0004046F5F746FA0746A08E4FF6FF718842B6
:109F00000DD0E08E88420AD04FB900221C21504665
:109F1000F3F76AF98146B9F1010F00D083E7F5F74D
:109F2000EBF98346F5F73DFA0546012D01D0032DE7
:109F300003D14FF6FF70A086E08671E00E2E03D1AC
:109F40005046FBF7E8FC6BE00D2E64D10498F3F764
:109F500042F9D0F80080A78EE58E4FF6FF70874259
:109F600001D0854206D10020A086E0865046FBF74E
:109F7000D2FC58E7A08CB84200DC0027E08CA84255
:109F800000DC0025B8F1140F01D17F1E0FE0B8F1FD
:109F9000130F01D17F1C0AE0B8F1110F01D16D1E22
:109FA00005E0B8F1120F01D16D1C00E03BE7A08C79
:109FB000B84209DCE08C401EA84202DD00276D1C7F
:109FC0000AE0A08C471E07E0002F05DA1DB1A08C27
:109FD000471E6D1E00E00027E08CA84202DCE08CEA
:109FE000451E02E0002D00DA0025A08EB84202D105
:109FF000E08EA8420ED0A786E5865046FBF78BFC84
:10A0000000221C215046F3F7EFF88146B9F1010F09
:10A0100000D008E704E0152E02D10498E2F7DAFF39
:10A0200000BF00E7583805082DE9F04781460D4686
:10A030002C465148007884F82C0094F82C00012814
:10A0400010D0022813D0042802D0082814D104E02C
:10A0500001212846FCF796FD0EE009212846FCF771
:10A0600091FD09E000212846FCF78CFD04E0082161
:10A070002846FCF787FD00BF00BF42F2640211468C
:10A080002846FCF7B0FE2846ECF7FEFE07462846B9
:10A09000F8F72EFD804601213846EDF70BFC042031
:10A0A000F7F774F8606235A0616A08603846616A43
:10A0B000EDF708FB00231C2231493846F7F7EEFE86
:10A0C0004FF480413846F7F731FF00231A462D49F7
:10A0D0004046F7F7E3FE00214046FCF76AFE94F89D
:10A0E0002C00012819D0022818D0042802D00828F2
:10A0F00026D100E000BF2448B0F9002042F26401FC
:10A100003846FCF770FE42F264014046FDF7C8F89D
:10A1100001214046FCF748FD12E000BF42F2640214
:10A120001948B0F900103846FCF75DFE42F26401B0
:10A130004046FCF748FD01214046FCF735FD00BFD5
:10A1400000BFF3F723FE06461EB139463046F3F74B
:10A1500057FD00214046FCF715FD03214046FCF762
:10A160000EFE80214046F7F7E1FE4FF48061404645
:10A17000F8F7F8FBBDE8F087FC01002400000000C0
:10A18000A16D01080D840108FE0100242DE9F041B4
:10A1900007460E46344694F82C0000F00C0070B1CF
:10A1A000002509E0616A51F82500F7F7BDF80020A5
:10A1B000616A41F825006D1C208DA842F2D894F800
:10A1C0002C0000F0030080B100250BE06A00616AFA
:10A1D00051F82200F7F7A8F800206A00616A41F8F8
:10A1E00022006D1C208DA842F0D8606AF7F79CF819
:10A1F00000206062BDE8F0812DE9F04781460C4601
:10A2000021460E48F9F7B8F80646012E01D0BDE800
:10A21000F0872046F2F781FF05462046F2F7DEFF81
:10A220000746292D08D1384600F011F88046002253
:10A230004146384600F018F800BFE8E7E8FE040899
:10A2400010B5044601212046F9F7BBF810BD0146C0
:10A2500000BF00BF0A46508D704710B5044600216C
:10A260002046F9F7AEF810BD2DE9FC5F80460C469C
:10A27000934600BF00BF4646308DA04201D8308DC6
:10A28000441E4046FDF75EF84046FFF7D9FF0546FD
:10A290000DB9BDE8FC9F4FF0000A41F6150251468A
:10A2A0002846FAF717FD0090009807B200BF28462D
:10A2B000F9F727F9814600214046FAF782F801288C
:10A2C00008D007EB0900604301B25A462846FCF764
:10A2D000CBFB0BE0C4F1000A07EB090000FB0AF01E
:10A2E00001B25A462846FCF7BFFB00BF4046FFF7C5
:10A2F000B4FF0190A1B280220198EDF791F9748525
:10A3000000BFC6E72DE9F34792B0074600BF00BF84
:10A310003C46139810900020119010AD2946384605
:10A32000EAF7FEFA0646012E02D014B0BDE8F08727
:10A3300094F85C00C0F3C00040B113980A2802D022
:10A3400013980D2802D100BF00BFEEE7002113A82B
:10A35000414A12689047814649463846DDF76CF914
:10A3600010B900BF00BFE0E794F85C00C0F38000C4
:10A3700010B1384603F07CFAA06A50B1606AF5F774
:10A38000F1FE804698F8000010B93846FBF7C3FA92
:10A3900000BF2A46216C606AF5F7F6FE384600F0E9
:10A3A00025F994F85C00C0F38000002844D0E06AEE
:10A3B000C6F7A3FA82462846C6F79FFA504400F132
:10A3C00001084146E06AF7F703F8E06200BFE06A7F
:10A3D00018B900BF00BF00BFFEE700BFE06A00B9C8
:10A3E000A3E72A46216CE06ADBF712FA208F18B93E
:10A3F000384603F03DFA1FE06846EBF7C7FA2146FE
:10A400006846EBF787FB15496846EBF74DFB218F54
:10A410006846EBF75FFB012200216846EBF770FB13
:10A420000F496846EBF744FB0E496846EBF746FBDD
:10A430006846EBF783FB00BF384600F0F5FA00F101
:10A4400001084146384600F021FB00221C21384615
:10A45000F2F7CAFE00BF68E77C02002429D903088E
:10A46000775A02082BD903082DE9F04391B006462C
:10A470000D4600BF00BF00BF1DB900BF00BF00BF39
:10A48000FEE700BF344694F85C00C0F3800010B1D2
:10A49000304603F0EDF9304600F0C0FA18B9304606
:10A4A00000F0C8FAC8B1002010900FE010A92846AB
:10A4B000484A12689047804640464749096888479D
:10A4C000814649463046FFF71DFF00BF1098285CC3
:10A4D0000028EBD111B0BDE8F08329463046EAF7F9
:10A4E0001FFA0746012F00D0F4E7A06A50B1606A56
:10A4F000F5F738FE804698F8000010B93046FBF7B3
:10A500000AFA00BF2A46216C606AF5F73DFE304624
:10A5100000F06CF894F85C00C0F38000002844D090
:10A52000E06AC6F7EAF981462846C6F7E6F94844E4
:10A5300000F101084146E06AF6F74AFFE06200BF19
:10A54000E06A18B900BF00BF00BFFEE700BFE06AC5
:10A5500000B9BFE72A46216CE06ADBF759F9208F82
:10A5600018B9304603F084F91FE001A8EBF70EFAA2
:10A57000214601A8EBF7CEFA184901A8EBF794FAA7
:10A58000218F01A8EBF7A6FA0122002101A8EBF721
:10A59000B7FA134901A8EBF78BFA124901A8EBF7B8
:10A5A0008DFA01A8EBF7CAFA00BF304600F03CFA7A
:10A5B000814628460C490968884709EB000841464E
:10A5C000304600F063FA00221C213046F2F70CFE00
:10A5D00000BF7FE77C0200247402002429D903080D
:10A5E000775A02082BD903088C02002470B505465F
:10A5F00000BF00BF2C46606AF5F7C0FD4FF6FF7143
:10A60000884206D1606AF5F7B3FD4FF6FF718842C4
:10A6100009D04FF6FF71606AF6F726FB4FF6FF711F
:10A62000606AF6F716FB70BD2DE9F04107460C464F
:10A63000254695F85C0020F0040085F85C000020B9
:10A64000E86240F2DC5028870020286368635020CD
:10A65000405D20F00100401C502148550121296433
:10A660005020405D20F00200801C50214855002001
:10A67000A88795F85C0020F0080085F85C0095F844
:10A680005C0020F0020085F85C0000206862A8628F
:10A690002046F5F745FA68626420FCF7E9FE0646B5
:10A6A0003146686AFCF7FCFD0BA1686AF6F740FAD0
:10A6B00000231A460949686AF7F7F0FB4FF48061F6
:10A6C0002046F7F733FC0021204600F0DFF9204652
:10A6D00004F0E6FABDE8F08100000000CB52020869
:10A6E0002DE9F84F054600BF00BF2C46284600F074
:10A6F0009BF980466A464146606AF5F72FFC0021C7
:10A700002846FAF758FC064600212846FAF7DFFBF0
:10A7100081464846F2F7D0FE0746BDF80210B81948
:10A72000401C084400B2ADF80200A08FADF8000054
:10A73000606AF8F75BFFBDF9021088420DDD6946DB
:10A74000606AF5F7D7FA8246B4F93C80514628464C
:10A7500000F09CF9A4F83C8000BFBDE8F88F70B50C
:10A76000054600BF00BF284600F05EF9044624B14C
:10A77000641E2146284600F089F970BD70B5054673
:10A7800000BF00BF284600F04FF90446641C214674
:10A79000284600F07BF970BD2DE9F84F044600BF54
:10A7A00000BF2546204600F03FF983462C466A4606
:10A7B0005946686AF5F7D2FB00212046FAF7FBFB01
:10A7C000064600212046FAF782FB81464846F2F70A
:10A7D00073FE0746BDF80210B819401E081A00B2F1
:10A7E000ADF80200A88FADF800006946686AF5F779
:10A7F00081FA8246B5F93C805146204600F046F980
:10A80000A5F83C80BDE8F88F2DE9F843054600BF68
:10A8100000BF2C46276C0FB9BDE8F8832AA000685A
:10A82000009069462846EAF77BF80646012E00D0DC
:10A83000F2E7606AF5F796FC8146206C411E012222
:10A840004846DAF70DFF4946606AF6F771F928467F
:10A85000FFF7CCFEA06A50B1606AF5F783FC804632
:10A8600098F8000010B92846FBF755F800BF94F897
:10A870005C00C0F38000D0B1226C511E0122E06A5E
:10A88000DAF7EEFEE06AC6F738F800F10108414653
:10A89000E06AF6F79DFDE06200BFE06A18B900BF0C
:10A8A00000BF00BFFEE700BFE06A00B9B4E7206C5C
:10A8B000411E284600F0EAF800221C212846F2F743
:10A8C00093FC00BFA8E700007F00000070B50546BC
:10A8D00000BF00BF284600F0A7F80446611C2846C8
:10A8E00000F0D4F8284600F09FF8A04202D0284695
:10A8F000FFF78AFF70BD70B506460D462C46E06A2C
:10A9000020B1E06AF6F710FD0020E062A06A20B1F5
:10A91000A06AF6F709FD0020A06270BD2DE9F0479E
:10A9200081460E4631463C48F8F726FD0746012F82
:10A9300001D0BDE8F0873046F2F7EFFB0546304620
:10A94000F2F74CFC80460E2D03D1404604F0A8F9E6
:10A9500060E00D2D47D13046F2F73DFC0468132C22
:10A9600003D14046FFF70AFF3CE0142C03D14046D8
:10A97000FFF7F5FE36E0112C03D14046FFF70CFF40
:10A9800030E0122C03D14046FFF7AAFE2AE0082C43
:10A9900003D14046FFF738FF24E07F2C03D1404627
:10A9A000FFF794FF1EE0022C04D10021404600F086
:10A9B0006DF817E0032C05D147F6FF71404600F013
:10A9C00065F80FE00A2C09D1404600F039F828B1AB
:10A9D00000221F214046F2F707FC03E021464046D3
:10A9E000FFF790FC16E0012D05D0022D03D0032DBA
:10A9F00001D0082D03D1304607F02DFD0AE0152DBA
:10AA000003D13046E2F7C4FF04E0182D02D13046EE
:10AA1000DFF74AFA00BF8CE774380508014600BF2B
:10AA200000BF0A46106B7047014600BF00BF0A46D0
:10AA3000106C7047014600BF00BF0A46506B70475C
:10AA4000014600BF00BF0A4692F85C00C0F3C00098
:10AA5000704770B5054600BF00BF2C4694F85C00F7
:10AA6000C0F3800020B9606AF5F77CFB064600E081
:10AA7000E66A304670BD10B500BF00BF02465023E5
:10AA80009B5C61F341035024A35410BD2DE9FC5F8E
:10AA900080460C4600BF00BF4546286CA04201D14D
:10AAA000BDE8FC9F686AF5F75DFB3A4900900968CC
:10AAB00088470646002C00DA3444B44203DC47F6EB
:10AAC000FF70844200D134462C644046FCF73AFCC7
:10AAD00000214046FAF7FBF9834601AA2146686A3D
:10AAE000F5F73CFA5846F2F7E7FC07464046F8F718
:10AAF0006DFFBDF90610884205DDBDF90610012283
:10AB00004046FBF7CDFF4046F8F7DCFC8146404667
:10AB1000F8F75CFFBDF906103944081A484509DD0D
:10AB2000BDF80600A0EB0900384401B201224046FE
:10AB3000FBF7B6FF4046F8F74FFEBDF90410884218
:10AB400005DDBDF9041001224046FBF78DFF4046AC
:10AB5000F8F7D7FC82464046F8F73EFEBDF90410F0
:10AB60003944081A504509DDBDF80400A0EB0A007D
:10AB7000384401B201224046FBF776FFBDF80400DD
:10AB8000A887404604F08CF8404602F0EBFE00BF78
:10AB900086E700008C0200242DE9F04105460E46B0
:10ABA00000BF00BF2C4694F85C00C0F3C000B04268
:10ABB00001D1BDE8F08106B394F85C0020F00800F4
:10ABC000083084F85C0042F2D171606AFCF768FBDF
:10ABD0006420FCF74DFC074600223946606AFCF70A
:10ABE000BFFA42F2D1712846FBF7EDFF00231A4667
:10ABF00019462846FBF709FF1EE094F85C0020F098
:10AC0000080084F85C006420FCF732FC07463946F3
:10AC1000606AFCF745FB00221146606AFCF7A0FA67
:10AC2000002241F204012846FBF7B4FC00231A4637
:10AC300019462846FBF7E9FE00BFBAE72DE9F041C7
:10AC400090B006460D4600BF00BF00BF1DB900BF53
:10AC500000BF00BFFEE700BF34463046FFF7C6FC2A
:10AC60003046FFF7DBFE18B93046FFF7E3FE40B38E
:10AC700045A1606AF5F75CFF47F6FF713046FFF7C4
:10AC800005FF94F85C00C0F3800010B10020E16A79
:10AC9000087000200F900FE00FA928463B4A126869
:10ACA0009047074638463A490968884780464146F2
:10ACB0003046FFF727FB00BF0F98285C0028EBD138
:10ACC00008E02946606AF5F733FF47F6FF71304622
:10ACD000FFF7DCFEA06A48B1606AF5F743FA074661
:10ACE000387810B93046FAF716FE00BF94F85C00C9
:10ACF000C0F3800000283FD02846C5F7FEFD471C62
:10AD00003946E06AF6F764FBE06200BFE06A18B912
:10AD100000BF00BF00BFFEE700BFE06A10B910B07F
:10AD2000BDE8F0812946E06AC5F7C3FD208F18B958
:10AD3000304602F09DFD1FE06846EAF727FE2146F7
:10AD40006846EAF7E7FE13496846EAF7ADFE218F49
:10AD50006846EAF7BFFE012200216846EAF7D0FE06
:10AD60000D496846EAF7A4FE0C496846EAF7A6FED4
:10AD70006846EAF7E3FE00BF00221C213046F2F7E6
:10AD800033FA00BFCBE70000000000007C02002483
:10AD90007402002429D90308775A02082BD9030822
:10ADA00070B50446204600F099F8054605B970BD17
:10ADB00000BF064A00212046FBF71BFC00BF2146CE
:10ADC0002846DBF781FD00BFF1E70000FFFF0F0021
:10ADD00000B500F067F808B9002000BD0048FCE7A6
:10ADE000A00D00242DE9FF4104461E460A9D00F0F7
:10ADF00059F860B90020254908704FF41270F6F731
:10AE0000C5F9234908600846006822490860EEF742
:10AE1000ABFB0746EEF7C0FBB0F5A07F03DC0320D9
:10AE20001D4908700EE0EEF79FFB0746EEF7B4FBF6
:10AE3000B0F5347F03DA02201749087002E00120E0
:10AE4000154908701548C460BDF804100182BDF8AA
:10AE50000810418245618561C56111480F4908604C
:10AE60000846066203F060FF2CB12046EEF7F2FBC5
:10AE70000A49884202D10020FBF764FC0120034903
:10AE80000870064804B0BDE8F08100003E010024CF
:10AE9000440200243001002434010024A00D0024C9
:10AEA000E90A04080348006808B10120704700203F
:10AEB000FCE700004402002438B50546284600F0AF
:10AEC0000DF8044614B1208A009003E01120FCF72D
:10AED000B7FA0090BDF80010084638BD70B50446BA
:10AEE0001CB12046F8F738FB01E0EEF73DFB0546C4
:10AEF0002846EEF7AFFB70BD10B5034600F00AF828
:10AF000004469C4201D3E31A01E05B422344184605
:10AF100010BD000000BF0121044A117004490868F7
:10AF2000114609780029F6D0704700002C02002451
:10AF3000280200240021044A1170044909680144D0
:10AF4000024A1160704700002C02002428020024ED
:10AF500070B505460C4642F2640211462046FBF7E6
:10AF600042FF00231A4608492046F6F797FF802142
:10AF70002046F6F7DBFF03212046FBF700FF032105
:10AF80002046FBF709FF70BDD51C04082DE9F047EA
:10AF900081460C462046F8F779FB804642F264026F
:10AFA00011462046FBF71FFF2046FCF7CBF9404631
:10AFB000F8F788FA10490988484306B24046F8F77E
:10AFC000A0FA0E490988484307B23246394620465E
:10AFD000FBF7B7FE25460A48007885F824000748A5
:10AFE000006838B90448006820B90548017840462F
:10AFF000FBF7B6FEBDE8F087080200240402002437
:10B00000000200242DE9F04105460E4617460024B3
:10B010000F48D9F7F9FF044600BF1CB900BF00BFB5
:10B0200000BFFEE700BF14B90020BDE8F081266034
:10B03000A5604FF0FF30206100206061FFF76AFFDC
:10B040006060E7600120034908702046EDE70000DA
:10B05000EC0D00245F02002410B50446214605488B
:10B06000DAF71EF80120044908702046F6F75CF96B
:10B0700010BD0000EC0D00245E02002401490870A0
:10B08000704700005C02002470B50446207D00F08B
:10B09000010008B1002070BD0025204600F0DFF857
:10B0A00088B926692069002802DD2069401E2061D8
:10B0B000FFF730FF6060A06818B116B12046A168A4
:10B0C0008847012500BF0548007820B9206910B9DC
:10B0D0002046FFF7C1FF2846DDE700005E0200249E
:10B0E00001480078704700005D0200242DE9F0411E
:10B0F0004948007810B10120BDE8F081012046499F
:10B1000008704648007818B9002008700120F3E75D
:10B11000FFF700FF074667B941480068401C4049F7
:10B12000086008460068642803D90020086000BF52
:10B1300000BF00BF00203B4908703B4908703B48F6
:10B14000D9F72FFF3A49086013E0394801683748BA
:10B15000D9F73FFF044636480068FFF795FF30B146
:10B160003148007810B92F48007800B105E0304828
:10B1700004602F4800680028E7D100BF2C48006811
:10B180000028D7D1461E2948D9F70BFF044610E006
:10B19000207D00F0010038B9204600F060F88046BC
:10B1A000B04500D2464600BF21462048D9F711FFDE
:10B1B0000446002CECD13846FFF79EFE1D49096875
:10B1C00008441C4908601C480068FFF795FE0546C6
:10B1D000B5F5FA7F1AD31748006864214843B0FBDD
:10B1E000F5F01649087008460078642801DD002053
:10B1F00003E012480078C0F1640010490870002094
:10B200000C490860FFF786FE0B49086000200249E0
:10B210000870304670E70000600200245C020024E1
:10B220006C0200245E0200245F020024EC0D002466
:10B230004002002468020024640200245D0200240D
:10B2400001214161704710B50446FFF763FE216894
:10B25000401A401E606010BD00214161704770B50A
:10B2600004466068FFF748FE05462068A84201D8FA
:10B27000002070BD2068401BFBE72DE9F047074622
:10B280000C46164600F0ADF88046A6EB08000421F7
:10B29000DBF701F80546E11704EB91718910A4EB87
:10B2A000810121B100BF00BF0020BDE8F0870C2D57
:10B2B00002D3B5F5801F03D900BF00BF0020F4E71B
:10B2C0006FF00301204601F057FB814629464846AE
:10B2D000DBF777FC4846DBF765FC4846DBF76CFCA0
:10B2E00049463846DBF743FB4846DBF766FB8246B8
:10B2F00000215046DBF765FC5046DBF768FC504602
:10B30000DBF755FC2046D0E710B50446E11704EB07
:10B3100091718910A4EB810119B100BF00BF002019
:10B3200010BD2046DDF7CAF82046F9E72DE9F041C7
:10B3300004460D462046FFF7E7FF064600F0BEF83C
:10B340002F1A00F0BBF800EB04083A46414630469D
:10B35000FFF793FF3046BDE8F0812DE9F041054647
:10B360000C4604B32F462046DBF7FDFA064600BF25
:10B370003046DBF70EFB18B100BF00BF00BFFEE791
:10B3800000BF3046DBF74CFB31463846DBF789FB24
:10B39000064631463846DBF75DFB06463146384601
:10B3A000DBF7E5FA00BFBDE8F08100B5014600F02B
:10B3B00085F8084400BD2DE9F04104460D462646B7
:10B3C00004212846DAF74FFF074639463046DBF7B7
:10B3D000FDFA80463A4641463046DBF7A6FBBDE81B
:10B3E000F081082070472DE9FE4F80460C46154637
:10B3F000C2464FF000092CB125B921464046FFF75F
:10B40000ACFF58E02CB929464046FFF7D4FF8146EF
:10B4100051E02046DBF7A7FA02900298DBF769FBC0
:10B4200001900298DBF7D8FB06460198DBF7D4FBC6
:10B430003044001D009004212846DAF714FF074627
:10B4400000BF0298DBF7A5FA18B100BF00BF00BF2C
:10B45000FEE700BFB7421ED90198DBF79AFA10B198
:10B460000098874217D929464046FFF7A4FF814636
:10B47000B9F1000F1ED0AE4201D2304600E028469E
:10B4800083465A4621464846F5F7D7FF21464046AF
:10B49000FFF763FF0EE0B74206D950460299DBF78B
:10B4A000D9FA0298DBF7C9FA3A4650460299DBF717
:10B4B0000CFCA14600BF4846BDE8FE8F40F24C7030
:10B4C000704700002DE9F05F07460D4616460DB1A6
:10B4D000284600E0144880466FF00301384601F02A
:10B4E0004BFA044617E02046DBF753FA08B901206F
:10B4F00000E0002081462046DBF76EFB82462046B6
:10B50000DBF7B9FB834633464A465146C0472046DF
:10B51000DBF7EFFA044624B12046DBF73FFA0028B8
:10B52000E1D0BDE8F09F0000D787010810B50446C0
:10B5300004F15A0000B200F009F810BD10B504463D
:10B5400004F15A0000B200F001F810BD01460020DD
:10B550004FF4B47291FBF2F302FB1311002902DAEB
:10B5600001F5B47211B25A2903DA134A32F9110003
:10B5700020E05A2908DBB42906DAC1F1B40211B27D
:10B580000D4A32F9110015E0B4290BDBB1F5877FC4
:10B5900008DAA1F1B40211B2074A32F8112052427E
:10B5A00010B207E0C1F5B47211B2034A32F81120AB
:10B5B000524210B270470000183605082DE9FF4FBF
:10B5C00085B08346139CBBF1000F02D09BF80000AE
:10B5D00018B9002009B0BDE8F08F069808B900201E
:10B5E000F8E7129800F0020010B141F6FF700890E1
:10B5F0004FF00008002004900390002581460026AB
:10B600008246471E019004A95846444A1268904752
:10B6100005460498039065E003A958463F4A12681E
:10B62000904781460AF1010A129800F0010050B1DA
:10B6300029461498DAF71CF928B1DDF81080039830
:10B6400004904D464EE04A4629460698F1F70DFF14
:10B6500000B202900298304406B20298002802DD3F
:10B660000798304406B2781C40B90798311A0898F8
:10B67000814203DD4746AAF1010001900A2D1DD049
:10B680000D2D1BD028460022B0F59C4F05D349F65E
:10B69000A573984201D801230FE0002107E020A301
:10B6A0005B5C834201D1012205E04B1CD9B21CA393
:10B6B0005B5C002BF3D100BF13464BB1B8F1000F18
:10B6C00003D1781C08B904B12660AAF1010A0DE083
:10B6D00014B1781C00B92660DDF81080039804903E
:10B6E0004D4600BF1BF80800002895D100BF781C0C
:10B6F00058B9BAF1000F04D00D2D04D1B9F10A0FD9
:10B7000001D1DDF81080404664E7159808B138464D
:10B7100060E70CB10020206000205BE77C02002481
:10B72000202C2E3B3A2D5F002DE9FF4F83B00446BD
:10B730000E469046DDF848B0DDF8409000202080AD
:10B74000608016B907B0BDE8F08FB8F1000F00D1E6
:10B75000F8E70BF0020010B141F6FF7011900025E0
:10B76000AA4600BFB8F8080087B231E00020CDE952
:10B77000000B70194146119B069AD9F7B3FF82441A
:10B78000B4F9020038444844B0F5004F02D300BF7A
:10B7900000BFD7E76088384400B2608060884844C2
:10B7A00000B26080AAEB05017019CDF800B04246E6
:10B7B000069B00F02BF80290B4F900100298814229
:10B7C00001DA029801E0B4F900002080554600BF7C
:10B7D000705D0028CAD16DB1681E305C0A2803D0A4
:10B7E000681E305C0D2805D1608807EB090108440C
:10B7F00000B26080608810B938B2608004E0608870
:10B80000A0EB090000B2608000BF9BE72DE9FF4775
:10B8100005460E4617469846DDF830A01DB90020B3
:10B8200004B0BDE8F0870FB90020F9E7287808B91F
:10B830000020F5E7002003900024029046B31FE0AB
:10B8400003AB6A4601A92846D9F730FF0AF0010088
:10B8500028B102A80199DAF70BF800B110E03846D8
:10B86000DDE90021F1F701FE0FFA80F9B9F1000FCF
:10B8700005DD04EB090004B204EB080004B200BFCC
:10B880000398B042DCD3002C02DDA4EB080004B224
:10B890002046C5E708B50146802901D2084608BD03
:10B8A000B1F5006F11D2C1F3841040F0C0008DF8E3
:10B8B000000001F03F0040F080008DF80100002002
:10B8C0008DF802008DF8030033E0B1F5803F15D20A
:10B8D000C1F3033040F0E0008DF80000C1F38510A3
:10B8E00040F080008DF8010001F03F0040F0800042
:10B8F0008DF8020000208DF803001AE0B1F5881FD2
:10B9000017D2C1F3824040F0F0008DF80000C1F37F
:10B91000053040F080008DF80100C1F3851040F043
:10B9200080008DF8020001F03F0040F080008DF8AB
:10B9300003006A461068B2E731B582B0029800F0A1
:10B940008000E8B1042202A901A8F5F7BEFE9DF827
:10B95000040000069DF8051000EB01409DF806105C
:10B9600000EB01209DF807104418002504E0E0B228
:10B9700000B9240A681CC5B2042DF8DB029400BF8C
:10B9800002983EBD2DE9F04105460E4600240027F1
:10B990000CE028190949096888478046B8F1000F6A
:10B9A00001D0404600E0012004447F1CB74202D28F
:10B9B000285D0028EDD12046BDE8F081700200240A
:10B9C000F8B506460C4600200090002505E06946C3
:10B9D0003046044A126890476D1C0098A042F6D386
:10B9E0002846F8BD7C02002438B504460025002016
:10B9F000009005E069462046044A126890476D1C95
:10BA00000098205C0028F5D1284638BD7C0200242F
:10BA100008B5024600230020009001B96946086875
:10BA2000105C00F0800028B90868135C0868401CAE
:10BA300008608FE00868105C00F0E000C02817D1B3
:10BA40000868105CC006430D0868401C0860086860
:10BA5000105C00F0C000802801D0002008BD0868FC
:10BA6000105C00F03F0003440868401C086071E06F
:10BA70000868105C00F0F000E02828D10868105C2D
:10BA80000007030C0868401C08600868105C00F0A0
:10BA9000C000802801D00020E0E70868105C00F0BA
:10BAA0003F0003EB80130868401C08600868105CC6
:10BAB00000F0C000802801D00020CFE70868105CAB
:10BAC00000F03F0003440868401C086042E008683A
:10BAD000105C00F0F800F02839D10868105C4007CD
:10BAE000C30A0868401C08600868105C00F0C000C9
:10BAF000802801D00020B1E70868105C00F03F000A
:10BB000003EB00330868401C08600868105C00F014
:10BB1000C000802801D00020A0E70868105C00F079
:10BB20003F0003EB80130868401C08600868105C45
:10BB300000F0C000802801D000208FE70868105C6A
:10BB400000F03F0003440868401C086002E00868F9
:10BB5000401C0860184681E72DE9F84306460C466C
:10BB600000272068401E206000BF042F02DB002059
:10BB7000BDE8F883216888190D490968884705469A
:10BB80003DB9206818B12068401E206001E0002007
:10BB9000EEE7781CC7B2002DE7D020680090694618
:10BBA0003046044A1268904780464046E0E700006D
:10BBB000700200247C0200240146087800F0800016
:10BBC00008B901207047087800F0E000C02801D1D2
:10BBD0000220F7E7087800F0F000E02801D1032008
:10BBE000F0E7087800F0F800F02801D10420E9E738
:10BBF0000020E7E77FB582B004460D46164605985B
:10BC000033462A46214600900248DAF723F806B068
:10BC100070BD0000AB5B01082DE9F04782460C4681
:10BC20002046F7F733FD05462846F7F7DFFC804648
:10BC30002846F9F776FA8146424649462046FBF700
:10BC4000D2F801212046FAF79DFF2046F6F750FF73
:10BC500006461048B0F9002042F264013046FBF776
:10BC6000C2F800213046FAF78DFF02231A46002160
:10BC70003046FAF767FF2046F6F73AFF07460121FC
:10BC80003846FAF791FF42F264013846FBF708FBA9
:10BC9000BDE8F0870C020024D0F706FA00BF5C482C
:10BCA000006800F4003000B139E000BF00BF00BF01
:10BCB000BFF34F8F00BF00BF00BF00BF00BF00BF7A
:10BCC000BFF36F8F00BF00BF00BF00205149086065
:10BCD00000BF00BF00BFBFF34F8F00BF00BF00BF5A
:10BCE00000BF00BF00BFBFF36F8F00BF00BF00BF2A
:10BCF0004748006840F400304549086000BF00BF75
:10BD000000BFBFF34F8F00BF00BF00BF00BF00BF29
:10BD100000BFBFF36F8F00BF00BF00BF00BF00BFF9
:10BD20003B4B1B6803F4803303B148E00023384CDD
:10BD30007034236000BF00BF00BFBFF34F8F00BF50
:10BD400000BF00BF231F1868C0F34E3100BFC0F30F
:10BD5000C90200BF43F6E07303EA41134FF04044C9
:10BD600004EA827423432B4C1034236000BF00BFCD
:10BD7000131EA2F10102EDD10B1EA1F10101E6D1CA
:10BD800000BF00BF00BFBFF34F8F00BF00BF00BFA9
:10BD90001F4B1B6843F480331D4C236000BF00BF62
:10BDA00000BFBFF34F8F00BF00BF00BF00BF00BF89
:10BDB00000BFBFF36F8F00BF00BF00BF00BFCAF757
:10BDC0008FFAD1F73FFED0F759FAD0F7B5F9D0F78F
:10BDD00001FCD0F77FFCD0F7BFFDD0F7F3FDD0F723
:10BDE00085FDD0F737FCD0F7B5FCD0F7F3FCD0F7E2
:10BDF0003BFBD0F73FF8D0F7D9F9D0F719FE00F0A8
:10BE0000D7FDD0F711FA00F0E9FD00BFFEE7000012
:10BE100014ED00E050EF00E070B504460D468022BE
:10BE200029462046EBF7E8FB064680212046EAF744
:10BE3000FDFF26B1802229462046EBF7F1FB70BDBD
:10BE40002DE9FF4F87B0054692461F46DDF850B0FA
:10BE5000DDF858800898EAF7DCFC06900898EAF7C5
:10BE600050FC05901898012804D0022805D003281A
:10BE700009D105E0DFF8D0900AE0DFF8D09007E0C4
:10BE8000DFF8CC9004E000BF00BF0BB0BDE8F08F3E
:10BE900000BFB8F1000F21D100261BE0002411E003
:10BEA00005EB44000088039007EB440000880290F3
:10BEB000159A0399C847049005EB4400BDF810108B
:10BEC0000180641C06988442EADB05EB4A0507EB17
:10BED0004B07761C05988642E0DB33E000262EE017
:10BEE000002422E018F8040000B91DE018F804004E
:10BEF000FD2801DB159804E018F804001599484363
:10BF00000012049005EB44000088029007EB440007
:10BF100000880190049A0299C847039005EB4400F9
:10BF2000BDF80C10018000BF641C06988442D9DB68
:10BF300005EB4A0507EB4B0717988044761C0598DC
:10BF40008642CDDB00BFA0E7298201085B830108A0
:10BF5000CB8201082DE9FF4F85B005461F46DDF86D
:10BF600050900698EAF755FC83460698EAF7C9FB15
:10BF70000490B9F1000F3DD11398FD2814DB4FF068
:10BF800000080DE04FEA4B0239462846F5F755FA0E
:10BF9000079805EB4005129807EB400708F10108E8
:10BFA00004988045EEDB79E14FF000081EE00024A4
:10BFB00012E005EB44000088029007EB4400008883
:10BFC0000190139A0299ECF75DFD039005EB440094
:10BFD000BDF80C100180641C5C45EADB079805EB9A
:10BFE0004005129807EB400708F1010804988045C6
:10BFF000DDDB53E11398FD287DDDABF104000390F8
:10C000004FF000080EE14E4600241FE03078D8B112
:10C010003078FF2806D105EB440007EB440109887E
:10C02000018011E0327805EB44000088019007EBB5
:10C030004400008800900199ECF724FD029005EB84
:10C040004400BDF808100180761C641C5C4503DACE
:10C0500006F003000028D9D1B246B1E0DAF80000BA
:10C0600000281ED0DAF80000401CD8B905EB4400C7
:10C0700007EB440109880180601C05EB400107EBD8
:10C08000400000880880A01C05EB400107EB400041
:10C0900000880880E01C05EB400107EB40000088A9
:10C0A00008808AE056463078D8B13078FF2806D12B
:10C0B00005EB440007EB44010988018011E0327868
:10C0C00005EB44000088019007EB440000880090D5
:10C0D0000199ECF7D7FC029005EB4400BDF808107D
:10C0E0000180761C307808B33078FF2809D1601CB5
:10C0F00005EB400100E09AE007EB40000088088073
:10C1000014E03278601C05EB400000880190601C50
:10C1100007EB4000008800900199ECF7B3FC029017
:10C12000601C05EB4000BDF808100180761C3078DB
:10C13000F8B13078FF2807D1A01C05EB400107EBD0
:10C1400040000088088014E03278A01C05EB400015
:10C1500000880190A01C07EB400000880090019926
:10C16000ECF790FC0290A01C05EB4000BDF8081015
:10C170000180761C3078F8B13078FF2807D1E01CB8
:10C1800005EB400107EB40000088088014E032789E
:10C19000E01C05EB400000880190E01C07EB40002C
:10C1A000008800900199ECF76DFC0290E01C05EB13
:10C1B0004000BDF808100180761C0AF1040A241D15
:10C1C00003988442FFF64AAF56461FE03078D8B154
:10C1D0003078FF2806D105EB440007EB44010988BD
:10C1E000018011E0327805EB44000088019007EBF4
:10C1F0004400008800900199ECF744FC029005EBA4
:10C200004400BDF808100180761C641C5C45DDDB31
:10C21000079805EB4005129807EB400715988144F5
:10C2200008F1010804988045FFF6EDAE36E04FF0C6
:10C23000000830E0002422E019F80400F0B119F8F9
:10C240000400FD2801DB139804E019F80400139999
:10C2500048430012064605EB44000088029007EBB5
:10C2600044000088324601900299ECF70BFC0390E1
:10C2700005EB4400BDF80C10018000BF641C5C4558
:10C28000DADB079805EB4005129807EB4007159895
:10C29000814408F1010804988045CBDB09B0BDE872
:10C2A000F08F2DE9FF4F85B082460E461F46DDF820
:10C2B00048B0DDF85080D9F7ADF981463046EAF74D
:10C2C000A8FA04903046EAF71CFA0390B8F1000F80
:10C2D00023D100251DE0002415E01398029007EB00
:10C2E00044000088ADF804007088284400B2009033
:10C2F000318821440BB2D9F80000D0F81CC0514657
:10C30000079AE047641C04988442E6DB07EB4B077E
:10C310006D1C03988542DEDB2BE0002526E000241F
:10C320001CE018F80400C0B118F804001399484341
:10C33000000A029007EB44000088ADF80400708802
:10C34000284400B20090318821440BB2D9F8000093
:10C35000D0F81CC05146079AE047641C04988442F8
:10C36000DFDB1598804407EB4B076D1C0398854273
:10C37000D5DB09B0BDE8F08F2DE9F04104460F464A
:10C380009046802C06D200252046E11704EB9171DF
:10C390008E1009E0204605F012FD0546681F24FABC
:10C3A00000F080F02006AD1F3D60C8F80060BDE8D9
:10C3B000F0812DE9F04104460D461646802C09D344
:10C3C000204605F0FCFC401F012101FA00F0471E49
:10C3D0003C4400BF324629462046FFF7CDFFBDE86A
:10C3E000F0810246FD2901DB10467047022901DC7D
:10C3F0000020FAE702FB01F000EBC01303EBC030B2
:10C40000C0F3C750F1E700BF18B900BF00BF00BFBD
:10C41000FEE700BF00210160416070472DE9F8434D
:10C4200005462846F0F7DAFE04462046F7F72EF9CF
:10C4300080464046F7F72AF981464846EBF7F4FA7A
:10C4400006463068009000214046F6F7BAFFA04249
:10C4500014D19DF80200012809D10C208DF80200AA
:10C46000BDF80000401E80B2ADF800001AE09DF853
:10C470000200401E40B28DF8020013E09DF8020059
:10C480000C2809D101208DF80200BDF80000401CE5
:10C4900080B2ADF8000005E09DF80200401C40B2FB
:10C4A0008DF802009DF90220BDF800104846EBF718
:10C4B000C3FA01214046F6F784FF07469DF90200C2
:10C4C000401E054951F82030BDF8002003A1384630
:10C4D000F4F786FBBDE8F8836C0100242564202571
:10C4E000730000002DE9F84304462046F0F776FE7D
:10C4F00007462046F0F775FE80463846F0F742FBC7
:10C5000005464046EBF790FA064630680090681CF6
:10C5100040B28DF802009DF90220BDF8001040469F
:10C52000EBF78AFABDE8F8832DE9F04782460D461D
:10C5300000212846F9F7AEFB00212846FAF722FB36
:10C540000023022219462846FAF7FCFA2846EAF7A1
:10C550003DFC814600222FA14846FAF77DFD64206C
:10C56000002804DAC0F57A7141F4005101E040F48A
:10C5700000510CB221464846FAF725FB4846FAF727
:10C58000E1FE4846F7F732F8064631464846FAF7E4
:10C5900087FE0023072220494846F5F77FFC042147
:10C5A0004846F6F7DFF92846F3F7BAFA07460321BB
:10C5B0003846F4F77BFA002202213846FAF71EFECD
:10C5C00001213846FAF7F0FA2846EAF7FFFB8046E1
:10C5D000002212A14046FAF73FFD3246314640465E
:10C5E000FAF701FC002307220B494046F5F756FCF9
:10C5F00004214046F6F7B6F900231C2208492846D4
:10C60000F5F74CFC00221C212846F0F7EDFDBDE8B3
:10C61000F0870000EF8193001DC40308EF819400B0
:10C62000D92B04082DE9F04180460C462046F7F747
:10C630002DF8054600212046F9F72CFB0021204665
:10C64000FAF7A0FA2046F0F7BFF906461748016846
:10C650003046F0F791FC2B461C2215493046F5F781
:10C660001DFC01213046FAF79FFA2046F0F7ACF99D
:10C670000746104801683846F0F77EFC2B461C221E
:10C680000D493846F5F70AFC01213846FAF78CFACD
:10C6900000231C2209492046F5F700FC00221C213A
:10C6A0002046F0F7A1FDBDE8F0810000A0010024C4
:10C6B000113B04089C010024E5C40308292C04084C
:10C6C000F2F7E8FFFAF708FFFAF734FF05F090FEFB
:10C6D00004E0FEF70BFD142000F05AF9F9E7000022
:10C6E0000FB4F8B506460D4600272048864200D113
:10C6F0001F4F2048864200D11F4F0FB1089820B924
:10C700004FF0FF30F8BC5DF814FB09A800904FF41F
:10C7100080713846009B089AC3F77CFF04B2002062
:10C720000090002C01DBFF2C02DD4FF0FF30E9E729
:10C730002DB9A2B239463046CEF7F2FF14E0012DF2
:10C7400005D1A2B239463046CFF73AF80CE0022DB7
:10C7500007D1A2B24FF47A7339463046CEF77FFF45
:10C7600002E04FF0FF30CDE72046CBE7240700245E
:10C77000B8190124B8070024B81A012470B504467A
:10C78000254615F83C0F00F00300401C032190FBE8
:10C79000F1F201FB1200297860F3010105F83C1960
:10C7A000204601F021FA2046F9F7B5F870BD0000E7
:10C7B00070B504460C48006808B9002070BD14B973
:10C7C0000A480068FAE70CB90020F7E72046E5F7C9
:10C7D000D6FD0546601906490968884201D3002044
:10C7E000ECE76019EAE70000F40000244C020024A2
:10C7F000F800002437B5034601B93EBD08461D6860
:10C800002D1D2844024602AC2568156000BFF4E7E0
:10C8100037B5034601B93EBD08461D6828440246A7
:10C8200002AC2568156000BFF5E72DE9F05F04460E
:10C83000002221212046F0F7D7FC8246BAF1000FF2
:10C8400001D1BDE8F09F00212046F6F7BAFD8046F1
:10C8500007E04046FFF7E9FF00212046F6F7B1FD6B
:10C860008046B8F1000FF4D12046F6F7B5FE8146B8
:10C870000020F2F747FD07461DE0786AA04202D08B
:10C88000B86AA04203D121463846F2F72FFE386B32
:10C89000A04201D100213963386D484507D1F2F734
:10C8A0003FFDA04203D121463846F2F71FFE38462D
:10C8B000F2F728FD0746002FDFD12046D8F738FCD5
:10C8C000606840BB2046F6F747FE0546002606E0B6
:10C8D000E86850F82600A04200D103E0761C686AA0
:10C8E000B042F5D800BFB3465E4606E0701CE9686A
:10C8F00051F8200041F82600761C686A401EB042BC
:10C90000F4D8686A401E68626A6A9100E868F4F7C1
:10C910005FFDE8602BE02046F6F771FE06463546DF
:10C920000BE0606880680168681C51F8200061684D
:10C930008968096841F825006D1C60688068406856
:10C94000401EA842EDD8606880684068401E61685B
:10C95000896848606268926852689100626892686B
:10C960001068F4F735FD61688968086000BF2046EB
:10C97000F4F7DAFC00BF64E702465018704770B560
:10C9800005460C46E1B200222846FAF7F6FB70BDD8
:10C9900070B50546D5F7EEFD10B16FF0050404E063
:10C9A000002415B1284605F0EFFF204670BD0000B9
:10C9B00010B5D5F7DFFD10B16FF0050409E00648AA
:10C9C000006820B9012004490860002401E04FF00C
:10C9D000FF34204610BD00008403002470B5D5F755
:10C9E000C9FD10B16FF005041FE01148006801286F
:10C9F00019D100BF801F0021002804DB0A07130E95
:10CA00000C4A135406E00A07150E0B4A00F00F03F8
:10CA10001B1FD55400BF00BF02200549086006F067
:10CA20002FF8002401E04FF0FF34204670BD0000D5
:10CA30008403002400E400E018ED00E02DE9FF4746
:10CA400080468946144600200390D5F793FD0028C0
:10CA50004FD1B8F1000F4CD04FF4806618258246B4
:10CA6000471E44B3206808B1D4F800A0A06900B103
:10CA7000A5692DB1382D03D8207900F0010018B137
:10CA8000002004B0BDE8F087606908B160698608DD
:10CA9000A06840B1E0685C2805D3206918B16069DE
:10CAA00008B1012708E0A06830B9E06820B9206922
:10CAB00010B9002700E00027012F0CD12169A068E0
:10CAC0004B463246CDE9005102905146404606F0B1
:10CAD00063FD03900DE067B903A8B2B24B4651461F
:10CAE000CDE90050404606F025FD012801D0002088
:10CAF00003900398C5E700BF18B900BF00BF00BF8F
:10CB0000FEE700BF002141600161C16081600160FA
:10CB100041617047F0B5DDE90554012B0BDC0328BA
:10CB200005D0042802D0052803D100BF00BF022091
:10CB300000E000BF00BF062842D2DFE800F0410F4E
:10CB400003332017002626808E1A06EBD677B5F819
:10CB500000C00CEB67073FB22F8034E00026268030
:10CB60002E888F1A3E4436B22E802CE08E1A37B2B1
:10CB70005E1E36B297FBF6F636B2268023E08E1A9A
:10CB800036B296FBF3F627883E4436B22680B4F9D7
:10CB9000006006EBD677B5F800C00CEB67073FB234
:10CBA0002F8010E08E1A37B25E1C36B297FBF6F675
:10CBB00036B226802E8827883E4436B22E8002E088
:10CBC0000026268000BF00BFF0BD2DE9FF4F81B0D9
:10CBD00005460C461646049870B12088A0EB660006
:10CBE00000B2208020883044401E00B2A080E88A35
:10CBF0006080688BE0800DE06088A0EB660000B28A
:10CC0000608060883044401E00B2E080A88A2080A6
:10CC1000288BA0804FF440312846F7F7AEFE8146BE
:10CC20004FF440312846F7F751FF82464FF4403128
:10CC30002846F8F71BF883464FF440312846F7F7AB
:10CC4000BFFD00904FF440312846F8F7F5F98046D3
:10CC50004FF440312846F8F7D5F90746208809EB0C
:10CC60000801401A00B22080A0880AEB080108449D
:10CC700000B2A08061880BEB0700081A00B2608048
:10CC8000E2880099C819104400B2E08005B0BDE800
:10CC9000F08F2DE9F84F05462C462846E5F7F7FEBC
:10CCA00006460EB9BDE8F88F3046F6F79FFC83467E
:10CCB0002846F6F707FC834500DCF3E70021304601
:10CCC000F8F7D5F800900098F0F7EAFB0746002146
:10CCD0003046F8F73CF9804607EB08000FFA80F978
:10CCE000E08E00FB09F00FFA80FA00225146606ADC
:10CCF000F9F7D6FE606AF8F70EFE00BFD2E7000033
:10CD00002DE9F04105460E461648076816480068AA
:10CD1000001D05F098FC681C38B936B1124801684E
:10CD2000091D124805F0FEFC1AE07C190E48006847
:10CD30004460BC4207D20C480168091D0C480068D9
:10CD400005F0D6FC0CE008480168091D0948006898
:10CD500005F0CEFC08480068844201D20648046011
:10CD6000BDE8F0811C0300240803002420180024DF
:10CD7000100300240C0300243803002410B50446DB
:10CD800005F0DCFC24480068401C23490860234867
:10CD9000006840B9214804600846006801280DD1A8
:10CDA00000F0FCF90AE01E48006838B91B4800682A
:10CDB000C06AE16A884201D81848046019480068CE
:10CDC000401C184908600846006860641649E06A1B
:10CDD0000968884202D91449E06A0860E16A01EBF7
:10CDE0008101124A02EB8100211D05F09BFC05F038
:10CDF000CFFC0B48006868B108480068C06AE16A67
:10CE0000884207D24FF0805009490860BFF34F8F26
:10CE1000BFF36F8F10BD0000180300240803002427
:10CE2000240300243403002420030024701300246E
:10CE300004ED00E008B505F081FC12480068E8B98F
:10CE4000114805F045FC114805F042FC0E48104918
:10CE500008600E480F49086000200F4B0F4A102150
:10CE600000900A2006F05EF806490860084600684F
:10CE700020B10BA10348006805F04AFD05F088FCCD
:10CE800008BD00004C030024341800244818002476
:10CE900044030024480300245C180024AC18002438
:10CEA000546D72510000000010B516E005F046FC0C
:10CEB0000C48C068C468201D05F0C5FB0A4800681E
:10CEC000401E0949086009480068401E074908607B
:10CED00005F05EFC204600F05FF80448006800287A
:10CEE000E4D110BD0C1800241803002414030024FE
:10CEF00070B504460D46206C70B1216CE0680144A9
:10CF0000E160D4E90210884201D32168E16028463B
:10CF1000226CE168C3F710FD70BD2DE9F0410446B5
:10CF20000F4615464FF00008A66B206C48B92068E4
:10CF300000282CD1A06806F04DFC80460020A0609F
:10CF400025E07DB93946226C6068C3F7F5FC216C99
:10CF5000606808446060D4E90101884217D3206802
:10CF6000606014E03946226CE068C3F7E5FC216C90
:10CF7000E068411AE1602168E068884203D2216CD0
:10CF8000A068411AE160022D01D106B1761E701C25
:10CF9000A0634046BDE8F08110B5044694F85900FE
:10CFA00030B9206B05F012FC204605F00FFC1AE0AA
:10CFB00094F85900012803D1204605F007FC12E03F
:10CFC00094F85900022801D1012000E0002050B956
:10CFD00000BF502080F31188BFF34F8FBFF36F8FD6
:10CFE00000BF00BFFEE710BD0146084A1268126884
:10CFF0000AB9012200E000220A600A6822B9034A45
:10D000001268D268106800E00020704744030024D2
:10D0100030B54FF44843174800F007042CB1C01D49
:10D0200020F00700134C041B1B1B0246124C22600D
:10D030000024114D6C60D018083820F007000F4C08
:10D04000206000240D4D2D686C600C4D2D682C6007
:10D050001146441A4C60094C24680C60084D4C6819
:10D060002C60084D4C682C604FF00044064D2C603D
:10D0700030BD00004C190024580300246003002434
:10D0800068030024640300247403002400BFFFF736
:10D090000BFF064800680128F9D94FF08050044979
:10D0A0000860BFF34F8FBFF36F8FF0E7701300245A
:10D0B00004ED00E02DE9F04106460D46174698467E
:10D0C000069C0DB9246000E02760E6632564012119
:10D0D000204605F097FF84F84C80BDE8F0812DE9EB
:10D0E000F05F82460E4690469B460A9F0C9C4FEA94
:10D0F0008801A522206BC3F796FCA8F10100216BE3
:10D1000001EB800929F0070909F0070008B901209F
:10D1100000E0002050B900BF502080F31188BFF319
:10D120004F8FBFF36F8F00BF00BFFEE786B10025B2
:10D1300007E0715D04F134004155705D00B902E013
:10D140006D1C102DF5D300BF00214320015502E0D6
:10D15000002084F83400382F00D33727E762E764D3
:10D1600000202065201D05F0C0FA04F1180005F02C
:10D17000BCFA2461C7F13800A061646200206065D8
:10D1800084F858005A465146484600F0D5FB2060C6
:10D190000B9808B10B980460BDE8F09F10B500240F
:10D1A00007E004EB84010F4A02EB810005F090FADE
:10D1B000641C382CF5D30C4805F08AFA0B4805F0AE
:10D1C00087FA0B4805F084FA0A4805F081FA0A4804
:10D1D00005F07EFA044809490860044808490860D7
:10D1E00010BD000070130024D0170024E4170024A1
:10D1F000F81700240C180024201800240C03002425
:10D200001003002410B50146164800E000680368CA
:10D210008B42FBD30246436813448B4204D14368DC
:10D220004C682344436001460A464B681344046833
:10D23000A34211D10C4C03682468A34208D04B6868
:10D240000468646823444B6003681B680B6005E056
:10D25000054B1B680B6001E003680B60884200D03F
:10D26000016010BD58030024600300242DE9F04143
:10D2700004460D4616461F464FF0000865602461BF
:10D28000B5420CD8F01BA169884202D34FF00108C7
:10D2900011E0211D0948006805F02AFA0BE0BE42A2
:10D2A00004D2BD4202D34FF0010804E0211D04481E
:10D2B000006805F01DFA4046BDE8F08148030024EF
:10D2C0004403002470B5054605F038FAA86B08B988
:10D2D000012400E0002405F05BFA204670BD70B523
:10D2E000054605F02BFAA86BE96B884201D10124B1
:10D2F00000E0002405F04CFA204670BDF8B5054664
:10D300000F461A480068C068C468201D05F09BF9E4
:10D3100094F8280000F00400E8B1A06941192B46F8
:10D320003A462046FFF7A2FFD8B1002003462A461E
:10D3300001460090204606F0A9FB064656B900BFFC
:10D34000502080F31188BFF34F8FBFF36F8F00BF62
:10D3500000BFFEE705E094F8280020F0010084F803
:10D3600028002046216A8847F8BD000044030024B5
:10D37000F0B587B0A0E00398002811DA04AE56B9E2
:10D3800000BF502080F31188BFF34F8FBFF36F8F22
:10D3900000BF00BFFEE7D6E90020B168904700BF9C
:10D3A00003980028E6DB059C606908B9012000E0CD
:10D3B000002010B9201D05F046F902A800F0DEF8A3
:10D3C000054603980A2875D2DFE800F009050739F9
:10D3D000416306083A4200BF00BF00BF00BF94F897
:10D3E000280040F0010084F828000498A269811800
:10D3F00003462A462046FFF739FFF8B12046216A46
:10D40000884794F8280000F00400B8B1002000908C
:10D410000498A169421800231946204606F036FBFD
:10D42000074657B900BF502080F31188BFF34F8FD4
:10D43000BFF36F8F00BF00BFFEE700BF3BE000BF40
:10D4400094F8280020F0010084F8280033E000BFA1
:10D4500094F8280040F0010084F828000498A061A6
:10D46000A06908B1012000E0002050B900BF5020A1
:10D4700080F31188BFF34F8FBFF36F8F00BF00BFE2
:10D48000FEE7A06941192B462A462046FFF7EEFE2B
:10D4900011E094F8280000F0020018B9204605F0C9
:10D4A00095F905E094F8280020F0010084F82800A0
:10D4B00001E0FFE700BF00BF002203A904480068A5
:10D4C00005F03EFF00287FF456AF07B0F0BD000026
:10D4D0004C030024F8B505460C4605F02DFB6846C4
:10D4E00000F04CF80646009820BB44B9B54206D877
:10D4F00006F00EFA31462846FFF700FF1CE03CB16B
:10D500000E480068006808B9012000E000200446C9
:10D51000A91B22460A48006805F010FA06F0F8F93F
:10D5200050B94FF0805007490860BFF34F8FBFF3E9
:10D530006F8F01E006F0ECF9F8BD0000480300240D
:10D540004C03002404ED00E00A490968096809B9A0
:10D55000012100E0002121B14FF0FF31064A1160A6
:10D5600006E004490968C968C868034A416811604F
:10D57000704700000C0300243803002470B50446F3
:10D5800006F078F8054607480068854204D200F0A6
:10D590000BF80120206001E00020206001480560B8
:10D5A000284670BD540300242DE9F84334E0254893
:10D5B0000068C068056823480068C068C468201D0A
:10D5C00005F041F82046216A884794F8280000F0C9
:10D5D000040008B3A0694619AE4207D96660246109
:10D5E000211D1848006805F083F815E00020034667
:10D5F0002A4601460090204606F048FA074657B9E9
:10D6000000BF502080F31188BFF34F8FBFF36F8F9F
:10D6100000BF00BFFEE700BF0A480068006808B905
:10D62000012000E000200028C1D00648D0F800808A
:10D6300005480068034908600348C0F80080BDE859
:10D64000F883000044030024480300240E480068C7
:10D65000401C08B9012000E0002050B900BF502054
:10D6600080F31188BFF34F8FBFF36F8F00BF00BFF0
:10D67000FEE700BF502080F31188BFF34F8FBFF348
:10D680006F8F00BF00BFFEE77803002408B500BF1E
:10D690006846FFF7A9FC044620460099FFF71AFFE9
:10D6A000FFF766FEF4E770B5044605F047F894F915
:10D6B000455010E0606A08B9012000E0002038B948
:10D6C00004F1240006F0D8F818B105F097F900E04D
:10D6D00003E0681E45B2002DECDC00BFFF2084F89B
:10D6E000450005F055F805F029F894F9445010E08C
:10D6F000206908B9012000E0002048B904F11000B9
:10D7000006F0BAF808B105F079F9681E45B200E0F4
:10D7100001E0002DECDC00BFFF2084F8440005F0A0
:10D7200037F870BD2DE9F04104464FF0000805F0D0
:10D7300003FA4948006808B9FFF76AFC47480068DF
:10D740002040002870D1D4B1083404F00700B0B1F3
:10D7500004F00700C0F10800044404F0070008B911
:10D76000012000E0002050B900BF502080F3118854
:10D77000BFF34F8FBFF36F8F00BF00BFFEE7002CDA
:10D7800052D03748006884424ED8364E304605683D
:10D7900001E02E462D686868A04202D22868002861
:10D7A000F7D12D48006885423ED0306800F1080866
:10D7B000286830606868001B102819D92F1907F0F5
:10D7C000070008B9012000E0002050B900BF502038
:10D7D00080F31188BFF34F8FBFF36F8F00BF00BF7F
:10D7E000FEE76868001B78606C603846FFF70AFD4A
:10D7F0001B4968680968081A1949086008460068E2
:10D8000019490968884203D215480068164908601A
:10D810001249686809680843686000202860134856
:10D820000068401C1149086006F072F808F0070013
:10D8300008B9012000E0002050B900BF502080F35B
:10D840001188BFF34F8FBFF36F8F00BF00BFFEE79C
:10D850004046BDE8F081000060030024740300240A
:10D860006403002458030024680300246C0300248C
:10D870002DE9F04F87B08046C14699F85C00C0F3AF
:10D880008000002847D0D9F82400F2F76BFC0690FE
:10D8900022490698096888478246BAF1000F02D1EA
:10D8A00007B0BDE8F08F00214046F7F710FB059068
:10D8B000002342F2220201A90598EFF744FD8346B6
:10D8C000BBF1000F01D016A700E016A73846C3F73A
:10D8D00014F804460AFB04F1481CF3F791FC0546D2
:10D8E000002606E006FB045022463946F3F7A5FD64
:10D8F000761C5645F6DB002106FB04F02954294628
:10D90000D9F82400F3F714F92846F3F7F5FC40465C
:10D9100000F028F800BF00BFC2E700008C0200241E
:10D92000E280A2002A000000704770B50446256816
:10D930002846FFF79DFF70BD001F4FF08073036006
:10D94000001F21F001030360001F054B0360143822
:10D950000260001F6FF00203036020387047000070
:10D960004DD603082DE9F04F8FB00646344600210E
:10D970003046F7F7ACFA0E9000213046F7F71BFB64
:10D980000D903046FDF750F80C90606AF2F7EAFB14
:10D9900081464846914A0C9912689047074609EB20
:10D9A000070000218E4A1268904705460E98EFF74F
:10D9B00083FD0B901DB10A2D01D00D2D07D1002242
:10D9C00020210E98EFF751FD0FFA80FA06E00022B1
:10D9D00029460E98EFF749FD0FFA80FA0AAA606A05
:10D9E0000C99F2F7BBFA606AF2F7BCFB0190606A2F
:10D9F0000021019AF4F7D8FE8346BDF92800616A38
:10DA0000B1F91410084400EB0A01606AB0F918007B
:10DA1000814235DD94F85C00C0F3C00040BBBBF12F
:10DA2000030F2DD00020ADF82800BDF82A200D9955
:10DA30000B980844104400B2ADF82A0065B109EB18
:10DA40000700684909688847074409EB0700002177
:10DA5000634A1268904705461DB10A2D01D00D2D6D
:10DA600007D1002220210E98EFF7FFFC0FFA80FA71
:10DA700006E0002229460E98EFF7F7FC0FFA80FA2D
:10DA8000E7644FF4E0213046F6F736FD80464FF468
:10DA9000E0213046F7F711F9404400B209904FF405
:10DAA000E020019041F6110230460199F7F712F992
:10DAB00000900098404400B208904FF4E0213046B6
:10DAC000F6F782FF404400B207904FF4E020019047
:10DAD00041F6130230460199F7F7FCF800900098E0
:10DAE000404400B20690BDF828100798081A00B20A
:10DAF000ADF81000BDF82A100998081A00B2ADF868
:10DB00001200BDF82810069808445044401E00B288
:10DB1000ADF81400BDF82A10089801440B98084489
:10DB2000401E00B2ADF8160004F1440102A8E8F767
:10DB3000BCFDBDF80800616A898A084400B2ADF8EE
:10DB40000800BDF80A10606AC08A084400B2ADF847
:10DB50000A00BDF80C00616A898A084400B2ADF879
:10DB60000C00BDF80E10606AC08A084400B2ADF81F
:10DB70000E0002A93046F7F708FF04A904F144009B
:10DB8000E8F793FD04F1440102A8E8F78EFDBDF823
:10DB90000800616A898A084400B2ADF80800BDF83F
:10DBA0000A10606AC08A084400B2ADF80A00BDF8E5
:10DBB0000C00616A898A084400B2ADF80C00BDF817
:10DBC0000E10606AC08A084400B2ADF80E0002A9C7
:10DBD0003046F7F7DAFE0FB0BDE8F08F840200247C
:10DBE0007C020024700200242DE9F0470446204600
:10DBF000E7F706F825462046F7F793FA0646002190
:10DC00002046F6F790FB8146A6EB090000EBD071A9
:10DC100049100FB22046E4F785FA80460FFA88F0E3
:10DC2000FDF794FC10FB07F0C01300B228850FFA33
:10DC300088F0FDF77BFC10FB07F0C01301B269858B
:10DC4000304606EBD0712A8D02EB610109B22985BD
:10DC500006EBD0714A10698D11440AB26A852046DC
:10DC6000E6F7CEFFBDE8F0872DE9F34F97B0074602
:10DC70003846E4F718FF054615B919B0BDE8F08F2E
:10DC80002846F2F76FFA8246524600212846F4F7FA
:10DC90008BFD16901698012828D0022802D0032860
:10DCA00029D113E03846F5F72CFC82462846F7F7D1
:10DCB00038FAAAEB0000109000EBD070401000B2D0
:10DCC00001460F902846F9F704FB14E03846F5F7B3
:10DCD00018FC82462846F7F724FAAAEB000000B2A7
:10DCE000014610902846F9F7F4FA04E0002128468E
:10DCF000F9F7EFFA00BF00BFBB4600213846F7F73F
:10DD0000CEF8159000213846F7F73BF91490159896
:10DD1000EFF7CEFB80463846F5F7D4FB81464FF04F
:10DD2000000A652251463846F6F7D4FF1090109845
:10DD300084B2189800B114B93846E6F77BFCBBF8FA
:10DD400026001390149808EB00011398414308B281
:10DD50001290494609EBD1725210404608EBD0733D
:10DD6000A2EB630212B21192DDE91120101A06B281
:10DD7000189800B144B915492846E7F7BFFD314668
:10DD80002846F9F7BFFA1FE001A8E7F7FFFD00BF3B
:10DD9000019500BF0D48029000BF2846F7F7EDF946
:10DDA0008246CDF820A0CDF824A00A9600BF00BF7F
:10DDB0000B9400BF0648049000BF0648079000BFC0
:10DDC00001A8E7F7BBFE00BF00BF56E7FDE8030868
:10DDD000D7E10308075A02082DE9F04F8BB0064639
:10DDE0000F4635464FF4A0213046F6F7E0FD814658
:10DDF0004FF4A0213046F6F783FE82464FF4A0216F
:10DE00003046F6F74DFF83464FF4A0213046F6F733
:10DE1000F1FC0A904FF4A0213046F7F77EF8099004
:10DE20004FF4A0213046F7F7B9F808904FF4A0213D
:10DE30003046F7F740F807904FF4A0213046F6F748
:10DE4000EFFB06904FF4A0213046F6F7DCFB80464E
:10DE50003C462DE00A98CDE902ABCDF80490049041
:10DE60000898A1B200903046099B079AE5F7DCF8C4
:10DE7000E96A21F81400E86A30F91400404503DA31
:10DE8000E86A30F9140000E040460699884201DA59
:10DE9000069809E0E86A30F91400404503DAE86AB8
:10DEA00030F9140000E04046E96A21F81400641CCF
:10DEB000E88CA042CED83046F8F7D9FA0BB0BDE8CE
:10DEC000F08F2DE9F04105462846F5F798FA064609
:10DED000002412E0A868006850F824703846F7F76C
:10DEE0001AFD00222A213846EFF77EF93846F7F767
:10DEF00012FD3846FFF7E5FF641CB442EAD3BDE8E3
:10DF0000F08100002DE9F04F87B005462846E4F780
:10DF1000CAFD06461EB9012007B0BDE8F08FF1F733
:10DF2000EBF906902C460698F1F73BFA0746042FCA
:10DF300001D0022F10D1E08C2085042F0CD128466F
:10DF4000F5F74AFB80464046EFF726FF18B100215F
:10DF50004046EFF7C4FF00BF0698F1F722FA012808
:10DF600004D00698F1F71DFA03287DD14FF0FF3851
:10DF7000A06AC0F34040002838D1804603A9069823
:10DF8000F1F7D4F9BDF80E10F08A081A00B2ADF816
:10DF90000E00BDF80C00B18A401A00B2ADF80C00BA
:10DFA00003A93046F1F7A6FE81463046F2F7DAF8CB
:10DFB0008346002002900190824600BF13E002A930
:10DFC0005846324A12689047009000980A2806D1B5
:10DFD0000198484503D008F101000FFA80F8029833
:10DFE00001900AF1010ACA45E9D339E00021284627
:10DFF000F6F755FF039000212846F6F7C2FF824648
:10E000000398EFF755FA83460BEB0A0000B2029033
:10E01000B5F91A20B5F91610501A00EBD0714A1054
:10E02000E98A114409B201910C210698F1F7C9FA65
:10E03000F18A084400B20090DDE90010411A02980C
:10E0400091FBF0F9B9F1000F01DA4FF00009A08C53
:10E05000484502DCA08CA0F101090FFA89F800BF45
:10E06000B8F1000F07DB00E006E01FFA88F101229B
:10E070002846FAF736F800BFE08C059005AA1C2167
:10E080002846EFF7B1F80490049845E77C02002495
:10E09000F0B50C46E568A16800BF1DB900BF00BF20
:10E0A00000BFFEE700BF00BF19B900BF00BF00BF3F
:10E0B000FEE700BFCD60A96000F14C0606EBC2167A
:10E0C00056F82360A6421BD100F14C0606EBC2169F
:10E0D00046F82310814213D100F1140656F822604D
:10E0E00001279F40BE4300F1140747F822603E46D7
:10E0F00056F8226026B9012797400669BE4306619B
:10E10000F0BD2DE9F04106460D4600240EE026B193
:10E11000E86850F83400B04207D14FF6FF724FF470
:10E1200070212846F8F7BCF905E0641C688CC0F340
:10E13000C500A042EBD800BF2846F5F760F90746B6
:10E14000002407E0A868006850F824103046FFF764
:10E15000D8FF641CBC42F5D3BDE8F08170B505461C
:10E160002868F5F7F9F90446002227212069EFF71E
:10E170003BF8002228216069EFF736F8606938B172
:10E1800094F8280000F0010010B16069F4F7C0FCB9
:10E1900000206061A061002240F262412868F8F727
:10E1A000F9F970BD70B504462068F5F7D5F9054654
:10E1B000F9F7C3FF686120682861002226212869D9
:10E1C000EFF712F870BD10B5044600220A2120684E
:10E1D000EFF70AF810BD70B504462068F5F756FA57
:10E1E00005462846E6F726FA70BD00002DE9FF4FE8
:10E1F00091B090461298F5F749FA07461021384633
:10E20000F6F7ECFF10B915B0BDE8F08F3846F5F71A
:10E21000B5FA10904FF00009CA4600253846F5F7C8
:10E22000CBFB0F900F9818B1129800F1140400E086
:10E23000119C00213846F6F72BF90E900021384644
:10E24000F6F7ACFC01460E98084400B20D90002190
:10E250003846F6F75AFA01460E98084400B20C9078
:10E26000F98A0D9808446188401AB8F80210401ADB
:10E2700000B20B90798B0C98081AE188401AB8F814
:10E280000210081A00B20A903846F5F7AFF90146B5
:10E290000D98091A0C98081A00B209900B980028DA
:10E2A00004DB0A98002801DB00251BE00B980028FE
:10E2B00008DD0B9D3846F5F789FB0246501B00D55B
:10E2C00000250FE00A9800280CDD0A98404205B2AC
:10E2D0003846F5F7F3F9019001982844002800DA50
:10E2E000002500BF0F98012804D0022810D0032871
:10E2F0003AD11BE0F98A0D9808440FFA80F960883A
:10E3000028440FFA80FAA9EB0A00284405B22BE052
:10E31000798B0C98081A0FFA80F9E08828440FFAD4
:10E3200080FAA9EB0A00284405B21DE0099800EB29
:10E33000D0714A10FB8A0D99194411440FFA81F9E2
:10E3400000BFE1886288891A491C09B2084601EBBE
:10E35000D071628802EB610129440FFA81FAA9EBBE
:10E360000A00284405B200BF00BF00263846F5F772
:10E3700019FB0890089818B1129800F1140400E0F5
:10E38000119C00213846F6F79DFA0E9908440FFAC1
:10E3900080FB00213846F6F73EFB0E99084400B298
:10E3A0000790B88A58442188401AB8F80010401ADB
:10E3B00000B20690398B0798081AA188401AB8F85D
:10E3C0000010081A00B205900698002804DB059892
:10E3D000002801DB00261DE0069800280ADD069EC5
:10E3E0003846F5F7F9F9019001983044002800DD2E
:10E3F00000260FE0059800280CDD0598404206B283
:10E400003846F5F761FA019001983044002800DAA7
:10E41000002600BF3846F6F784FEA0EB0B010798F4
:10E42000081A00B204900898012804D002280FD0DE
:10E43000032838D11AE0B88A58440FFA80F92088A6
:10E4400030440FFA80FAA9EB0A00304406B22AE001
:10E45000398B0798081A0FFA80F9A08830440FFA10
:10E4600080FAA9EB0A00304406B21CE0049800EBE5
:10E47000D071BA8A5A4402EB61010FFA81F900BFE8
:10E48000A1882288891A491C09B2084601EBD0717B
:10E49000228802EB610131440FFA81FAA9EB0A00EC
:10E4A000304406B200BF00BF29493846E7F726FAD4
:10E4B000039028493846E7F721FA0290039808B9F3
:10E4C000029850B100220A213846EEF78DFE0190E5
:10E4D0000198012800D096E600BF109800F00100D6
:10E4E00010B9002E00DA0026109800F0020010B9D2
:10E4F000002E00DD0026109800F0040010B9002D59
:10E5000000DA0025109800F0080010B9002D00DD99
:10E510000025B8F90010149808B9002000E0304632
:10E52000084400B2A8F80000B8F90210149808B91D
:10E53000002000E02846084400B2A8F802002A465D
:10E5400031463846149BF8F71FF900BF5BE6000020
:10E55000B1E6030895E603082DE9F04104460D46AF
:10E56000164615B90EB9BDE8F0812046F3F7D8FF7D
:10E57000A068008A284400B2A1680882A068408A86
:10E58000304401B2A0684182012332462946204628
:10E59000F7F79EFA00220B212046EEF725FE0746EC
:10E5A000012F00D0DFE72046F7F7B5F900BFDAE723
:10E5B00010B5DAB1B0F91630B2F900401C44B0F928
:10E5C00032309C4204DA448EC38AE31A1BB21380B1
:10E5D000B0F91630B2F900401C44B0F936309C4214
:10E5E00004DDC48EC38AE31A1BB21380D9B1B0F91B
:10E5F0001430B1F900401C44B0F930309C4204DAC8
:10E60000048E838AE31A1BB20B80B0F91430B1F97F
:10E6100000401C44B0F934309C4204DD848E838A6F
:10E62000E31A1BB20B8010BD2DE9F0410546B5F988
:10E6300018400026F0F760FE0746386890F8198009
:10E6400008E0301906B2C8F164006043642190FB11
:10E65000F1F004B2002CF4D13046BDE8F0812DE990
:10E66000F0410546B5F91A400026F0F745FE074689
:10E67000386890F8198008E0301906B2C8F16400D3
:10E680006043642190FBF1F004B2002CF4D13046D9
:10E69000BDE8F08170B505460C462846F5F7A0F9AF
:10E6A000204406B2002231462846FFF755FF70BDD0
:10E6B00070B505460C462846F5F79CF9204406B28D
:10E6C000324600212846FFF747FF70BD2DE9FC4187
:10E6D00005460C462046ECF7BFFE4FF48031284635
:10E6E000F5F7A2FEE070E07802280CDD4FF48037E9
:10E6F000202239462846F6F7EDFA0090009801905E
:10E70000BDF80400A0804FF48037312239462846F6
:10E71000F6F7E0FA01900198C0B284F8220094F86C
:10E72000220002281EDD00BF41F23202394628468F
:10E73000F6F7D0FA0190019800B22084B4F92000D5
:10E7400000280CDD00BF302239462846F6F7C2FA11
:10E75000009000980190BDF80400E08302E00020E2
:10E7600084F822004FF4803740F6450239462846A7
:10E77000F6F7B0FA01900198C0B284F8360094F828
:10E780003600022829DD00BF4FF4046239462846CE
:10E79000F6F7A0FA0190019800B2E085B4F92E00D6
:10E7A000002817DD00BF40F6430239462846F6F739
:10E7B00091FA0190019800B2A08600BF4422394628
:10E7C0002846F6F787FA009000980190BDF80400FB
:10E7D000A08502E0002084F836004FF480312846FE
:10E7E000F5F72BFF0646FD2E0DDAE0787043001298
:10E7F000E070E0787043001284F82200E078704303
:10E80000001284F83600E07828B994F8220010B994
:10E8100094F8360040B14FF480312846F6F7B6FA46
:10E8200020800120BDE8FC810020FBE72DE9F047B6
:10E8300004460E4617463568D7F8008004F11400E8
:10E8400050F825004FF0FF3101FA08F100EA010904
:10E85000B9F1000F16D1691C4FF0FF328A402069D0
:10E8600000EA020ABAF1000F02D10020BDE8F087E9
:10E87000504603F099FA0546356004F1140050F84B
:10E88000259000BF00BFB9F1000F03D100BF00BF4A
:10E8900000BFFEE700BF484603F086FA8046C7F88F
:10E8A000008004F14C0000EBC51050F82800DDE7B3
:10E8B00070B504460D46264628B2A6F84400204608
:10E8C000F7F729F870BD70B504460D46264629B203
:10E8D000462081532046F7F71EF870BD70B50546F7
:10E8E0000C4621B22846F8F7F4FC70BD70B5054619
:10E8F0000C4621B22846F8F705FD70BD70B50546F7
:10E900000C4621B22846F8F7FDFC70BD2DE9F04F0A
:10E9100085B00446894617464FEA690004904FEADD
:10E920006900039009F0010010B90498401E04909A
:10E930006000F2F765FC8346B846002631E0601EB1
:10E9400038F8100000FB09F00090651E1FE0009AE7
:10E950002BF815200021039A2A44A24203DA039AD5
:10E960002A4438F81210009A521A0092049AAA1AED
:10E97000521E002A02D5B8F8000004E0049AAA1A30
:10E98000521E38F81200009A024400926D1E002DAB
:10E99000DDDA620059464046F2F74FFD08EB4408C5
:10E9A000761CA642CBDB4FF47F5002900298B0FB5E
:10E9B000F9F001904FF0000A15E037F81A0000B99D
:10E9C0000FE037F81A100298814203D1019827F816
:10E9D0001A0005E037F81A0090FBF9F027F81A0042
:10E9E00000BF0AF1010A04FB04F05045E5D80025F8
:10E9F00042E007EB4508B8F8001001FB09F00026DB
:10EA00002AE0002801DA002300E083112BF81630F9
:10EA1000039BF31A002B02DCB8F8001005E0039BFF
:10EA2000F31A03FB045337F81310401A049B3344C2
:10EA30005B1CA34207DA049B33445B1C03FB0453B7
:10EA400037F8132004E0631E03FB045337F8132048
:10EA50001044761C08EB4408A642D2DB07EB4508BD
:10EA6000002606E03BF81610A8F80010761C08EB0C
:10EA70004408A642F6DB6D1CA542BADB5846F2F705
:10EA80003BFC05B0BDE8F08F2DE9FF4F8BB00D4684
:10EA9000144627460E983E1809A80B99E7F7D8FDAB
:10EAA000204604EBD0714A100E991144491E04F01F
:10EAB000010282F00102891A09B2ADF8281004EBB4
:10EAC000D0714910491C09B2ADF826100B98E7F730
:10EAD000B5FEBDF82810081A00B2ADF824000B9856
:10EAE000E7F71DFEBDF82610084400B2ADF82A0075
:10EAF000002309A903A80E9AECF798FB012F01D176
:10EB0000012401E0781004B23046F2F779FB814627
:10EB1000A846002002903BE031464846F2F752FEFC
:10EB200003A8009033B2DDE9020C02B2002148468E
:10EB3000E0478346BBF1000F04D171004046F2F775
:10EB40000AFE20E099F80010890191FBF4F1A8F881
:10EB50000010012014E019F80020411E19F80110DE
:10EB60008A4205D1411E38F8111028F8101006E02D
:10EB700019F80010890191FBF4F128F81010401CDD
:10EB8000B042E8DB00BF08EB46080298401C029048
:10EB90000298B042C0DB4846F2F7AEFB03A8EBF7A1
:10EBA000A9FF012C0FD12946002005E035F81020DF
:10EBB000C2F387120A54401C06FB06F28242F5DCBF
:10EBC0000FB0BDE8F08F2A46214630B2FFF79EFE17
:10EBD00007F00100204404B2012C27DD4FF47F50E0
:10EBE00090FBF4F000904FF0000B15E035F81B009F
:10EBF00000B90FE035F81B00FF2803D1009825F875
:10EC00001B0006E035F81B00800190FBF4F025F8AE
:10EC10001B0000BF0BF1010B06FB06F05845E5D8C1
:10EC20002A46214630B2FFF771FE00BF01954FF032
:10EC3000000A06E015F81A10019800F80A100AF107
:10EC4000010A06FB06F05045F4DC00BFB8E770B5DA
:10EC500098B006460C4615460AA8ECF7FDFB00BF27
:10EC6000FF2211461046E9F743FE0090BDF8001060
:10EC700008460190BDF80400ADF82C0022460AA910
:10EC80003046ECF7CDFB02A8EBF7DAFB00202B4671
:10EC9000224602A900903046EBF71EF818B070BD6E
:10ECA000F0B591B0064635464FF4E0276522394667
:10ECB0003046F6F70FF81090109804465CB91849E2
:10ECC0003046E6F71BFE5020405D20F00100401C5E
:10ECD0005021485522E001A8E6F758FE294601A830
:10ECE000E6F718FF0E4901A8E6F7DEFE214601A867
:10ECF000E6F7F0FE00BF0E9400BF0022012101A83C
:10ED0000E6F7FEFE074901A8E6F7D2FE01A84FF696
:10ED1000FF71818700BFE6F711FF00BF11B0F0BDA2
:10ED200009850108775A02080EB5FE4890F82000C0
:10ED300000F0010040B1FC48E9F735FD0190FB48C7
:10ED4000BDF80410018008E004211220F8F74CFB04
:10ED50000290F648BDF808100180F24890F82000B3
:10ED600000F0010048B105211220F8F73DFB0190A9
:10ED7000EF48BDF80410018008E004211220F8F7E4
:10ED800009FB0290EA48BDF808100180E54890F8B8
:10ED9000200000F0010040B1E648E9F704FD0190D1
:10EDA000E548BDF80410018006E0E9F7B4FF0290E1
:10EDB000E148BDF808100180DA4890F8200000F022
:10EDC000010040B1DD48E9F7EEFC0190DC48BDF8F8
:10EDD0000410018008E002211220F8F705FB0290E0
:10EDE000D748BDF808100180002046215023D54A9D
:10EDF000CDE90010D449D548FAF78AFE00200090EA
:10EE00005023D04AD0490190D148FAF781FED14829
:10EE10000068D03001F058FECC49CE480068D030B0
:10EE2000FAF761FECB480068D83001F04DFEC849C2
:10EE3000C8480068D830FAF756FEC648006808305F
:10EE400001F042FEB74890F8200000F0010028B120
:10EE500002211220F8F79EFA029003E01220F8F740
:10EE6000EFFA0290BB48029900680830FAF7A9FB54
:10EE700047F6FF71B74800680830FAF7A0FDA948C7
:10EE8000C06807210190EAF74AFA01460290B148AA
:10EE900000680830FAF77FFCA248C068052101909D
:10EEA000EAF73DFA01460290AA4800680830FAF7EE
:10EEB00024FE6621A74800680830FAF7A7FBA4499A
:10EEC000A44800680830FAF70EFEA2480068103027
:10EED00001F0FAFDFF219F4800681030FAF796FB19
:10EEE0009C48006801F0F0FDFF219A480068FAF79D
:10EEF0008DFB8E4800880146029096480068FAF71C
:10EF000060FB8B4800880146029092480068FAF73F
:10EF1000B0FD91480078012806D18248C0680E21D2
:10EF20000190EAF7FCF910E08B480078022806D13E
:10EF30007C48C0680C210190EAF7F1F905E07948B6
:10EF4000C0680A210190EAF7EAF901460290814877
:10EF50000068FAF778FC80480078012806D17148EB
:10EF6000C0680E210190EAF7DAF910E07A480078DB
:10EF7000022806D16B48C0680C210190EAF7CFF94E
:10EF800005E06848C0680A210190EAF7C8F901461F
:10EF9000029070480068FAF71DFC6E48006818304F
:10EFA00001F092FD6C480078012806D15D48C068E8
:10EFB0000C210190EAF7B3F905E05A48C06808212E
:10EFC0000190EAF7ACF901460290624800681830F7
:10EFD000FAF7F5FCFF215F4800681830FAF716FBD6
:10EFE00055480088014602905A4800681830FAF7E0
:10EFF000E8FA5348008801460290564800681830E5
:10F00000FAF70EFB4748C06802210190EAF787F93A
:10F01000014602904F4800681830FAF72CFB012196
:10F020004C4800681830FAF712FB41480088014646
:10F030000290484800681830FAF71BFD46480078EF
:10F04000012806D13748C06818210190EAF767F90E
:10F0500010E041480078022806D13248C0681421E7
:10F060000190EAF75CF905E02E48C0681021019094
:10F07000EAF755F901460290364800681830FAF769
:10F080008AFB35480078012806D12648C0680E2141
:10F090000190EAF744F910E02F480078022806D1E1
:10F0A0002048C0680C210190EAF739F905E01D48B5
:10F0B000C0680A210190EAF732F90146029025481A
:10F0C00000681830FAF7BFFB23480078012806D102
:10F0D0001448C0680E210190EAF721F910E01E489B
:10F0E0000078022806D10F48C0680C210190EAF789
:10F0F00016F905E00B48C0680A210190EAF70FF9FC
:10F1000001460290134800681830FAF763FB12209A
:10F11000F8F796F9014602900E4800681830FAF7A1
:10F12000DEFA1BE0A00D00241A171500360100249A
:10F1300038010024302B28003A01002437322F00F8
:10F140003C0100244B5A02089CF80408C40D00241A
:10F15000D80D00243001002434010024F848C06890
:10F1600001210190EAF7DBF801460290F5480068BA
:10F170001830FAF7C1FAF3480068A03001F0A4FC97
:10F18000EF480169EF480068A030FAF7D6FAEC487A
:10F19000C06803210190EAF7C2F801460290E948ED
:10F1A0000068A030FAF7ECFAE548C0680321019046
:10F1B000EAF7B5F801460290E2480068A030FAF795
:10F1C000D4FA7F21DF480068A030FAF7C3FADD489F
:10F1D0000068A83001F078FCD948408A01460290C6
:10F1E000D8480068A830FAF7A8FAD548C0680321C3
:10F1F0000190EAF794F801460290D2480068A830DE
:10F20000FAF7BEFA7F21CF480068A830FAF7A2FAD1
:10F21000CC480068203001F057FCCB48007801282A
:10F2200006D1C748C06810210190EAF778F810E0CD
:10F23000C5480078022806D1C148C0680C21019059
:10F24000EAF76DF805E0BE48C06808210190EAF7CA
:10F2500066F801460290BB4800682030FAF7AFFB21
:10F26000FF21B84800682030FAF7D0F9B748008885
:10F2700001460290B34800682030FAF7A2F9B0487E
:10F2800090F8200000F00100E8BB1220F8F7D8F851
:10F2900001460290AB4800682030FAF79AFB002044
:10F2A000EAF768F900EB40005030A02190FBF1F044
:10F2B000012809DD0020EAF75DF900EB400050303D
:10F2C000A02190FBF1F000E0012000B20146029085
:10F2D0009C4800682030FAF7AAFB7F219948006813
:10F2E0002030FAF78EFB0020EAF744F9502101EBB9
:10F2F0008000A02190FBF1F001280BDD0020EAF74F
:10F3000039F9502100E015E001EB8000A02190FBCD
:10F31000F1F000E0012000B201908948C06800903F
:10F320000199E9F7FCFF0146029086480068203009
:10F33000FAF75CFB86480088014602908148006825
:10F340002030FAF796FB80480078012806D17C48E7
:10F35000C06818210190E9F7E2FF10E07A480078D0
:10F36000022806D17648C06814210190E9F7D7FF3A
:10F3700005E07348C06810210190E9F7D0FF01460D
:10F380000290704800682030FAF73BFA6E48007827
:10F39000012806D16A48C0680E210190E9F7BFFF35
:10F3A00010E069480078022806D16548C0680C2141
:10F3B0000190E9F7B4FF05E06148C0680A210190B7
:10F3C000E9F7ADFF014602905E4800682030FAF789
:10F3D00050FA5B48C06805210190E9F7A0FF01469B
:10F3E0000290584800682030FAF7F4F95448C06891
:10F3F00005210190E9F793FF01460290514800680A
:10F400002030FAF720FA53495348E9F7CAF953492B
:10F410005348E9F7C6F94B480068583001F054FBEF
:10F420004D49484800685830FAF73AF923214548D1
:10F4300000685830FAF73EF942480068603001F041
:10F4400043FB47493F4800686030FAF729F97F21BC
:10F450003C4800686030FAF72DF93A480068C0303F
:10F4600001F032FB012137480068C030FAF70EF98D
:10F47000012134480068C030FAF7E9F831480068E3
:10F48000803001F021FB30480078012806D12C485B
:10F49000C06818210190E9F742FF10E02A4800787F
:10F4A000022806D12648C06814210190E9F737FFE9
:10F4B00005E02348C06810210190E9F730FF0146BC
:10F4C0000290204800688030FAF765F91E480078FD
:10F4D000012806D11A48C06818210190E9F71FFFDA
:10F4E00010E019480078022806D11548C068142198
:10F4F0000190E9F714FF05E01148C0681021019060
:10F50000E9F70DFF014602900E4800688030FAF7D7
:10F510009AF90D480078012806D10948C0681821D9
:10F520000190E9F7FCFE23E007480078022819D192
:10F530000348C06814210190E9F7F1FE18E00000CB
:10F54000A00D002430010024340100243C010024DB
:10F550003801002487850108400100249D330208FA
:10F5600048010024FE48C06810210190E9F7D7FE49
:10F5700001460290FB4800688030FAF72BF9F94801
:10F580000068783001F0A0FAF7480078012806D129
:10F59000F348C0680E210190E9F7C1FE10E0F2487F
:10F5A0000078022806D1EE48C0680C210190E9F7E6
:10F5B000B6FE05E0EA48C0680A210190E9F7AFFE0F
:10F5C00001460290E74800687830FAF7E4F8E64828
:10F5D0000078012806D1E248C0680E210190E9F7C1
:10F5E0009EFE10E0E0480078022806D1DC48C068A2
:10F5F0000C210190E9F793FE05E0D948C0680A2183
:10F600000190E9F78CFE01460290D64800687830F8
:10F61000FAF7EBF8D3480068883001F055FAD04883
:10F62000C0680A210190E9F77AFE01460290CD48B0
:10F6300000688830FAF707F9C948C0680A210190C4
:10F64000E9F76DFE01460290C64800688830FAF777
:10F65000C1F8C4480068903001F036FAC048C0686C
:10F6600014210190E9F75BFE01460290BD48006855
:10F670009030FAF717FABB480068983001F024FA86
:10F680000221B84800689830FAF7E8F9B5480068F0
:10F69000683001F019FA0021B24800686830FAF7C2
:10F6A0007AF80021AF4800686830FAF7CCF80021FA
:10F6B000AC4800686830FAF78DF8AA4800687030E6
:10F6C00001F002FAA8480078012806D1A448C068D1
:10F6D00008210190E9F723FE10E0A34800780228F2
:10F6E00006D19F48C06806210190E9F718FE05E0A1
:10F6F0009B48C06802210190E9F711FE0146029083
:10F70000984800687030FAF746F897480078012862
:10F7100006D19348C06808210190E9F700FE10E087
:10F7200091480078022806D18D48C06806210190D2
:10F73000E9F7F5FD05E08A48C06802210190E9F784
:10F74000EEFD01460290874800687030FAF77BF8BA
:10F7500085480078012806D18148C06808210190B9
:10F76000E9F7DDFD10E080480078022806D17C48EA
:10F77000C06806210190E9F7D2FD05E07848C0682D
:10F7800002210190E9F7CBFD01460290754800681F
:10F790007030FAF71FF873480068283001F094F9C8
:10F7A0006F4801696F4800682830F9F70AFFE9F7E8
:10F7B000B2FA014602906B4800682830FAF759F90E
:10F7C000FF21684800682830F9F720FF6548006885
:10F7D000303001F079F962480169624800683030E0
:10F7E000F9F7EFFE5E4801695E4800683030FAF7CD
:10F7F00040F933215B4800683030F9F707FF59487A
:10F800000068383001F060F95548408A014602909E
:10F81000544800683830F9F7D4FEE9F77CFA01461D
:10F820000290504800683830FAF723F9FF214D481C
:10F8300000683830F9F7EAFE4A480068403001F0C5
:10F8400043F94748408A01460290464800684030E4
:10F85000F9F7B7FE4248408A0146029041480068E5
:10F860004030FAF706F933213E4800684030F9F796
:10F87000CDFE3C480068483001F026F93B4800883E
:10F8800001460290374800684830F9F79AFEFF2198
:10F89000344800684830F9F7B9FE35480088014619
:10F8A0000290304800684830FAF7E3F82D480068C5
:10F8B000503001F009F92F4800880146029029488C
:10F8C00000685030F9F77DFEFF212648006850306F
:10F8D000F9F79CFE264800880146029021480068FE
:10F8E0005030FAF7C6F81F480068B03001F0ECF865
:10F8F00047F6FF711B480068B030FAF760F8194806
:10F900000068B83001F0E0F8002116480068B8300F
:10F91000FAF755F813480068C83001F0D5F81048D8
:10F92000C06803210190E9F7FAFC014602900D48F6
:10F930000068C830FAF7CCF80948C0680321019084
:10F94000E9F7EDFC0146029006480068C830FAF776
:10F95000B4F804480068F03001F0B6F800480BE055
:10F96000A00D002430010024340100243C010024B7
:10F97000380100243A0100240169FE480068F03093
:10F98000F9F71FFEFF21FB480068F030F9F73EFE53
:10F99000F948C06806210190E9F7C1FC01460290D0
:10F9A000F4480068F030F9F7F6FE47F6FF71F148C9
:10F9B0000068F030FAF703F8EE480068E03001F034
:10F9C00083F8C821EB480068E030F9F7CEFDE9483C
:10F9D0000068E83001F078F87821E6480068E830FF
:10F9E000F9F7C3FDE348006800F5807001F06CF89A
:10F9F000E248008801460290DE48006800F5807009
:10FA0000F9F7BDFDDC48C0680F210190E9F787FCDC
:10FA100001460290D748006800F58070F9F7C6FDEE
:10FA20000121D448006800F58070F9F7B5FDD14890
:10FA3000006800F5847001F047F8CF480169CD48AF
:10FA4000006800F58470F9F79AFDCA48006800F56F
:10FA5000987001F039F84FF48271C648006800F5DB
:10FA60009870F9F754FEC348006800F59C7001F0E7
:10FA70002BF8C148C06803210190E9F750FC01460A
:10FA80000290BC48006800F59C70F9F784FEBA4803
:10FA9000C06802210190E9F742FC01460290B54896
:10FAA000006800F59C70F9F7E6FDB3480169B148BC
:10FAB000006800F59C70F9F7B3FDB1480088014675
:10FAC0000290AC48006800F59C70F9F77AFDFF21C0
:10FAD000A848006800F59C70F9F798FDA9480078DF
:10FAE000012806D1A448C0680C210090E9F717FC52
:10FAF00005E0A148C06808210090E9F710FC0290D9
:10FB000000EBD070401000B20146019099480068A7
:10FB100000F59C70F9F753FF9648006800F5A07057
:10FB200000F0D2FF98A19348006800F5A070F9F7A3
:10FB300062FDE9F7F0F8014602908E48006800F592
:10FB4000A070F9F796FF8C484069014602908948F9
:10FB5000006800F5A070F9F79AFF8648006800F584
:10FB6000A47000F0B1FF8448C06804210190E9F757
:10FB7000D6FB404200B2014602907E48006800F584
:10FB8000A470F9F708FEE9F7C6F801460290794833
:10FB9000006800F5A470F9F714FD7648006800F5D8
:10FBA000A87000F091FF01217248006800F5A8706C
:10FBB000F9F7A2FD75480088014602906D4800687B
:10FBC00000F5A870F9F78BFD6A48006800F594709D
:10FBD00000F07AFF00216748006800F59470F9F79B
:10FBE00036FD6548C0680A210190E9F798FB014697
:10FBF00002906048006800F59470F9F7EBFD5F48EB
:10FC00000088014602905B48006800F59470F9F79F
:10FC100066FD5848006800F5887000F055FF5648AA
:10FC2000C06803210190E9F77AFB01460290514830
:10FC3000006800F58870F9F75FFD4F48C068032140
:10FC40000190E9F76CFB014602904A48006800F514
:10FC50008870F9F7B4FE4848C06808210190E9F7B8
:10FC60005EFB014602904348006800F58870F9F792
:10FC7000E9FE4148C06802210190E9F750FB0146C6
:10FC800002903C48006800F58870F9F7A3FD3948F8
:10FC9000006800F58C7000F017FF47F6FF713548DB
:10FCA000006800F58C70F9F78AFE3348C0680821B7
:10FCB0000190E9F734FB014602902E48006800F5F8
:10FCC0008C70F9F7BFFE2C4801692A48006800F5DE
:10FCD0008C70F9F776FCFF212648006800F58C70DF
:10FCE000F9F794FC2348006800F5907000F0ECFEF2
:10FCF0002148C06801210190E9F711FB01460290FB
:10FD00001C48006800F59070F9F7F6FC1F48008861
:10FD1000014602901748006800F59070F9F7DFFC83
:10FD20001548C06802210190E9F7F9FA01460290EE
:10FD30001048006800F59070F9F72DFD1220F7F7D4
:10FD40007FFB014602900B48006800F59070F9F7C0
:10FD500090FE0848006800F5D07000F0B5FE002164
:10FD60000448006800F5D070F9F715FD002101483E
:10FD700000680DE030010024A00D00243C010024A7
:10FD80003A01002434010024EF808C003801002463
:10FD900000F5D070F9F729FD0021FE48006800F554
:10FDA000D070F9F70CFE0121FA48006800F5D07018
:10FDB000F9F76CFC0021F748006800F5D070F9F7FE
:10FDC00050FCF448006800F5EC7000F07DFEF2484D
:10FDD0000078012806D1F148C0680C210190E9F7AC
:10FDE0009EFA05E0ED48C06808210190E9F797FA0E
:10FDF00001460290E748006800F5EC70F9F7DFFD76
:10FE00000121E448006800F5EC70F9F73FFCFF21A0
:10FE1000E048006800F5EC70F9F7F8FBE04800886E
:10FE200001460290DB48006800F5EC70F9F7C9FB69
:10FE3000DC48008801460290D648006800F5EC7066
:10FE4000F9F717FED348006800F5D47000F03CFEC7
:10FE5000D1480078012806D1D048C0680E21019011
:10FE6000E9F75DFA10E0CC480078022806D1CB48CB
:10FE7000C0680C210190E9F752FA05E0C748C06854
:10FE80000A210190E9F74BFA01460290C148006847
:10FE900000F5D470F9F7B5FCBF480078012806D109
:10FEA000BE48C0680E210190E9F739FA10E0BA485F
:10FEB0000078022806D1B948C0680C210190E9F702
:10FEC0002EFA05E0B548C0680A210190E9F727FA43
:10FED00001460290AF48006800F5D470F9F7C9FCFC
:10FEE000AD480078012806D1AC48C0680E210190C9
:10FEF000E9F715FA10E0A8480078022806D1A748CB
:10FF0000C0680C210190E9F70AFA05E0A348C0682F
:10FF10000A210190E9F703FA014602909D48006822
:10FF200000F5D470F9F761FC9C48C068012101908C
:10FF3000E9F7F5F9014602909648006800F5D4709B
:10FF4000F9F799FB19219348006800F5D470F9F787
:10FF500074FB94480088014602908E48006800F5C2
:10FF6000D470F9F75DFB00218A48006800F5D47071
:10FF7000F9F777FB8748006800F5D87000F0A4FD1A
:10FF800000218448006800F5D870F9F704FC0021CE
:10FF90008048006800F5D870F9F727FC7F48C068F2
:10FFA00001210190E9F7BBF9014602907948006808
:10FFB00000F5D870F9F75FFB19217648006800F565
:10FFC000D870F9F73AFB77480088014602907148EB
:10FFD000006800F5D870F9F723FB08216D48006828
:10FFE00000F5D870F9F73DFB6A48006800F5DC7051
:10FFF00000F06AFD00216748006800F5DC70F9F741
:020000040804EE
:10000000CAFB00216348006800F5DC70F9F7EDFBDE
:100010006048006800F5E47000F056FD5E48007826
:10002000012806D15D48C0680E210190E9F777F9F3
:1000300010E059480078022806D15848C0680C21C1
:100040000190E9F76CF905E05448C0680A21019075
:10005000E9F765F9014602904E48006800F5E47042
:10006000F9F7CFFB4C480078012806D14B48C0680F
:1000700008210190E9F753F910E047480078022879
:1000800006D14648C06806210190E9F748F905E025
:100090004248C06802210190E9F741F90146029007
:1000A0003C48006800F5E470F9F7E3FB3A48007853
:1000B000012806D13948C0680E210190E9F72FF9CF
:1000C00010E035480078022806D13448C0680C2179
:1000D0000190E9F724F905E03048C0680A21019051
:1000E000E9F71DF9014602902A48006800F5E4701E
:1000F000F9F77BFB2748006800F5E87000F0E4FCA6
:1001000025480078012806D12448C06808210190BC
:10011000E9F705F910E020480078022806D11F48C9
:10012000C06806210190E9F7FAF805E01B48C068AD
:1001300002210190E9F7F3F80146029015480068A2
:1001400000F5E870F9F75DFB13480078012806D147
:100150001248C06808210190E9F7E1F810E00E4864
:100160000078022806D10D48C06806210190E9F701
:10017000D6F805E00948C06802210190E9F7CFF8F8
:10018000014602900348006800F5E870F9F771FB3A
:10019000002109E03001002434010024A00D0024D6
:1001A0003A01002438010024FC48006800F5E8709A
:1001B000F9F727FC0021F948006800F5E870F9F725
:1001C00025FAF748008801460290F448006800F5D7
:1001D000E870F9F74EFCF148006800F5E07000F0B7
:1001E00073FC0021ED48006800F5E070F9F709FBA9
:1001F0000021EA48006800F5E070F9F7F6FAE748F0
:10020000006800F5F07000F05FFC3321E3480068FF
:1002100000F5F070F9F7FAF91220F7F711F9014635
:100220000290DE48006800F5F070F9F7CAF9DB4883
:10023000006800F5F47000F047FC0021D748006822
:1002400000F5F470F9F7E2F9D6480078012806D1F4
:10025000D548C06808210190E9F761F810E0D1485D
:100260000078022806D1D048C06806210190E9F73D
:1002700056F805E0CC48C06802210190E9F74FF834
:1002800001460290C548006800F5F470F9F7F1FAEC
:10029000C248006800F5B07000F016FCC248C068A3
:1002A00005210190E9F73BF801460290BB48006840
:1002B00000F5B070F9F720FAB948008801460290BD
:1002C000B648006800F5B070F9F709FAB648C0689A
:1002D00014210190E9F723F801460290AF48006825
:1002E00000F5B070F9F7AEFBAF48C0680F21019080
:1002F000E9F715F801460290A848006800F5B070CB
:10030000F9F78BFAA548006800F5B47000F0DCFB43
:1003100047F6FF71A148006800F5B470F9F74FFB8C
:100320009F480088014602909C48006800F5B47020
:10033000F9F747F9FF219948006800F5B470F9F71B
:1003400065F99948C0680F210190E8F7E8FF014678
:1003500002909248006800F5B470F9F773FB8F487B
:10036000006800F5AC7000F0AFFB8F48C068012159
:100370000190E8F7D4FF014602908848006800F534
:10038000AC70F9F778F989480088014602908348F3
:10039000006800F5AC70F9F743F903217F48006865
:1003A00000F5AC70F9F75DF97C48006800F5B870AD
:1003B00000F08AFB7A48008801460290774800687E
:1003C00000F5B870F9F72CF97748C0680221019060
:1003D000E8F7A5FF014602907048006800F5B87084
:1003E000F9F749F97048C06801210190E8F797FFD3
:1003F000404200B2014602906848006800F5B870BB
:10040000F9F70BFA04216548006800F5B870F9F7B0
:1004100028F94FF4C8716148006800F5B870F9F721
:10042000A4F85E48006800F5BC7000F04DFB5E4823
:1004300090F8200000F0010028B102211220F6F708
:10044000A9FF029004E001211220F6F7CDFF0290EF
:1004500052480299006800F5BC70F9F70AFB4F4852
:10046000006800F5C07000F02FFB4E4800780128AE
:1004700006D14D48C0680E210190E8F750FF10E00A
:1004800048480078022806D14748C0680C210190EE
:10049000E8F745FF05E04448C0680A210190E8F705
:1004A0003EFF014602903D48006800F5C070F9F734
:1004B00072F93C480078012806D13B48C0680E21FB
:1004C0000090E8F72CFF10E036480078022806D1AB
:1004D0003548C0680C210090E8F721FF05E032485C
:1004E000C0680A210090E8F71AFF029000EBD07074
:1004F000401000B2014601902848006800F5C07025
:10050000F9F773F92548006800F5C47000F0DCFACB
:100510002548C06801210190E8F701FF01460290DB
:100520001E48006800F5C470F9F7A5F81F48008858
:10053000014602901948006800F5C470F9F770F898
:100540001B480088014602901448006800F5C470FA
:10055000F9F737F833211148006800F5C470F9F74E
:1005600055F80E48006800F5C87000F0ADFA0D4867
:100570000078012806D10C48C0680E210190E8F7E8
:10058000CEFE1DE007480078022813D10648C06857
:100590000C210190E8F7C3FE12E0000030010024B6
:1005A0003801002434010024A00D00243C01002463
:1005B0003A010024F848C0680A210190E8F7AFFE2C
:1005C00001460290F548006800F5C870F9F719F97E
:1005D000F3480078012806D1EF48C0680E21019049
:1005E000E8F79DFE10E0EE480078022806D1EA48C0
:1005F000C0680C210190E8F792FE05E0E648C0686B
:100600000A210190E8F78BFE01460290E34800685A
:1006100000F5C870F9F722F9E1480078012806D101
:10062000DD48C06808210190E8F779FE10E0DC4859
:100630000078022806D1D848C06806210190E8F762
:100640006EFE05E0D448C06802210190E8F767FE1D
:1006500001460290D148006800F5C870F9F7AFF87C
:10066000CF480078012806D1CB48C0680E21019000
:10067000E8F755FE10E0CA480078022806D1C648BF
:10068000C0680C210190E8F74AFE05E0C248C06846
:100690000A210190E8F743FE01460290BF48006836
:1006A00000F5C870F9F7A1F8BC48006800F5CC70F7
:1006B00000F00AFAB848C0680A210190E8F72FFE56
:1006C00001460290B548006800F5CC70F8F76EFF5F
:1006D000B248006800F5FC7000F0F6F9AE48C0685A
:1006E00004210190E8F71BFE01460290AB48006828
:1006F00000F5FC70F9F74FF8A848006800F5F870AD
:1007000000F0E2F9642001900198002805DA0198D0
:10071000C0F57A7040F4005002E0019840F40050B7
:1007200000B2014602909D48006800F5F870F8F7A5
:10073000F9FF9A48006800F5007000F0C5F9122032
:10074000F6F77EFE014602909448006800F50070BE
:10075000F8F737FF7F219148006800F50070F8F73F
:1007600055FF8E48006800F5027000F0ADF90021D9
:100770008A48006800F50270F9F759F9884800784E
:10078000032816D186480078012806D18248C0681F
:100790000C210090E8F7C3FD05E07F48C068082100
:1007A0000090E8F7BCFD0290029800EBD07040107A
:1007B00010E07B480078012806D17748C0680C21FA
:1007C0000090E8F7ACFD05E07348C0680821009090
:1007D000E8F7A5FD00B2014601907048006800F5F9
:1007E0000270F9F7ECF86D48006800F50E7000F043
:1007F0006BF9694801696948006800F50E70F8F7FF
:100800000FFF6548C06802210190E8F788FD4000AD
:1008100000B2014602906148006800F50E70F8F7DA
:100820002AFF01215D48006800F50E70F8F719FFF6
:100830005A48006800F50C7000F046F95648C06848
:1008400002210190E8F76BFD404200B201460290A0
:100850005248006800F50C70F8F787FF4F480068B1
:1008600000F5047000F030F94D480078012806D1F9
:100870004948C06818210190E8F751FD10E0484848
:100880000078022806D14448C06814210190E8F796
:1008900046FD05E04048C06810210190E8F73FFDA3
:1008A000014602903D48006800F50470F8F7A9FF82
:1008B00000213A48006800F50470F8F7DAFF0021DB
:1008C0003648006800F50470F8F78FFF01213348BF
:1008D000006800F50470F8F7D9FE3048006800F5AC
:1008E000067000F0F1F82C48C06801210190E8F78B
:1008F00016FD014602902948006800F50670F8F7D9
:10090000BAFE28480088014602902448006800F595
:100910000670F8F785FE01212048006800F5067092
:10092000F8F79FFE1E480078012806D11A48C068D3
:100930000E210190E8F7F3FC10E019480078022836
:1009400006D11548C0680C210190E8F7E8FC05E0E5
:100950001148C0680A210190E8F7E1FC01460290C5
:100960000E48006800F50670F8F715FF0C4800788F
:10097000012806D10848C0680E210190E8F7CFFC95
:1009800018E00748007802280ED10348C0680C21FF
:100990000190E8F7C4FC0DE0A00D00243001002414
:1009A000340100243C0100244448C0680A2101901D
:1009B000E8F7B5FC014602904148006800F5067072
:1009C000F8F708FF3E48006800F5087000F07CF872
:1009D0003C480078012806D13848C06818210190A9
:1009E000E8F79DFC10E037480078022806D133482C
:1009F000C06814210190E8F792FC05E02F48C06818
:100A000010210190E8F78BFC014602902C48006809
:100A100000F50870F9F75CF82948006800F51070D7
:100A200000F052F8FF212648006800F51070F8F732
:100A3000EDFDE8F770F9014602902148006800F5E5
:100A40001070F8F7BEFD1220F6F7FAFC014602908E
:100A50001B48006800F51070F8F7C0FD47F6FF71FD
:100A60001748006800F51070F8F7A9FF1348C06830
:100A70000F210190E8F753FC0146029010480068EE
:100A800000F51070F8F7D3FFE8F745F9014602903A
:100A90000B48006800F51070F8F79BFF0748C06826
:100AA00005210190E8F73BFC0146029004480068EC
:100AB00000F51070F8F7B0FF0EBD0000A00D002487
:100AC000300100243401002410B5044605480078A4
:100AD00018B12046F8F733FD02E02046F8F7EEFBA8
:100AE00010BD00003E0100242DE9F04107460C46F0
:100AF0002046F2F7CBFDB0B90022FE48016820463F
:100B0000F1F761FA4FF48032FA4801680831204663
:100B1000F1F759FAF84AF748016810312046F1F721
:100B200052FABDE8F081F5492046F1F761FE002850
:100B300076D02046F2F7AAFD0546F1492846F1F79E
:100B400057FE00B1EDE72846F2F7A0FD0646EC4956
:100B5000F1F74EFEB0B10022E64801688031204630
:100B6000F1F731FA4FF48032E2480168083120464B
:100B7000F1F729FAE04ADF48016810312046F1F721
:100B800022FACEE72046F2F73AFDB0B92046F2F756
:100B90007DFD0646DB49F1F72BFE70B10022D548FA
:100BA000016848312046F1F70EFA0022D148016869
:100BB00070312046F1F707FAB3E72046F2F71FFD40
:100BC000012824D12046F2F761FD0646CD49F1F710
:100BD0000FFEE0B10022C74801682046F1F7F3F9A3
:100BE0000022C448016880312046F1F7ECF94FF447
:100BF0008032C048016808312046F1F7E4F9BE4A66
:100C0000BC48016810312046F1F7DDF989E720463C
:100C1000F2F73CFD0646BC49F1F7EAFD08B180E772
:100C200017E00022B348016818312046F1F7CBF9EC
:100C30004FF48032AF48016808312046F1F7C3F91C
:100C4000AD4AAC48016810312046F1F7BCF901F01B
:100C50002FB8AE492046F1F7CBFD002860D0002226
:100C6000A448016820312046F1F7ADF90022A148DF
:100C7000016828312046F1F7A6F900229D48016855
:100C8000D0312046F1F79FF920229A480168583167
:100C90002046F1F798F9202296480168D83120467D
:100CA000F1F791F9042293480168A0312046F1F749
:100CB0008AF920228F480168C8312046F1F783F96C
:100CC00001228C48016838312046F1F77CF98022F6
:100CD0008848016860312046F1F775F92046F2F73F
:100CE000D5FC05468A49F1F783FD40B92046F2F765
:100CF000CDFC05468749F1F77BFD0028A7D00022EF
:100D00007C48016801F5E8712046F1F75CF9202282
:100D10007848016801F5F0712046F1F754F996E73B
:100D20007D492046F1F764FD40B100227148016819
:100D300001F5A8712046F1F746F988E77749204682
:100D4000F1F756FD00287DD02046F2F79FFC0546BE
:100D50007349F1F74DFDE0B300226648016801F5E3
:100D6000FC712046F1F72FF90022624801688831B2
:100D70002046F1F728F94FF4A0225E48016820319F
:100D80002046F1F720F9674A5A4801685831204651
:100D9000F1F719F9634A603256480168603120461C
:100DA000F1F711F95F4A1F3A52480168283120468D
:100DB000F1F709F95B4A1C3A4E4801683031204688
:100DC000F1F701F9574A183A4A480168403120467C
:100DD00000E002E0F1F7F7F8A3E62046F2F756FC50
:100DE00005464749F1F704FD68B300224148016810
:100DF00050312046F1F7E7F804223E480168A0315F
:100E00002046F1F7E0F804223A48016801F50C7138
:100E10002046F1F7D8F8434A364801685831204651
:100E2000F1F7D1F83F4A1F3A324801683031204685
:100E3000F1F7C9F83B4A1F3A2E48016801F50E71D7
:100E4000204601E0C4E01BE0F1F7BDF8354A1C3A4A
:100E500028480168A0312046F1F7B5F8314A183A20
:100E600024480168A8312046F1F7ADF82D4A1C3A14
:100E70002048016801F50C712046F1F7A4F850E60E
:100E80002046F2F703FC05461F49F1F7B1FC78B3A1
:100E900000221848016801F5C0712046F1F793F867
:100EA000042214480168A0312046F1F78CF808228A
:100EB00010480168A8312046F1F785F84FF4A022C8
:100EC0000C48016801F5C4712046F1F77CF8154A19
:100ED0000848016858312046F1F775F8114A603228
:100EE0000448016860312046F1F76DF80D4A1BE0B7
:100EF00029E00000300100244000010030F7040820
:100F0000E8FE04083CFF0408B4F8040808370508A4
:100F100024FE040808FE0408CC3705082437050819
:100F20005CFE0408200005001C3AFE480168A03160
:100F30002046F1F748F8FC4AFA480168A8312046F3
:100F4000F1F741F8EDE50022F64801681831204636
:100F5000F1F739F80422F3480168A0312046F1F78F
:100F600032F80822EF480168A8312046F1F72BF843
:100F70004FF4A022EB48016820312046F1F723F816
:100F8000E94A7832E748016860312046F1F71BF8FA
:100F9000E54A1832E348016858312046F1F713F862
:100FA000E14AD21FDF48016828312046F1F70BF8EB
:100FB000DD4A121FDB480168A0312046F1F703F833
:100FC000D94AD8480168A8312046F0F7FCFF3EE630
:100FD000D6492046F1F70CFC60B30022D1480168E5
:100FE00030312046F0F7EFFF0022CE480168B031E3
:100FF0002046F0F7E8FF0422CA480168A0312046E5
:10100000F0F7E1FF0822C7480168A8312046F0F751
:10101000DAFF4FF40032C348016828312046F0F768
:10102000D2FF4FF40032BF480168B0312046F0F7DC
:10103000CAFF0CE6BE492046F1F7DAFBF0B3002206
:10104000B848016830312046F0F7BDFF0022B548AE
:101050000168B0312046F0F7B6FF0422B1480168BC
:10106000A0312046F0F7AFFF0822AE480168A83152
:101070002046F0F7A8FF4FF40032AA480168283153
:101080002046F0F7A0FF4FF40032A6480168B031C7
:101090002046F0F798FF4FF44032A2480168F03143
:1010A0002046F0F790FFA34A9E480168C8312046C9
:1010B000F0F789FF4FF440329A4800E00CE00168F5
:1010C000D0312046F0F77FFF9A4A96480168D83120
:1010D0002046F0F778FFBAE597492046F1F788FBFC
:1010E000002862D000228F48016818312046F0F7AE
:1010F0006AFF00228B48016868312046F0F763FFE1
:10110000002288480168B8312046F0F75CFF0422CD
:1011100084480168A0312046F0F755FF0822814835
:101120000168A8312046F0F74EFF4FF480327D4829
:10113000016808312046F0F746FF804A7948016887
:1011400010312046F0F73FFF4FF4A02275480168A8
:1011500050312046F0F737FF4FF4A0227148016864
:1011600001F5AC712046F0F72EFF4FF4A0226D4838
:10117000016880312046F0F726FF6B4A1832694833
:10118000016858312046F0F71EFF674A121F654874
:10119000016828312046F0F716FF634A614801686C
:1011A00038312046F0F70FFF51E565492046F1F749
:1011B0001FFBE8B300225B48016888312046F0F746
:1011C00002FF042257480168A0312046F0F7FBFED9
:1011D0005C4A5448016860312046F0F7F4FE4FF451
:1011E00000325048016801F59C712046F0F7EBFE93
:1011F000544A7F3A4B48016828312046F0F7E3FE15
:10120000504A7F3A4748016801F5A0712046F0F73F
:10121000DAFE4C4A603A4348016858312046F0F7FC
:10122000D2FE484A603A3F480168C831204600E093
:1012300012E0F0F7C8FE434A603A3A480168D831F4
:101240002046F0F7C0FE4FF4003236480168D03136
:101250002046F0F7B8FEFAE43B492046F1F7C8FA19
:10126000002873D000222F48016848312046F0F74B
:10127000AAFE00222B480168B0312046F0F7A3FEF9
:10128000002228480168E8312046F0F79CFE8022C1
:101290002448016860312046F0F795FE0422214879
:1012A0000168A0312046F0F78EFE264A7F3A1D489D
:1012B000016828312046F0F786FE4FF400321948C5
:1012C0000168B0312046F0F77EFE1E4A15480168DD
:1012D00060312046F0F777FE4FF440321148016844
:1012E000F0312046F0F76FFE4FF440320D480168B0
:1012F00050312046F0F767FE4FF44032094801684C
:1013000001F5A4712046F0F75EFE0A4A60320548F6
:10131000016860312046F0F756FE0A4A7F3A0148DC
:10132000016814E03001002408000500EC360508CF
:101330002038050820000300583805084000010047
:1013400040370508800002003C3805080CE0D83121
:101350002046F0F738FE4FF40032FA480168D831E1
:101360002046F0F730FE72E4F7492046F1F740FAE4
:10137000F0B30022F348016818312046F0F723FE4D
:101380000022F048016878312046F0F71CFE002268
:10139000EC48016801F594712046F0F714FE4FF413
:1013A0008032E848016808312046F0F70CFEE74A31
:1013B000E448016810312046F0F705FE4FF4A02202
:1013C000E048016801F588712046F0F7FCFD4FF414
:1013D0000032DC48016801F58C712046F0F7F3FD1E
:1013E0004FF4C022D748016801F59071204600E013
:1013F0000BE0F0F7E8FD4FF4E022D248016801F578
:1014000088712046F0F7DFFD21E4D1492046F1F74D
:10141000EFF990B30022CB48016818312046F0F76D
:10142000D2FD0022C7480168E0312046F0F7CBFD2D
:101430000022C448016890312046F0F7C4FD002224
:10144000C048016898312046F0F7BDFD0422BD4830
:101450000168A0312046F0F7B6FD0822B9480168BE
:10146000A8312046F0F7AFFD4FF48022B54801685F
:1014700028312046F0F7A7FD27E2FFE7B5492046CF
:10148000F1F7B6F9C8B30022AE480168183120461A
:10149000F0F799FD0022AB48016878312046F0F75B
:1014A00092FD0022A7480168D0312046F0F78BFD5D
:1014B0002022A4480168D8312046F0F784FD20227C
:1014C000A048016858312046F0F77DFD04229D4870
:1014D0000168A0312046F0F776FD0822994801689E
:1014E000A8312046F0F76FFD4FF4003295480168AF
:1014F000D8312046F0F767FDDAE3FFE7964920464A
:10150000F1F776F9F0B300228E48016818312046D1
:10151000F0F759FD00228B480168C0312046F0F7F2
:1015200052FD00228748016890312046F0F74BFDBC
:1015300000228448016801F598712046F0F743FDC8
:101540004FF480327F48016808312046F0F73BFDB8
:101550007E4A7C48016810312046F0F734FD4FF494
:1015600080227848016850312046F0F72CFD7B4AF4
:101570007448016828312046F0F725FD774A1F326C
:10158000704800E005E0016858312046F0F71BFD87
:101590008EE373492046F1F72BF910B30022694816
:1015A000016801F580712046F0F70DFD4FF400321F
:1015B0006448016801F580712046F0F704FD4FF49E
:1015C00000326048016801F584712046F0F7FBFCA9
:1015D0004FF440325B480168F0312046F0F7F3FCED
:1015E00066E360492046F1F703F9D0B1002255487F
:1015F000016801F580712046F0F7E5FC4FF40032F8
:101600005048016801F580712046F0F7DCFC4FF48A
:1016100000324C48016801F584712046F0F7D3FC94
:1016200046E351492046F1F7E3F8B8B100224548B6
:10163000016818312046F0F7C6FC002241480168D5
:10164000B0312046F0F7BFFC4FF400323D4801684E
:1016500001F5B4712046F0F7B6FC29E34349204672
:10166000F1F7C6F8E0B30022364801681831204689
:10167000F0F7A9FC00223348016878312046F0F7E2
:10168000A2FC04222F480168A0312046F0F79BFC01
:1016900008222C480168A8312046F0F794FC4FF44A
:1016A00080322848016808312046F0F78CFC274A30
:1016B0002448016810312046F0F785FC2C4A214867
:1016C000016801F5B8712046F0F77DFC4FF4002267
:1016D0001C48016801F5BC712046F0F774FCE7E294
:1016E000FFE724492046F1F783F870B1002215483E
:1016F000016818312046F0F766FC002211480168A5
:1017000068312046F0F75FFCD2E21B492046F1F732
:101710006FF840B100220B48016801F5C8712046FE
:10172000F0F751FCC4E215492046F1F761F840B1E9
:1017300000220448016801F5C8712046F0F743FC17
:10174000B6E21DE03001002408F904084000010061
:10175000E83705085C3705087837050801000400FC
:10176000D0360508CCFE040840FE0408743805088D
:1017700002000700B4F80408D0F80408ECF80408E4
:10178000F6492046F1F734F8F0B30022F448016836
:101790002046F0F718FCF3480078012803D1F04800
:1017A0000068783002E0EE480068703001460022A0
:1017B0002046F0F708FC0422E9480168A0312046E1
:1017C000F0F701FC0822E6480168A8312046F0F74E
:1017D000FAFB4FF4A022E248016820312046F0F7DE
:1017E000F2FBE14ADE48016860312046F0F7EBFB8E
:1017F0004FF4A022DA48016850312046F0F7E3FBAD
:101800004FF4A022D64800E026E0016801F50271FD
:101810002046F0F7D8FBD44A603AD14801685831E5
:101820002046F0F7D0FBD04A7F3ACD4801684831D6
:101830002046F0F7C8FBCC4A7C3AC94801683031F1
:101840002046F0F7C0FBC84A783AC54801684031E5
:101850002046F0F7B8FB2BE2C4492046F0F7C8FF5A
:10186000F8B10022BE48016818312046F0F7ABFB02
:101870000022BB48016801F504712046F0F7A3FB84
:101880004FF48032B648016808312046F0F79BFBE0
:10189000B74AB348016810312046F0F794FBFFF7D0
:1018A00040B9B4492046F0F7A3FF78B10022AC4814
:1018B000016848312046F0F786FB0022A8480168FD
:1018C00001F508712046F0F77EFBF1E1AA492046B8
:1018D000F0F78EFF68B30022A1480168503120461E
:1018E000F0F771FB00229E48016801F50671204661
:1018F000F0F769FB04229A48016828312046F0F786
:1019000062FB04229648016801F508712046F0F751
:101910005AFB20229248016801F508712046F0F731
:1019200052FB20228E48016858312046F0F74BFBCD
:10193000BEE192492046F0F75BFF78B1002288486B
:10194000016818312046F0F73EFB00228448016808
:1019500001F5D0712046F0F736FBA9E18849204611
:10196000F0F746FFB8B100227D48016801F5D87153
:101970002046F0F728FB4FF480327948016808319F
:101980002046F0F720FB7A4A75480168103120465E
:10199000F0F719FB8CE17B492046F0F729FFB8B13D
:1019A00000226F48016801F5DC712046F0F70BFB5F
:1019B0004FF480326A48016808312046F0F703FB93
:1019C0006B4A6748016810312046F0F7FCFA6FE176
:1019D0006D492046F0F70CFFF0B100226048016825
:1019E00001F5D4712046F0F7EEFA20225C48016838
:1019F00001F5F0712046F0F7E6FA21225848016817
:101A000030312046F0F7DFFA0122554801683031C5
:101A10002046F0F7D8FA4BE15C492046F0F7E8FEA3
:101A200020B95B492046F0F7E3FE80B100224C4824
:101A3000016801F5E4712046F0F7C5FA2022484814
:101A4000016801F5F0712046F0F7BDFA30E1514927
:101A50002046F0F7CDFEB8B100224148016801F5FB
:101A6000E0712046F0F7AFFA4FF480323C4801684D
:101A700008312046F0F7A7FA3D4A3948016810318D
:101A80002046F0F7A0FA13E143492046F0F7B0FEF4
:101A900040B100223248016801F5EC712046F0F7B0
:101AA00092FA05E13D492046F0F7A2FE40B100223E
:101AB0002B48016801F5F4712046F0F784FAF7E04D
:101AC00037492046F0F794FE78B100222448016897
:101AD00018312046F0F777FA00222148016801F515
:101AE000F8712046F0F76FFAD9E62E492046F0F754
:101AF0007FFE40B100221A48016801F500712046BE
:101B0000F0F761FAD4E028492046F0F771FE20B3DF
:101B100000221348016818312046F0F754FA0022D9
:101B20000F48016878312046F0F74DFA04220C483E
:101B30000168A0312046F0F746FA082208480168FB
:101B4000A8312046F0F73FFA4FF4E022044801683C
:101B500028312046F0F737FAAAE027E040F90408D8
:101B6000300100243401002480000500F0FC04084A
:101B70004000010028FD04080CFD040844FD040891
:101B8000D0FD0408ECFD04087CFD040824FE0408D4
:101B900008FE040860FD040898FD0408B4FD04086C
:101BA0005CFE040894FE0408B0FE04084149204687
:101BB000F0F71EFEA8B100223F4801682046F0F76A
:101BC00002FA4FF480323C48016808312046F0F7B1
:101BD000FAF93A4A3848016810312046F0F7F3F92B
:101BE00066E037492046F0F703FE78B14FF48032C3
:101BF0003148016808312046F0F7E5F92F4A2E48B0
:101C0000016810312046F0F7DEF951E02D492046F9
:101C1000F0F7EEFD68B10022274801682046F0F792
:101C2000D2F900222448016868312046F0F7CBF948
:101C30003EE025492046F0F7DBFD38B100221E4882
:101C40000168C0312046F0F7BEF931E01F49204657
:101C5000F0F7CEFDF8B100221748016801F5CC710C
:101C60002046F0F7B0F90022134801688031204681
:101C7000F0F7A9F94FF440320F480168503120467F
:101C8000F0F7A1F94FF440320B480168803120464B
:101C9000F0F799F90CE00E492046F0F7A9FD38B1AC
:101CA00000220548016801F510712046F0F78BF914
:101CB00000BFF4E504FF04083001002440000100E7
:101CC00020FF0408E8FE04083CFF040824F9040887
:101CD000D4FC04082DE9F14F88B00898EBF71DFA01
:101CE00007900898EBF77AFA8046CDF818800798A5
:101CF0000A2856D14046F1F704FC04464046F1F765
:101D0000E1FB054605A94046F1F742FDBDF9140087
:101D10000490BDF91690204604EBD0714A10049946
:101D2000114491FBF4F161430FFA81FA284605EB67
:101D3000D07109EB610191FBF5F1694309B203919F
:101D40000F200290002721E039464046F1F739FB89
:101D500006463046F3F7EEF901903046F3F70DFAF8
:101D600000900198504510D10399009888420CD1F9
:101D7000B3460698C0F824B09BF8240002900022D5
:101D80001C214046EBF730FA05E07F1C4046F1F796
:101D900036FBB842D8D800BF40460299F4F7E0FFBE
:101DA00000BF09B0BDE8F08F0146C843401C01EAFE
:101DB0000002B2FA82F0C0F12003581E70470146BB
:101DC00021B1B1FA81F0C0F1200000E0002002460C
:101DD000501E7047044A528812B20280024A928909
:101DE00012B20A8070470000E80B002410B5CCF74F
:101DF000BBFB10BD10B5CCF7F1FB03480078012800
:101E000000D110BD0020FCE7E80B002470B50546AA
:101E10000C46FFF7EFFF30B108490948FFF7DAFF3A
:101E20000120A07301E00020A0730548B0F9000074
:101E300020800248B0F90000608070BDBA00002424
:101E4000B80000242DE9F04786B080460D46444690
:101E500027680026D7E0F86800EBC6004068C0F3AA
:101E6000406040B1F86800EBC600406820F07F4059
:101E7000A168884200D0C5E0A08847284AD00EDC7F
:101E800034281ED006DC20283FD030283ED033280E
:101E90007CD115E03B283CD0442877D138E0682835
:101EA00010D004DC63281ED067286FD112E0A0F2A6
:101EB000574060B3A0F580500238002866D10AE090
:101EC00000BF00BFFF2D02DAE068059001E0206945
:101ED00005906CE000BFFF2D02DAE068059001E09C
:101EE0002069059063E0E06810B9206905900BE077
:101EF000206910B9E068059006E0802D02DAE068FC
:101F0000059001E02069059051E000BF00BF00BFCF
:101F100000BF00BF002D03DCA089ADF8140033E042
:101F2000FF2D03DB208AADF814002DE0216901911B
:101F3000E168E8B2029100F1040C4FEAEC00BDF850
:101F400008C04CEA0C4CDFF8D4A00CEA0A01BDF83A
:101F500004C04CEA0C4C0CEA0A02A2EB010C0CFB8C
:101F600000FC01EB5C1C0CEA0A0343EA134C1FFA69
:101F70008CFCCDF800C0BDF800A0D446CDF80CC054
:101F8000BDF80C00ADF8140011E0FFE715B9E068EA
:101F900005900BE0FF2D02D12069059006E0D4E901
:101FA0000310401A684301EB2020059000BF00BFDA
:101FB0004FF00109FA6852F83600A18804AAF7F731
:101FC000FDF878B1DDE9041088420BD1BDF81400AA
:101FD000BDF81010884205D1DDE90410884201D116
:101FE0004FF00009FA6852F83600A188059AF7F711
:101FF0004CFCB9F1000F04D0A288A1682068F4F766
:102000004FFA06E0761C788CC0F3C500B0423FF66C
:1020100022AF00BF06B0BDE8F08700001FF8E00760
:102020002DE9F05F8146D9F800402568B4F804A096
:102030004FF0000B2D48D2F7B4FF064615E0A6423C
:102040000ED03068216888420AD1B068A168884201
:1020500006D1B088A188884202D14FF0010B06E07A
:1020600031462248D2F7B5FF0646002EE7D100BF21
:10207000BBF1000F38D100272FE0E86800EBC70064
:102080004068C0F3406038B3E86800EBC7004068C0
:1020900020F07F40A16888421ED121461348D2F724
:1020A000FFFF2046EFF740F9E86800EBC70851460C
:1020B000D8F80000F7F7BEF9E96851F83700F7F7EC
:1020C00004F940B1D8F8040020F07F422846D8F83F
:1020D0000010F4F78EFA05E07F1C688CC0F3C50091
:1020E000B842CAD800BF00BFBDE8F09F400E002430
:1020F0002DE9F04105462C68A068F5F71CF98046EB
:10210000A28841462068F2F7E5FDE060A68800203D
:10211000A080234632464146206800F00DF8A68094
:10212000A1682068E1F7D7F80746A1883868E26817
:10213000F7F7ABFBBDE8F0812DE9F05F05460E46F1
:1021400090469A464FF0000B2848D2F74FFF0446BE
:1021500046E0544500D145E021462448D2F740FFEF
:1021600081462068A8423AD1A068B04202D0B6F5B4
:10217000702F34D1A088404503D04FF6FF708045C2
:102180002DD1002725E0E86800EBC7004068C0F3C8
:102190004060E8B1B6F5702F07D0E86800EBC700E3
:1021A000406820F07F40B04212D1EA6852F8370010
:1021B000A188F7F73FF900212046E3F79FFB21466E
:1021C0000A48D2F76DFF2046EFF7AEF84FF0010B4B
:1021D0007F1C688CC0F3C500B842D4D800BF4C4601
:1021E000002CB6D100BF5846BDE8F09F400E002439
:1021F00070B505460C46304885422CD12F480470F6
:1022000034B94FF400722E492B48C9F71DF951E03B
:10221000012C05D162022A492748C8F7FFFA49E094
:10222000022C05D1220226492348C9F73BF941E097
:10223000032C06D14FF4007221491F48C8F71FFB39
:1022400038E0042C36D14FF47A73E2011C491A4865
:10225000C9F770F82EE01B4885422BD11A4804704C
:1022600034B94FF4007219491648C9F7EDF821E066
:10227000012C05D1620215491248C8F7CFFA19E0BE
:10228000022C05D1220211490E48C9F70BF911E0C1
:10229000032C06D14FF400720C490A48C8F7EFFA34
:1022A00008E0042C06D14FF47A73E201074905488F
:1022B000C9F740F870BD000024070024A4030024DF
:1022C000B8150124B8070024A5030024B817012479
:1022D00010B50020F0F70CFC1D49086010211C48C7
:1022E0000068F0F73FFB1A480068EDF719FC194940
:1022F000086042F2D17117480068F4F7D1FF42F24A
:10230000D17114480068F4F75EFC6FF00A011148BF
:102310000068F4F7DEFF04210E480068F4F7F2FFCE
:1023200009210C480068F4F7F9FB0BA10948006883
:10233000EEF7FEFB00220A4906480068F4F77CFF2E
:1023400000231A46074902480068EFF7A7FD10BDB1
:10235000E4020024E8020024E4BDA0E5A5BD0000DD
:10236000B44D05089923040810B50020F0F7C0FB10
:1023700007490860102106480068F0F7F3FA0023C7
:102380001A46044902480068EFF788FD10BD0000B6
:10239000F4020024C523040838B504462046EAF7B1
:1023A000BCFE0546072D08D1044800234FF4FA72FD
:1023B000052100900248D3F737FC38BD6923040893
:1023C000F402002438B504462046EAF7A6FE054686
:1023D000072D08D1044800234FF4FA72062100901B
:1023E0000248D3F721FC38BDD1220408E4020024BE
:1023F0003EB5E7F7B9F805460020F5F721F8029059
:102400000520F5F71DF801900D480023009028469F
:10241000DDE90112F8F7E6FC044621462846E7F715
:1024200067F9FFF755FFFFF79FFF0020F0F760FB0C
:102430000449086004480068E7F72FF93EBD000032
:1024400080340508E0020024E402002402461088DB
:102450000B88C01A70472DE9F14F86B0ECF74CFF9E
:102460008346BBF1000F02D107B0BDE8F08F06989C
:10247000EAF753FE06460698EAF7B0FE8046444661
:102480005020005DC0F3400000B9EDE75846ECF77E
:1024900088FF022804D05846ECF783FF042800D1B7
:1024A000E2E704A9606AF1F74BF803A95846ECF794
:1024B0003DFF02A95846ECF77BFFBDF90C00002850
:1024C00003DBBDF90E00002800DACDE7BDF80C00F3
:1024D000BDF81010401A00B2ADF80400BDF80E00AF
:1024E000BDF81210401A00B2ADF80600606AF2F7AB
:1024F00018FE8246656ABDF90400002803DA002749
:102500004FF0010913E0BDF90400504504DB47F624
:10251000FF774FF001090AE001A9606AEDF7EAFBD5
:1025200087B201A9606AEDF779FE80F0010994F89D
:102530005C00C0F3400010B394F85C0000F00100B0
:10254000A8B9B9F1000F12D1012E10D167654FF66D
:10255000FF70A06594F85C0020F00100401C84F836
:102560005C004FF440714046F0F7FCF916E094F837
:102570005C0000F0010018B1022E01D1A7650DE04A
:1025800094F85C0000F0010040B1032E01D0082E49
:1025900004D14FF440714046EFF7C8FC94F85C005A
:1025A00000F0010008B9012E03D139464046F8F782
:1025B0006DFA94F85C0000F00100E8B3D4E915016D
:1025C00088420FD9E86BA16D884203D1286C616DF8
:1025D00088422AD0A06DE863606D28644046F3F716
:1025E0009AF922E0D4E9150188420FD2E86B616DB7
:1025F000884203D1286CA16D884216D0606DE863D3
:10260000A06D28644046F3F786F90EE04FF6FF719F
:10261000E86B884202D1286C884206D04FF6FF70E2
:10262000E86328644046F3F776F9032E01D0082EBC
:1026300007D194F85C0000E003E020F0010084F88A
:102640005C0000BF10E701460A69D1E901309860DB
:10265000D1E9010358605068884201D18868506010
:10266000002008611068401E10601068704700006C
:10267000034B0360034B0B604FF4806313607047A0
:102680004CE10024A8E10024034B0360034B0B60E2
:102690004FF4006313607047A8F1002404F2002493
:1026A00010B50120F8F746FC084800681421B0FB7B
:1026B000F1F201FB120010B9002004490860034840
:1026C0000068401C0149086010BD000000000024A3
:1026D00000F1080141604FF0FF31816000F1080115
:1026E000C1600161002101607047002101617047F4
:1026F00010B502460B685C1C0CB9106907E002F1CA
:10270000080000E04068446824689C42FAD94468A4
:102710004C604C68A160886041600A611468641C68
:10272000146010BD42684A6093688B60936859607A
:102730009160086103685B1C0360704700BF502014
:1027400080F31188BFF34F8FBFF36F8F00BF0E4828
:102750000068401C0C49086008460068012812D136
:102760000A480068C0B208B9012000E0002050B952
:1027700000BF502080F31188BFF34F8FBFF36F8FDE
:1027800000BF00BFFEE770477803002404ED00E0BF
:102790000D48006850B900BF502080F31188BFF386
:1027A0004F8FBFF36F8F00BF00BFFEE70648006882
:1027B000401E054908600846006820B9002080F3E3
:1027C000118800BF00BF70477803002470B506462B
:1027D0003546002E44D0083D2C46224960680968E1
:1027E000084008B1012000E0002050B900BF50208F
:1027F00080F31188BFF34F8FBFF36F8F00BF00BF0F
:10280000FEE7206808B9012000E0002050B900BFB1
:10281000502080F31188BFF34F8FBFF36F8F00BF3D
:1028200000BFFEE70F49606809680840C0B1206832
:10283000B0B90C49606809688843606000F07CF9B1
:102840000949606809680844074908602046FAF7A2
:10285000D9FC06480068401C0449086001F058F89B
:1028600070BD00007403002464030024700300247E
:1028700000204FF0E02108618861064800684FF4AD
:102880007A71B0FBF1F0401E4FF0E0214861072063
:10289000086170479800002470B5BDF71FFE04461C
:1028A000102C16D304F1E02090F8F053154800786E
:1028B000854201DB012000E0002050B900BF50201C
:1028C00080F31188BFF34F8FBFF36F8F00BF00BF3E
:1028D000FEE70D48006800F4E0600C490968884292
:1028E00001D8012000E0002050B900BF502080F343
:1028F0001188BFF34F8FBFF36F8F00BF00BFFEE79C
:1029000070BD00007C0300240CED00E08003002477
:10291000024600200BE0084B53F8303033B9064B29
:1029200043F8301003EBC0035A6002E0401C082853
:10293000F1D300BF70470000301300242DE9F041AF
:1029400005460E4617462C46FFF7F8FE94F944005C
:10295000401C10B9002084F8440094F94500401C44
:1029600010B9002084F84500FFF712FFA06B28B9CA
:102970003A46314604F1240000F062F82046FAF7A6
:1029800092FEBDE8F081000070B504460025D4B188
:102990001248006808B9012000E0002050B900BFCB
:1029A000502080F31188BFF34F8FBFF36F8F00BFAC
:1029B00000BFFEE700F0C0F800212046FAF7A0F9BA
:1029C00000F0A6FF05463DB94FF08050044908606D
:1029D000BFF34F8FBFF36F8F70BD00004003002423
:1029E00004ED00E00349096801600349096841609A
:1029F00070470000300300241C030024012001491B
:102A0000086070472C03002470B504460D4654B985
:102A100000BF502080F31188BFF34F8FBFF36F8F3B
:102A200000BF00BFFEE70548016818312046FFF7E8
:102A30005FFE01212846FAF763F970BD0803002400
:102A400070B505460E46144655B900BF502080F3B8
:102A50001188BFF34F8FBFF36F8F00BF00BFFEE73A
:102A60000648016818312846FFF75CFE0CB14FF0AC
:102A7000FF3621463046FAF743F970BD08030024BB
:102A800010B586B000200590049003AA04A905A8FB
:102A9000FFF7EEFD0022DDE904101346CDE9002129
:102AA00002901EA11F48039A00F076FD1E4908609F
:102AB0000846006808B1012400E00024012C02D17E
:102AC00000F0A8FF0446012C15D100BF502080F370
:102AD0001188BFF34F8FBFF36F8F00BF4FF0FF30F0
:102AE000124908600120124908600020114908605D
:102AF00000F04AF910E0601C08B1012000E000205D
:102B000050B900BF502080F31188BFF34F8FBFF33F
:102B10006F8F00BF00BFFEE706B010BD49444C45B3
:102B2000000000008DD003083C030024380300247B
:102B3000240300241C03002402480068401C0149AF
:102B400008607047400300241E48006818B1012047
:102B50001D49086034E000201B4908601B480168DB
:102B60000CE051B900BF502080F31188BFF34F8FA4
:102B7000BFF36F8F00BF00BFFEE7491E01EB81006E
:102B8000134A52F8200008B9012000E00020002874
:102B9000E7D101EB81020E4B03EB820042685268E1
:102BA000426000F108024368934202D142685268D1
:102BB00042604268D268074B1A600448016000BF57
:102BC00070470000400300242C030024200300244D
:102BD00070130024080300242DE9F041054628461F
:102BE000EAF7FCFA06463046F0F750FD074638464D
:102BF000E4F71AFF044601213046F0F7E2FB804675
:102C000094F90200401E054951F82030228804A1A1
:102C10004046EDF7E5FFBDE8F08100006C010024BF
:102C200025642025730000002DE9F047054628465D
:102C3000EAF7D4FA06463046F0F728FD074638464C
:102C4000E4F7F2FE044600213046F0F7BAFB804676
:102C5000208840F2E772101A81B24046EAF723FA60
:102C600001213046F0F7ADFB814694F90200401E89
:102C700081B24846EAF717FABDE8F0872DE9F84334
:102C8000814600BF00BF4C46B4F92E0010F5004F3E
:102C900001D1BDE8F883A08D07B2A08D618D884277
:102CA00003DAA08D00F5B47007B294F83400C0F3D5
:102CB000410000284FD0012802D002285CD139E021
:102CC000618DC81900EBD07149100EB2B4F9301003
:102CD000B4F93220881800EBD07149100FFA81F84E
:102CE000B4F92E00404512DA0096638DB4F9301025
:102CF000B4F92E004246EEF735FA05B2A9B24846BD
:102D0000E3F709FCB1B24846E3F7B4FB11E00097E2
:102D1000B4F93220B4F92E0033464146EEF722FAD8
:102D200005B2B1B24846E3F7F6FBA9B24846E3F76D
:102D3000A1FB24E00097638DB4F93220B4F9301080
:102D4000B4F92E00EEF70EFA05B2A28DA9B24846EC
:102D5000E3F7F4FA13E00097638DB4F93220B4F985
:102D60003010B4F92E00EEF7FDF905B2AAB2618D6C
:102D70004846E3F7E3FA02E000BF00BF89E700BF7F
:102D8000A58700BF85E700001CB55248006852497E
:102D9000884201D0012000E0002050B900BF50203F
:102DA00080F31188BFF34F8FBFF36F8F00BF00BF59
:102DB000FEE7484800684849491E884201D0012082
:102DC00000E0002050B900BF502080F31188BFF30D
:102DD0004F8FBFF36F8F00BF00BFFEE73F4908462C
:102DE00000780190FF200A46107008460078009095
:102DF0009DF8000000F0F0009DF80020904201D105
:102E0000012000E0002050B900BF502080F311885D
:102E1000BFF34F8FBFF36F8F00BF00BFFEE79DF87A
:102E2000000000F050002E4A107007202D4A10605C
:102E300009E02C480068401E2A4A10609DF80000F6
:102E40004006000E00909DF8000000F080008028F1
:102E5000EFD024480068C0F10700042801D1012008
:102E600000E0002050B900BF502080F31188BFF36C
:102E70004F8FBFF36F8F00BF00BFFEE71948006898
:102E80000002184A10601046008800F4E0601060EC
:102E9000124A019810700F482030006840F470000A
:102EA0000C49203108600846006840F07040086016
:102EB000FFF7DEFC00200C490860BDF7D7FA0B488D
:102EC000006840F0404009490860BDF7BBFA0020A7
:102ED0001CBD000000ED00E071C20F4100E400E005
:102EE0007C030024800300247803002434EF00E0F6
:102EF00010B500BF502080F31188BFF34F8FBFF390
:102F00006F8F00BF00F0BCFB18B14FF08050044938
:102F1000086000BF002080F3118800BF10BD0000D2
:102F200004ED00E02DE9F84380460E4617461D46A5
:102F3000DDF82090B8F1000F01D0012000E0002062
:102F400050B900BF502080F31188BFF34F8FBFF3FB
:102F50006F8F00BF00BFFEE70DB1012000E0002031
:102F600050B900BF502080F31188BFF34F8FBFF3DB
:102F70006F8F00BF00BFFEE707B10EB1012000E078
:102F8000002050B900BF502080F31188BFF34F8F4D
:102F9000BFF36F8F00BF00BFFEE707B90EB9012076
:102FA00000E0002050B900BF502080F31188BFF32B
:102FB0004F8FBFF36F8F00BF00BFFEE75020009020
:102FC0000098502801D1012000E0002050B900BF36
:102FD000502080F31188BFF34F8FBFF36F8F00BF76
:102FE00000BFFEE700BF2C464CB1012084F846002C
:102FF0004B463A46314640460094FAF75BF8204685
:10300000BDE8F88370B505460E462C4654B900BF9E
:10301000502080F31188BFF34F8FBFF36F8F00BF35
:1030200000BFFEE7FFF78AFBD4E90F12206801FB1F
:103030000200A0600020A06320686060E06B401E7A
:10304000226C216800FB0211E160FF2084F844003B
:1030500084F845009EB9206908B9012000E00020ED
:10306000A8B904F1100000F007FC80B14FF08050C7
:1030700009490860BFF34F8FBFF36F8F07E004F17A
:103080001000FFF725FB04F12400FFF721FBFFF7F9
:103090007FFB012070BD000004ED00E02DE9FF433F
:1030A00083B0064688461D464FF00009344654B9A1
:1030B00000BF502080F31188BFF34F8FBFF36F8F95
:1030C00000BF00BFFEE7B8F1000F01D1206C08B9C6
:1030D000012000E0002050B900BF502080F311888B
:1030E000BFF34F8FBFF36F8F00BF00BFFEE7022D0E
:1030F00002D1E06B012801D1012000E0002050B98D
:1031000000BF502080F31188BFF34F8FBFF36F8F44
:1031100000BF00BFFEE700F09DFA08B9059808B9A6
:10312000012000E0002050B900BF502080F311883A
:10313000BFF34F8FBFF36F8F00BF00BFFEE700BF2D
:10314000FFF7FCFAA06BE16B884201D3022D28D176
:103150002A4641462046F9F7E0FE0746606A08B96C
:10316000012000E0002068B904F1240000F084FB95
:1031700088B14FF0805032490860BFF34F8FBFF3E2
:103180006F8F08E03FB14FF080502D490860BFF3CA
:103190004F8FBFF36F8FFFF7FBFA012007B0BDE839
:1031A000F083059818B9FFF7F3FA0020F6E7B9F1B4
:1031B000000F04D101A8FFF715FC4FF00109FFF73C
:1031C000E7FAFFF7B9FCFFF7B9FA94F94400401C9D
:1031D00010B9002084F8440094F94500401C10B94F
:1031E000002084F84500FFF7D3FA05A901A800F0F4
:1031F0005BF9F0B92046FAF772F8A0B104F11000BB
:103200000599FFF701FC2046FAF74DFA00F080FB24
:10321000002895D14FF0805009490860BFF34F8FC7
:10322000BFF36F8F8CE72046FAF73DFA00F070FB92
:1032300086E72046FAF737FA00F06AFB0020ADE790
:1032400004ED00E02DE9F84F07468A4690461E46F9
:103250003C4654B900BF502080F31188BFF34F8F14
:10326000BFF36F8F00BF00BFFEE7BAF1000F01D1BF
:10327000206C08B9012000E0002050B900BF5020A8
:1032800080F31188BFF34F8FBFF36F8F00BF00BF74
:10329000FEE7022E02D1E06B012801D1012000E0FF
:1032A000002050B900BF502080F31188BFF34F8F2A
:1032B000BFF36F8F00BF00BFFEE7FFF7EDFA00BF5F
:1032C0005021EFF3118081F31188BFF34F8FBFF3CB
:1032D0006F8F00BF0546A06BE16B884201D3022EC1
:1032E00025D194F945B0A06B009032465146204656
:1032F000F9F713FE0BF1010088B9606A08B90120E3
:1033000000E0002050B904F1240000F0B5FA28B123
:10331000B8F1000F02D00120C8F8000004E00BF162
:10332000010040B284F845004FF0010901E04FF080
:10333000000900BF85F3118800BF4846BDE8F88F3B
:103340002DE9F74183B005460E464FF000082C46A4
:1033500054B900BF502080F31188BFF34F8FBFF3E3
:103360006F8F00BF00BFFEE70EB9206C08B90120C7
:1033700000E0002050B900BF502080F31188BFF357
:103380004F8FBFF36F8F00BF00BFFEE700F062F901
:1033900008B9059808B9012000E0002050B900BF25
:1033A000502080F31188BFF34F8FBFF36F8F00BFA2
:1033B00000BFFEE700BFFFF7C1F9A76BF7B13146C9
:1033C0002046F9F795FD781EA063206908B9012011
:1033D00000E0002060B904F1100000F04DFA38B1AF
:1033E0004FF080502F490860BFF34F8FBFF36F8FAE
:1033F000FFF7CEF9012006B0BDE8F081059818B9B5
:10340000FFF7C6F90020F6E7B8F1000F04D101A8D4
:10341000FFF7E8FA4FF00108FFF7BAF9FFF78CFB66
:10342000FFF78CF994F94400401C10B9002084F88F
:10343000440094F94500401C10B9002084F8450070
:10344000FFF7A6F905A901A800F02EF8F0B920466B
:10345000F9F738FFA0B104F124000599FFF7D4FA79
:103460002046FAF720F900F053FA0028A3D14FF0D4
:1034700080500C490860BFF34F8FBFF36F8F9AE7FE
:103480002046FAF710F900F043FA94E72046FAF7DD
:103490000AF900F03DFA2046F9F714FF00288AD017
:1034A0000020A8E704ED00E070B505460C4655B9CC
:1034B00000BF502080F31188BFF34F8FBFF36F8F91
:1034C00000BF00BFFEE754B900BF502080F3118851
:1034D000BFF34F8FBFF36F8F00BF00BFFEE7FFF753
:1034E0002DF9124802686868131A2068401C08B950
:1034F000002617E00E4928680968884204D06868E9
:10350000904201D801260DE02068984207D9206832
:10351000C01A20602846FFF765FA002602E0002066
:1035200020600126FFF734F9304670BD1C030024EB
:10353000300300242DE9FF4F85B0804689461746A9
:10354000DDE912ABB800FAF7EDF8064656B15C209B
:10355000FAF7E8F804460CB1266304E03046FFF7BA
:1035600035F900E000248CB1002084F85900CDE941
:1035700000ABCDE902403A4649464046089BF9F780
:10358000AEFD2046F9F7FAFB012501E04FF0FF35CB
:10359000284609B0BDE8F08F2DE9F04F85B0074609
:1035A000884691469A46DDE90EB6109C0EB1012080
:1035B00000E0002050B900BF502080F31188BFF315
:1035C0004F8FBFF36F8F00BF00BFFEE70CB101202C
:1035D00000E0002050B900BF502080F31188BFF3F5
:1035E0004F8FBFF36F8F00BF00BFFEE75C200390DB
:1035F00003985C2801D1012000E0002050B900BFF1
:10360000502080F31188BFF34F8FBFF36F8F00BF3F
:1036100000BFFEE700BFB4B1AEB125462C462E6315
:10362000022085F85900002004A953464A46CDE9F6
:1036300000B1CDE9025041463846F9F750FD284621
:10364000F9F79CFB01E000200490049805B0BDE868
:10365000F08F00000549096809B9012005E0044917
:10366000096809B9022000E0002070472403002403
:103670004003002401490868704700001C0300242F
:103680002DE9F0414FF000084748006800287DD13F
:1036900046480068451C4548056015BB444800681D
:1036A000006808B9012000E0002050B900BF502098
:1036B00080F31188BFF34F8FBFF36F8F00BF00BF40
:1036C000FEE73B4807683B480068394908603948CD
:1036D000076039480068401C37490860F9F734FF33
:1036E00000BF3648006885423BD300BF30480068C1
:1036F000006808B9012000E0002020B14FF0FF3041
:103700002E4908602CE02A480068C068C4686668D2
:10371000B54202D22948066022E0201DFEF793FF41
:10372000A06A18B104F11800FEF78DFF2449E06A81
:103730000968884202D92249E06A0860E16A01EB1F
:103740008101204A02EB8100211DFEF7EBFF1E499B
:10375000E06A0968C96A8842C8D34FF00108C5E722
:1037600000BF19480068C06A00EB8000154951F895
:103770002000012801D94FF001081448006808B959
:10378000FEF78EFF1248006818B100E002E04FF02B
:10379000010806E00D480068401C0C490860FEF76F
:1037A0007FFF4046BDE8F081400300241C03002455
:1037B0000C030024100300243003002438030024E9
:1037C000200300247013002408030024280300248D
:1037D0002C03002470B505462C460026002D43D04E
:1037E00022480068844201D1012000E0002050B945
:1037F00000BF502080F31188BFF34F8FBFF36F8F4E
:1038000000BF00BFFEE7206D50B900BF502080F31D
:103810001188BFF34F8FBFF36F8F00BF00BFFEE76C
:10382000206D401E2065E16CE06A88421CD0206D4E
:10383000D0B9201DFEF707FFE06CE062E06AC0F13E
:103840003800A0610A49E06A0968884202D908493B
:10385000E06A0860E16A01EB8101064A02EB81003F
:10386000211DFEF75FFF0126304670BD08030024CE
:10387000200300247013002470B50646F068C46865
:1038800054B900BF502080F31188BFF34F8FBFF3AE
:103890006F8F00BF00BFFEE704F11800FEF7D3FEF4
:1038A00015480068A0B9201DFEF7CDFE1349E06A57
:1038B0000968884202D91149E06A0860E16A01EBAF
:1038C00081010F4A02EB8100211DFEF72BFF04E06E
:1038D00004F118010B48FEF725FF0B49E06A09685F
:1038E000C96A884204D9012501200849086000E01E
:1038F0000025284670BD000040030024200300245A
:1039000070130024F8170024080300242C0300245B
:1039100070B5002400263648006850B900BF50201A
:1039200080F31188BFF34F8FBFF36F8F00BF00BFCD
:10393000FEE7FEF703FF2E480068401E2C49086092
:103940000846006800284ED12A48006800284AD05E
:1039500023E02948C068C46804F11800FEF773FE2C
:10396000201DFEF770FE2549E06A0968884202D9E9
:103970002249E06A0860E16A01EB8101204A02EB1A
:103980008100211DFEF7CEFE1E49E06A0968C96A62
:10399000884202D301201C4908601748006808B912
:1039A000012000E000200028D3D00CB1F9F7CCFDB5
:1039B0001648056865B100BFFFF762FE10B101202F
:1039C000114908606D1E002DF6D100200F490860D6
:1039D0000D48006838B1012630070D490860BFF373
:1039E0004F8FBFF36F8FFEF7D3FE304670BD0000E0
:1039F0004003002418030024F817002420030024A7
:103A000070130024080300242C030024280300243E
:103A100004ED00E010B586B00024F9F70BFA164863
:103A20000068D0B100200590049003AA04A905A85D
:103A3000FEF72AFE3722DDE904100023CDE900213C
:103A400002900EA10F48039AFFF7A6FD0E490860E9
:103A50000846006800B1012400BF54B900BF5020DF
:103A600080F31188BFF34F8FBFF36F8F00BF00BF8C
:103A7000FEE7204606B010BD4C030024546D7220B2
:103A8000537663008DD60308500300242DE9FF47C9
:103A900004460D4616461F46DDF830804FF00009FB
:103AA00054B900BF502080F31188BFF34F8FBFF38C
:103AB0006F8F00BF00BFFEE71448006810B3009589
:103AC00001960294062D15DAFFF7C4FD022808D1ED
:103AD0000023424669460D480068FFF7DFFA814639
:103AE00010E000231A46694608480068FFF7D6FA36
:103AF000814607E000233A46694604480068FFF71C
:103B0000A1FB8146484604B0BDE8F0874C03002481
:103B10002DE9F84304462046E9F760FB07462046B6
:103B2000E9F75FFB80463846E9F72CF80546404642
:103B3000E3F77AFF06463068009040F2E770401BDA
:103B400080B2ADF800009DF90220BDF8001040469B
:103B5000E3F772FFBDE8F88310B500290AD00878B2
:103B6000002807D005487844BCF7AEFF002801D0F4
:103B7000002010BD0248784410BD00007E1A0100EC
:103B8000761A010010B500290AD00878002807D05D
:103B900005487844BCF798FF002801D0002010BDEC
:103BA0000248784410BD00006E1A0100661A010038
:103BB00002494FF0000000F00FB800BF0000F87F8E
:103BC0004FF04070E1EE100A70474FF00000704770
:103BD000BDF742B9BDF7A8BC0CF00F03092B08BF15
:103BE000082000F05F800A2B0BD0082B18BF70470D
:103BF00008BF1CF0400F0AD04FF000004FF000014A
:103C000070471CF0400F18BF4FF0004070471CF089
:103C1000100F08D020F0704300F07F4242EAD30139
:103C20004FEA4370704700F0604021F07F4242EA63
:103C3000000201F07F4040EA727070474FF0FF0CC5
:103C40004CF4E06C1CEA11531CBF9CEA030C944535
:103C5000C2BFDA4201EB02517047002B0DD0BCF11C
:103C6000000F0FD0002A01F00041A4BF41F0E04155
:103C700041F07F614FF00000704701F000414FF0CC
:103C80000000704750EA01334FF09B0C18BF4CF016
:103C9000806C7FF48DAF7047BEF78CB8BEF7EAB981
:103CA000BEF778BB1CF4801F11D01CF4E02F03D0AA
:103CB0006FEACC31490070474FF04050EFF300827B
:103CC00022F0704242EA000282F3008870474FF00F
:103CD00000007047C8500508000000000000000008
:103CE000000000000000000000500000280000005C
:103CF0000000000000000000B450050800000000B3
:103D000000000000000000000000000000040000AF
:103D1000280000000000000000000000E05005083E
:103D20000000000000000000000000000000000093
:103D30000002000028000000000000000000000059
:103D4000D450050800000000000000000000000042
:103D50000000000000020000180000000000000049
:103D6000000000000000000000002000FE0322020E
:103D70002202FE032000200000000000D6D0000038
:103D80000000000000000000000000000000000033
:103D9000000000000000000000006000FF070401B8
:103DA000880050007800870700000000CEC40000A3
:103DB0000000000000000000000000000000000003
:103DC000000000000000000000006000FE07F80195
:103DD000C000FE072000380000000000D7D6000019
:103DE00000000000000000000000000000000000D3
:103DF000000000000000000088008400F407C601F5
:103E0000A6019402EC05840000000000CCE500004F
:103E100000000000000000000000000000000000A2
:103E20000000000000000000000000000000000092
:103E30000000000000000000000000000000000082
:103E40000000000000000000000000000000000072
:103E50000000000000000000000000000000000062
:103E60000000000000000000000000000000000052
:103E70000000000000000000000000000000000042
:103E80000000000000000000000000000000000032
:103E90000000000000000000000000000000000022
:103EA0000000000000000000000000000000000012
:103EB0000000000000000000000000000000000002
:103EC00000000000000000000000000000000000F2
:103ED00000000000000000000000000000000000E2
:103EE00000000000000000000000000000000000D2
:103EF00000000000000000000000000000000000C2
:103F000000000000000000000000000000000000B1
:103F100000000000000000000000000000000000A1
:103F20000000000000000000000000000000000091
:103F30000000000000000000000000000000000081
:103F40000000000000000000000000000000000071
:103F50000000000000000000000000000000000061
:103F60000000000000000000000000000000000051
:103F70000000000000000000000000000000000041
:103F80000000000000000000000000000000000031
:103F90000000000000000000000000000000000021
:103FA0000000000000000000000000000000000011
:103FB0000000000000000000000000000000000001
:103FC00000000000000000000000000000000000F1
:103FD00000000000000000000000000000000000E1
:103FE00000000000000000000000000000000000D1
:103FF00000000000000000000000000000000000C1
:1040000000000000000000000000000000000000B0
:1040100000000000000000000000000000000000A0
:104020000000000000000000000000000000000090
:104030000000000000000000000000000000000080
:104040000000000000000000000000000000000070
:104050000000000000000000000000000000000060
:104060000000000000000000000000000000000050
:104070000000000000000000000000000000000040
:104080000000000000000000000000000000000030
:104090000000000000000000000000000000000020
:1040A0000000000000000000000000000000000010
:1040B0000000000000000000000000000000000000
:1040C00000000000000000000000000000000000F0
:1040D00000000000000000000000000000000000E0
:1040E00000000000000000000000000000000000D0
:1040F00000000000000000000000000000000000C0
:1041000000000000000000000000000000000000AF
:10411000000000000000000000000000000000009F
:10412000000000000000000000000000000000008F
:10413000000000000000000000000000000000007F
:10414000000000000000000000000000000000006F
:10415000000000000000000000000000000000005F
:10416000000000000000000000000000000000004F
:10417000000000000000000000000000000000003F
:10418000000000000000000000000000000000002F
:10419000000000000000000000000000000000001F
:1041A000000000000000000000000000000000000F
:1041B00000000000000000000000000000000000FF
:1041C00000000000000000000000000000000000EF
:1041D00000000000000000000000000000000000DF
:1041E00000000000000000000000000000000000CF
:1041F00000000000000000000000000000000000BF
:1042000000000000000000000000000000000000AE
:10421000000000000000000000000000400040001E
:10422000FE1F42104210FE1F4210400040000000DE
:1042300000000000D6D000000000000000000000D8
:10424000000000000000000000000000000000006E
:104250000000000000000000000040008000FF3F60
:104260000804080410022001C000380707380000C5
:1042700000000000CEC400000000000000000000AC
:10428000000000000000000000000000000000002E
:104290000000000000000000000040008000FE1F41
:1042A0000210F8070003FF1F80008000F0000000EC
:1042B00000000000D7D60000000000000000000051
:1042C00000000000000000000000000000000000EE
:1042D00000000000000000000000000008010C01C8
:1042E000F41F8603470365053409CC170401000059
:1042F00000000000CCE5000000000000000000000D
:1043000000000000000000000000000000000000AD
:10431000000000000000000000000000000000009D
:10432000000018000000000000001800000000005D
:1043300000000000A3BA0000000000000000000020
:10434000000000000000000000000000000000006D
:10435000000000000000000000000000000000005D
:10436000000000000000000000000000000000004D
:10437000000000000000000000000000000000003D
:10438000000000000000000000000000000000002D
:10439000000000000000000000000000000000001D
:1043A000000000000000000000000000000000000D
:1043B00000000000000000000000000000000000FD
:1043C00000000000000000000000000000000000ED
:1043D00000000000000000000000000000000000DD
:1043E00000000000000000000000000000000000CD
:1043F00000000000000000000000000000000000BD
:1044000000000000000000000000000000000000AC
:10441000000000000000000000000000000000009C
:10442000000000000000000000000000000000008C
:10443000000000000000000000000000000000007C
:10444000000000000000000000000000000000006C
:10445000000000000000000000000000000000005C
:10446000000000000000000000000000000000004C
:10447000000000000000000000000000000000003C
:10448000000000000000000000000000000000002C
:10449000000000000000000000000000000000001C
:1044A000000000000000000000000000000000000C
:1044B00000000000000000000000000000000000FC
:1044C00000000000000000000000000000000000EC
:1044D00000000000000000000000000000000000DC
:1044E00000000000000000000000000000000000CC
:1044F00000000000000000000000000000000000BC
:1045000000000000000000000000000000000000AB
:10451000000000000000000000000000000000009B
:10452000000000000000000000000000000000008B
:10453000000000000000000000000000000000007B
:10454000000000000000000000000000000000006B
:10455000000000000000000000000000000000005B
:10456000000000000000000000000000000000004B
:10457000000000000000000000000000000000003B
:10458000000000000000000000000000000000002B
:10459000000000000000000000000000000000001B
:1045A000000000000000000000000000000000000B
:1045B00000000000000000000000000000000000FB
:1045C00000000000000000000000000000000000EB
:1045D00000000000000000000000000000000000DB
:1045E00000000000000000000000000000000000CB
:1045F00000000000000000000000000000000000BB
:1046000000000000000000000000000000000000AA
:10461000000000000000000000000000000000009A
:10462000000000000000000000000000000000008A
:10463000000000000000000000000000000000007A
:10464000000000000000000000000000000000006A
:10465000000000000000000000000000000000005A
:10466000000000000000000000000000000000004A
:10467000000000000000000000000000000000003A
:10468000000000000000000000000000000000002A
:10469000000000000000000000000000000000001A
:1046A000000000000000000000000000000000000A
:1046B00000000000000000000000000000000000FA
:1046C00000000000000000000000000000000000EA
:1046D00000000000000000000000000000000000DA
:1046E00000000000000000000000000000000000CA
:1046F00000000000000000000000000000000000BA
:1047000000000000000000000000000000000000A9
:104710000000000000000000000000000000000099
:104720000000000000000000000000000000000089
:104730000000000000000000000000000000000079
:104740000000000000000000000000000000000069
:104750000000000000000000000000000000000059
:104760000000000000000000000000000000000049
:104770000000000000000000000000000000000039
:104780000000000000000000000000000000000029
:104790000000000000000000000000000000000019
:1047A0000000000000000000000000000000000009
:1047B00000000000000000000000000000000000F9
:1047C00000000000000000000000000000000000E9
:1047D00000000000000000000000000000000000D9
:1047E00000000000000000000000000000000000C9
:1047F00000000000000000000000000000000000B9
:1048000000000000000000000000000000000000A8
:104810000000000000000000000000000000000098
:104820000000000000000000000000000000000088
:104830000000000000000000000000000000000078
:104840000000000000000000000000000000000068
:104850000000000000000000000000000000000058
:10486000000000000200000200FCFF01040201043D
:104870000201040201040201FCFF01040201000222
:104880000000020000020000000000000000000024
:10489000D6D0000000000000000000000000000072
:1048A0000000000000000000000000000000000008
:1048B00000000000000000000000000000000000F8
:1048C00000000000000000000000000000000000E8
:1048D00000000000000000000000000003000004D1
:1048E00000FFFF0710400010400020200040100093
:1048F000800C00000700800D0078F0000700070022
:104900000000000000000000CEC400000000000015
:104910000000000000000000000000000000000097
:104920000000000000000000000000000000000087
:104930000000000000000000000000000000000077
:104940000000000000000000000000000000000067
:10495000000000000300000600FEFF03020002F852
:104960007F00003000000C00FFFF07000200000283
:1049700000000200E0030000000000000000000052
:10498000D7D600000000000000000000000000007A
:104990000000000000000000000000000000000017
:1049A0000000000000000000000000000000000007
:1049B00000000000000000000000000000000000F7
:1049C00000000000000000000000002008001008A7
:1049D00000F0FF03081C000C2A000E2A000A490000
:1049E00088C900C8FF0168080338080608080000E5
:1049F0000000000000000000CCE500000000000006
:104A000000000000000000000000000000000000A6
:104A10000000000000000000000000000000000096
:104A20000000000000000000000000000000000086
:104A30000000000000000000000000000000000076
:104A40000000000000000000000000000000000066
:104A50000000000000000000000000000000000056
:104A60000000000000000000000000000000000046
:104A70000000000000000000000000000000000036
:104A80000000000000000000000000000000000026
:104A90000000000000000000000000000000000016
:104AA0000000000000000000000000000000000006
:104AB00000000000000000000000000000000000F6
:104AC00000000000000000000000000000000000E6
:104AD00000000000000000000000000000000000D6
:104AE00000000000000000000000000000000000C6
:104AF00000000000000000000000000000000000B6
:104B000000000000000000000000000000000000A5
:104B10000000000000000000000000000000000095
:104B20000000000000000000000000000000000085
:104B30000000000000000000000000000000000075
:104B40000000000000000000000000000000000065
:104B50000000000000000000000000000000000055
:104B60000000000000000000000000000000000045
:104B70000000000000000000000000000000000035
:104B80000000000000000000000000000000000025
:104B90000000000000000000000000000000000015
:104BA0000000000000000000000000000000000005
:104BB00000000000000000000000000000000000F5
:104BC00000000000000000000000000000000000E5
:104BD00000000000000000000000000000000000D5
:104BE00000000000000000000000000000000000C5
:104BF00000000000000000000000000000000000B5
:104C000000000000000000000000000000000000A4
:104C10000000000000000000000000000000000094
:104C20000000000000000000000000000000000084
:104C30000000000000000000000000000000000074
:104C40000000000000000000000000000000000064
:104C50000000000000000000000000000000000054
:104C60000000000000000000000000000000000044
:104C70000000000000000000000000000000000034
:104C80000000000000000000000000000000000024
:104C90000000000000000000000000000000000014
:104CA0000000000000000000000000000000000004
:104CB00000000000000000000000000000000000F4
:104CC00000000000000000000000000000000000E4
:104CD00000000000000000000000000000000000D4
:104CE00000000000000000000000000000000000C4
:104CF00000000000000000000000000000000000B4
:104D000000000000000000000000000000001C0087
:104D1000003800006000FFFFFF60000C60000CC066
:104D20000006C0000680010300830100C700006C7C
:104D30000000380000EE00C0830778003C0600E069
:104D4000000000000000000000000000CEC40000D1
:104D50000000000000000000000000000000000053
:104D60000000000000000000000000000000000043
:104D70000000000000000000000000000000000033
:104D80000000000000000000000000000000000023
:104D90000000000000000000000000000000000013
:104DA000001800001800001800FEFFFF003C000083
:104DB0007E0000DB00809900C018016018023018E6
:104DC0000C1C18180E1870E2FF470018000018009D
:104DD000001800001800000000000000B1BE000034
:104DE00000000000000000000000000000000000C3
:104DF00000000000000000000000000000000000B3
:104E000000000000000000000000000000000000A2
:104E10000000000000000000000000000000000092
:104E20000000000000000000000000000000000082
:104E3000000000F8FF3F180030180030F8FF3F185E
:104E40000030180030F8FF3F18003004C62008C6B4
:104E50003018C63830C61820C60800C600FEFFFF4E
:104E6000000000000000000000000000CFD400009F
:104E70000000000000000000000000000000000032
:104E80000000000000000000000000000000000022
:104E90000000000000000000000000000000000012
:104EA0000000000000000000000000000000000002
:104EB00000000000000000000000000000000000F2
:104EC000000000FCFF7F0000000000000000000068
:104ED0000000FFFFFF00300020300430300C38307D
:104EE000181830300C30600630C0023080003000BE
:104EF000801F00000000000000000000CABE00008B
:104F000000000000000000000000000000000000A1
:104F10000000000000000000000000000000000091
:104F20000000000000000000000000000000000081
:104F30000000000000000000000000000000000071
:104F40000000000000000000000000000000000061
:104F50000000000000000000000000000000000051
:104F60000000000000000000000000000000000041
:104F700000000000000000E0000060000060000091
:104F8000300000300000000000000000A3AC000072
:104F90000000000000000000000000000000000011
:104FA0000000000000000000000000000000000001
:104FB00000000000000000000000000000000000F1
:104FC00000000000000000000000000000000000E1
:104FD00000000000000000000000000000000000D1
:104FE000000000FFFFFF00000C00000C00000CF8A8
:104FF0003F0C18300C18300C18300C18300C1830CE
:105000000CF83F0C18000C00000C00000C00000C09
:1050100000F007000000000000000000BFC9000011
:105020000000000000000000000000000000000080
:105030000000000000000000000000000000000070
:105040000000000000000000000000000000000060
:105050000000000000000000000000000000000050
:105060000000000000000000000000000000000040
:10507000000000F8FF3F180030180030F8FF3F181C
:105080000030180030F8FF3F18003004C62008C672
:105090003018C63830C61820C60800C600FEFFFF0C
:1050A000000000000000000000000000CFD400005D
:1050B00000000000000000000000000000000000F0
:1050C00000000000000000000000000000000000E0
:1050D00000000000000000000000000000000000D0
:1050E00000000000000000000000000000000000C0
:1050F00000000000000000000000000000000000B0
:10510000000000FCFF7F0000000000000000000025
:105110000000FFFFFF00300020300430300C38303A
:10512000181830300C30600630C00230800030007B
:10513000801F00000000000000000000CABE000048
:10514000000000000000000000000000000000005F
:10515000000000000000000000000000000000004F
:10516000000000000000000000000000000000003F
:10517000000000000000000000000000000000002F
:10518000000000000000000000000000000000001F
:10519000001800001800001800001800FCFF7F0C29
:1051A00018600C18600C18600C18600C1860FCFF7C
:1051B0007F0C18600018000018000018000018008C
:1051C000001800000000000000000000D6D0000021
:1051D00000000000000000000000000000000000CF
:1051E00000000000000000000000000000000000BF
:1051F00000000000000000000000000000000000AF
:10520000000000000000000000000000000000009E
:1052100000000000000000000000000000001C0072
:10522000003800006000FFFFFF60000C60000CC051
:105230000006C0000680010300830100C700006C67
:105240000000380000EE00C0830778003C0600E054
:10525000000000000000000000000000CEC40000BC
:10526000000000000000000000000000000000003E
:10527000000000000000000000000000000000002E
:10528000000000000000000000000000000000001E
:10529000000000000000000000000000000000000E
:1052A00000000000000000000000000000000000FE
:1052B000000000C007007F000060E0FF6060C0FFEA
:1052C0006FC07060C07060C0F861C0F863C06C6689
:1052D000C0666CC06360C06160C060E0FF6060C0B9
:1052E0006060C0000000000000000000BACD0000B7
:1052F00000000000000000000000000000000000AE
:10530000000000000000000000000000000000009D
:10531000000000000000000000000000000000008D
:10532000000000000000000000000000000000007D
:105330000000000000000000000000000000080065
:10534000001800003000FEFFFF0600C00600C0E0AD
:10535000FF0F00000700800100E000003000FFFFA9
:10536000FF003000003000003000003000801F00DF
:10537000000000000000000000000000D7D6000080
:10538000000000000000000000000000000000001D
:10539000000000000000000000000000000000000D
:1053A00000000000000000000000000000000000FD
:1053B00000000000000000000000000000000000ED
:1053C000000000000000000000000000002080013C
:1053D00030C000F8DFFFC8600684710C0239080194
:1053E000100060000C70000CB8FFFF3C000C36048D
:1053F0000C320C0C30180C30100C30000C30000C3F
:1054000030E007000000000000000000B7FB0000D3
:10541000000000000000000000000000000000008C
:10542000000000000000000000000000000000007C
:10543000000000000000000000000000000000006C
:10544000000000000000000000000000000000005C
:10545000000000000000000000000000000000004C
:10546000C0300060E000F0FFFF386000F6FFFF335F
:105470006000F0FFFF306000F0FFFF300000003000
:1054800000003000FEFFFF00FE0180310770303861
:105490000F30C0000000000000000000BCAF0000A2
:1054A00000000000000000000000000000000000FC
:1054B00000000000000000000000000000000000EC
:1054C00000000000000000000000000000000000DC
:1054D00000000000000000000000000000000000CC
:1054E00000000000000000000000000000000000BC
:1054F000000000F8FF7F1830601830601830601826
:105500003060F8FF7F183060183060183060183055
:1055100060F8FF7F1C30600C30600C30600630603B
:1055200002303F000000000000000000D3C3000074
:10553000000000000000000000000000000000006B
:10554000000000000000000000000000000000005B
:10555000000000000000000000000000000000004B
:10556000000000000000000000000000000000003B
:10557000000000000000000000000000000000002B
:10558000000800001800003000F8FF7F18006018C5
:105590000060180060180060F8FF7F1800601800B5
:1055A000001800000C00000C0000060000060000BF
:1055B000030000000000000000000000BBA7000086
:1055C00000000000000000000000000000000000DB
:1055D00000000000000000000000000000000000CB
:1055E00000000000000000000000000000000000BB
:1055F00000000000000000000000000000000000AB
:10560000000000000000000000000000000000009A
:10561000000000FFFFFF00000C00000C00000CF871
:105620003F0C18300C18300C18300C18300C183097
:105630000CF83F0C18000C00000C00000C00000CD3
:1056400000F007000000000000000000BFC90000DB
:10565000000000000000000000000000000000004A
:10566000000000000000000000000000000000003A
:10567000000000000000000000000000000000002A
:10568000000000000000000000000000000000001A
:10569000000000000000000000000000000000000A
:1056A00030000030F87F301860FF1B6030F87F3822
:1056B0001860381860FC1860B6F97F369A01331804
:1056C000C330183330180E30181D30D839307CE014
:1056D0003008C0000000000000000000B8F9000021
:1056E00000000000000000000000000000000000BA
:1056F00000000000000000000000000000000000AA
:105700000000000000000000000000000000000099
:105710000000000000000000000000000000000089
:105720000000000000000000000000000000000079
:1057300030000030FE7F300660FE066030FE7F30B5
:10574000066330060330FEFFB00603780603360614
:105750000330FA7F301B60301B60B01960B0F97FF6
:10576000DE1860000000000000000000BEDD000048
:105770000000000000000000000000000000000029
:105780000000000000000000000000000000000019
:105790000000000000000000000000000000000009
:1057A00000000000000000000000000000000000F9
:1057B00000000000000000000000000000000000E9
:1057C000000000FCFF7F001800FEFFFF0618C0F677
:1057D000DBDF001800F0DB1F000000FFFFFF0018F8
:1057E00000001800FCFF3F0CC6300CC6300CC63061
:1057F0000CC6300C001E000000000000D0E80000C5
:105800000000000000000000000000000000000098
:105810000000000000000000000000000000000088
:105820000000000000000000000000000000000078
:105830000000000000000000000000000000000068
:105840000000000000000000000000000000000058
:1058500000300700301C003000FEFFFF0030000861
:10586000300010306030703060F01840B00C00BC78
:1058700003003307E0300C1830180630600030C0E9
:10588000801F00000000000000000000C7F30000BF
:105890000000000000000000000000000000000008
:1058A00000000000000000000000000000000000F8
:1058B00000000000000000000000000000000000E8
:1058C00000000000000000000000000000000000D8
:1058D00000000000000000000000000000000000C8
:1058E000000030000030FE033000033002FBFF0CEC
:1058F0000130983130B06130E0E030C0C030E0813C
:1059000030B003301803300C023006003003C01FE3
:10591000000000000000000000000000B6D40000FD
:105920000000000000000000000000000000000077
:105930000000000000000000000000000000000067
:105940000000000000000000000000000000000057
:105950000000000000000000000000000000000047
:10596000000000000000000000000000000008002F
:10597000001800003000FEFFFF0600C00600C0E077
:10598000FF0F00000700800100E000003000FFFF73
:10599000FF003000003000003000003000801F00A9
:1059A000000000000000000000000000D7D600004A
:1059B00000000000000000000000000000000000E7
:1059C00000000000000000000000000000000000D7
:1059D00000000000000000000000000000000000C7
:1059E00000000000000000000000000000000000B7
:1059F00000000000000000000000000000000000A7
:105A000000300000E000F8FFFF183000181800D840
:105A1000FFFF18060018860118830198FFFF188001
:105A2000011880010C8001ECFFFF04800106800159
:105A3000038001000000000000000000BFE2000041
:105A40000000000000000000000000000000000056
:105A50000000000000000000000000000000000046
:105A60000000000000000000000000000000000036
:105A70000000000000000000000000000000000026
:105A80000000000000000000000000000000000016
:105A900008180C18180C30180C20FFFF00180C0008
:105AA000180C3E180C30180CB0FFFF30180C3018D2
:105AB0000C301C0C300C0C30060C7C020CCE0000A0
:105AC00004FFFF000000000000000000BDF800001F
:105AD00000000000000000000000000000000000C6
:105AE00000000000000000000000000000000000B6
:105AF00000000000000000000000000000000000A6
:105B00000000000000000000000000000000000095
:105B10000000000000000000000000000000000085
:105B200040000060F8FF300000180000860000C34D
:105B3000000060000030FEFF38000C3C000C360016
:105B40000C33000C30000C30000C30000C30000C1A
:105B500030F007000000000000000000D0D000007E
:105B60000000000000000000000000000000000035
:105B70000000000000000000000000000000000025
:105B80000000000000000000000000000000000015
:105B90000000000000000000000000000000000005
:105BA00000000000000000000000000000000000F5
:105BB00018181818300C18FFFF1883C17F9BD918CC
:105BC000B3C71883C118FFFF18000018FE7F18061E
:105BD00060180660D8FE7F3C066003066000FE7F0A
:105BE000000660000000000000000000D4F6000085
:105BF00000000000000000000000000000000000A5
:105C00000000000000000000000000000000000094
:105C10000000000000000000000000000000000084
:105C20000000000000000000000000000000000074
:105C30000000000000000000000000000000000064
:105C400006000038FE7F20C00000C0000060008316
:105C5000FF7F1E3003101806000E0C806330D860E2
:105C600060186C1B0C66360C63668C63CC06600097
:105C7000063C00000000000000000000CCED000029
:105C80000000000000000000000000000000000014
:105C90000000000000000000000000000000000004
:105CA00000000000000000000000000000000000F4
:105CB00000000000000000000000000000000000E4
:105CC00000000000000000000000000000000000D4
:105CD000000000C007007F000060E0FF6060C0FFC0
:105CE0006FC07060C07060C0F861C0F863C06C665F
:105CF000C0666CC06360C06160C060E0FF6060C08F
:105D00006060C0000000000000000000BACD00008C
:105D10000000000000000000000000000000000083
:105D20000000000000000000000000000000000073
:105D30000000000000000000000000000000000063
:105D40000000000000000000000000000000000053
:105D50000000000000000000000000000000000043
:105D60000000C0FCFCC0CCCCCCCCCCCCCCCCCCCCC3
:105D7000CCCCCCCCCCCCCCCCFFFFCFCCCCCCCCCCFA
:105D8000CCCCCCCCCCCCCCCCCCC0C6C6C0FEC6C057
:105D900003FB7C000000000000000000C9BE000002
:105DA00000000000000000000000000000000000F3
:105DB00000000000000000000000000000000000E3
:105DC00000000000000000000000000000000000D3
:105DD00000000000000000000000000000000000C3
:105DE00000000000000000000000000000000000B3
:105DF0000000160400260C004698FFFF9001068064
:105E0000FD068001C6800166B0F966B8D93698D91A
:105E10003498D91CCCF88CCC188E66009B20C0F12D
:105E200010C0E0000000000000000000BCF5000011
:105E30000000000000000000000000000000000062
:105E40000000000000000000000000000000000052
:105E50000000000000000000000000000000000042
:105E60000000000000000000000000000000000032
:105E70000000000000000000000000000000000022
:105E800060C00070C00030C00030C00098FFFF1834
:105E9000F0031CD0021ED8061BCC0419C60C18C671
:105EA0001898C330D8FCEF78C08018C00018C00024
:105EB00018C000000000000000000000CCE5000059
:105EC00000000000000000000000000000000000D2
:105ED00000000000000000000000000000000000C2
:105EE00000000000000000000000000000000000B2
:105EF00000000000000000000000000000000000A2
:105F00000000000000000000000000000000000091
:105F10000000000000000000000000000000000081
:105F20000000000000000000000000000000000071
:105F30000000000000000000000000000000000061
:105F40000000000000000000000000000000000051
:105F50000000000000000000000000000000000041
:105F60000000000000000000000000000000000031
:105F70000000000000000000000000000000000021
:105F80000000000000000000000000000000000011
:105F90000000000000000000000000000000000001
:105FA00000000000000000000000000000000000F1
:105FB00000000000000000000000000000000000E1
:105FC00000000000000000000000000000000000D1
:105FD00000000000000000000000000000000000C1
:105FE00000000000000000000000000000000000B1
:105FF00000000000000000000000000000000000A1
:106000000000000000000000000000000000000090
:106010000000000000000000000000000000000080
:106020000000000000000000000000000000000070
:106030000000000000000000000000000000000060
:106040000000000000000000000000000000000050
:106050000000000000000000000000000000000040
:106060000000000000000000000000000000000030
:106070000000000000000000000000000000000020
:106080000000000000000000000000000000000010
:106090000000000000000000000000000000000000
:1060A00000000000000000000000000000000000F0
:1060B00000000000000000000000000000000000E0
:1060C00000000000000000000000000000000000D0
:1060D00000000000000000000000000000000000C0
:1060E00000000000000000000000000000000000B0
:1060F00000000000000000000000000000000000A0
:10610000000000000000000000000000000000008F
:10611000000000000000000000000000000000007F
:10612000000000000000000000000000000000006F
:10613000000000000000000000000000000000005F
:10614000000000000000000000000000000000004F
:10615000000000000000000000000000000000003F
:10616000000000000000000000000000000000002F
:10617000000000000000000000000000000000001F
:10618000000000000000000000000000000000000F
:1061900000000000000000000000000000000000FF
:1061A00000000000000000000000000000000000EF
:1061B00000000000000000000000000000000000DF
:1061C00000000000000000000000000000000000CF
:1061D00000000000000000000000000000000000BF
:1061E00000000000000000000000000000000000AF
:1061F000000000000000000000000000000000009F
:10620000000000000000000000000000000000008E
:10621000000000000000000000000000000000007E
:10622000000000000000000000000000000000006E
:10623000000000000000000000000000000000005E
:10624000000000000000000000000000000000004E
:10625000000000000000000000000000000000003E
:10626000000000000000000000000000000000002E
:10627000000000000000000000000000000000001E
:10628000000000000000000000000000000000000E
:1062900000000000000000000000000000000000FE
:1062A00000000000000000000000000000000000EE
:1062B00000000000000000000000000000000000DE
:1062C00000000000000000000000000000000000CE
:1062D00000000000000000000000000000000000BE
:1062E00000000000000000000000000000000000AE
:1062F000000000000000000000000000000000009E
:10630000000000000000000000000000000000008D
:10631000000000000000000000000000000000007D
:10632000000000000000000000000000000000006D
:10633000000000000000000000000000000000005D
:10634000000000000000000000000000000000004D
:10635000000000000000000000000000000000003D
:10636000000000000000000000000000000000002D
:10637000000000000000000000000000000000001D
:10638000000000000000000000000000000000000D
:1063900000000000000000000000000000000000FD
:1063A00000000000000000000000000000000000ED
:1063B00000000000000000000000000000000000DD
:1063C00000000000000000000000000000000000CD
:1063D00000000000000000000000000000000000BD
:1063E00000000000000000000000000000000000AD
:1063F000000000000000000000000000000000009D
:10640000000000000000000000000000000000008C
:10641000000000000000000000000000000000007C
:10642000000000000000000000000000000000006C
:10643000000000000000000000000000000000005C
:10644000000000000000000000000000000000004C
:10645000000000000000000000000000000000003C
:10646000000000000000000000000000000000002C
:10647000000000000000000000000000000000001C
:10648000000000000000000000000000000000000C
:1064900000000000000000000000000000000000FC
:1064A00000000000000000000000000000000000EC
:1064B00000000000000000000000000000000000DC
:1064C00000000000000000000000000000000000CC
:1064D00000000000000000000000000000000000BC
:1064E00000000000000000000000000000000000AC
:1064F000000000000000000000000000000000009C
:10650000000000000000000000000000000000008B
:10651000000000000000000000000000000000007B
:10652000000000000000000000000000000000006B
:10653000000000000000000000000000000000005B
:10654000000000000000000000000000000000004B
:10655000000000000000000000000000000000003B
:10656000000000000000000000000000000000002B
:10657000000000000000000000000000000000001B
:10658000000000000000000000000000000000000B
:1065900000000000000000000000000000000000FB
:1065A00000000000000000000000000000000000EB
:1065B00000000000000000000000000000000000DB
:1065C00000000000000000000000000000000000CB
:1065D00000000000000000000000000000000000BB
:1065E00000000000000000000000000000000000AB
:1065F000000000000000000000000000000000009B
:10660000000000000000000000000000000000008A
:10661000000000000000000000000000000000007A
:10662000000000000000000000000000000000006A
:10663000000000000000000000000000000000005A
:10664000000000000000000000000000000000004A
:10665000000000000000000000000000000000003A
:10666000000000000000000000000000000000002A
:10667000000000000000000000000000000000001A
:10668000000000000000000000000000000000000A
:1066900000000000000000000000000000000000FA
:1066A00000000000000000000000000000000000EA
:1066B00000000000000000000000000000000000DA
:1066C00000000000000000000000000000000000CA
:1066D00000000000000000000000000000000000BA
:1066E00000000000000000000000000000000000AA
:1066F000000000000000000000000000000000009A
:106700000000000000000000000000000000000089
:106710000000000000000000000000000000000079
:106720000000000000000000000000000000000069
:106730000000000000000000000000000000000059
:106740000000000000000000000000000000000049
:106750000000000000000000000000000000000039
:106760000000000000000000000000000000000029
:106770000000000000000000000000000000000019
:106780000000000000000000000000000000000009
:1067900000000000000000000000000000000000F9
:1067A00000000000000000000000000000000000E9
:1067B00000000000000000000000000000000000D9
:1067C00000000000000000000000000000000000C9
:1067D00000000000000000000000000000000000B9
:1067E00000000000000000000000000000000000A9
:1067F0000000000000000000000000000000000099
:106800000000000000000000000000000000000088
:106810000000000000000000000000000000000078
:106820000000000000000000000000000000000068
:106830000000000000000000000000000000000058
:106840000000000000000000000000000000000048
:106850000000000000000000000000000000000038
:106860000000000000000000000000000000000028
:106870000000000000000000000000000000000018
:106880000000000000000000000000000000000008
:1068900000000000000000000000000000000000F8
:1068A00000000000000000000000000000000000E8
:1068B00000000000000000000000000000000000D8
:1068C00000000000000000000000000000000000C8
:1068D00000000000000000000000000000000000B8
:1068E00000000000000000000000000000000000A8
:1068F0000000000000000000000000000000000098
:106900000000000000000000000000000000000087
:106910000000000000000000000000000000000077
:106920000000000000000000000000000000000067
:10693000000000000000000000C0000000C00000D7
:1069400000C00000FCFFFF1FFCFFFF1F0CC0001871
:106950000CC000180CC000180CC00018FCFFFF1F72
:10696000FCFFFF1F0CC000180CC000180CC0001862
:106970000CC00018FCFFFF1FFCFFFF1F0CC00080B5
:106980000CC0008000C0008000C000C000C001C07A
:106990000080FFFF0000FF3F00000000000000003B
:1069A00000000000B5E7000000000000000000004B
:1069B00000000000000000000000000000000000D7
:1069C00000000000000000000000000000000000C7
:1069D00000000000000000000000000000000000B7
:1069E00000000000000000000000000000000000A7
:1069F0000000000000000000000000000000000097
:106A00000000000000000000000000000000000086
:106A10000000000000000000000000000000000076
:106A20000000000000000000000000000000000066
:106A300000000000000000000080000000C0010015
:106A400000800300FCFFFF7FFCFFFF7F0C00006065
:106A50000C183060003EF800800FE007F083031F41
:106A6000FCC0077C18F00C30003C78000007C00127
:106A7000E001001FFCFFFFFFDFFFFF67C60000060D
:106A8000C0000006C0000006C0000006C0FFFF07EF
:106A9000C0FFFF07C000000600000000000000006B
:106AA00000000000C8DD0000000000000000000041
:106AB00000000000000000000000000000000000D6
:106AC00000000000000000000000000000000000C6
:106AD00000000000000000000000000000000000B6
:106AE00000000000000000000000000000000000A6
:106AF0000000000000000000000000000000000096
:106B00000000000000000000000000000000000085
:106B10000000000000000000000000000000000075
:106B20000000000000000000000000000000000065
:106B3000000000000000000080010003C00000030E
:106B4000E03F0003301800031C0C00030E06FCFF9E
:106B5000FEFFFCFF0CC30CC30CC30CC30CC30CC363
:106B60000CC30CC3FCFF0CC30CC30CC30CC3FCFF55
:106B70000CC3FCFFFCFF0C030CC300030CC300237D
:106B80000CC300630CC300C306C300FF06C3FEFFB3
:106B900007FEFE80027E00000000000000000000F2
:106BA00000000000B4A5000000000000000000008C
:106BB00000000000000000000000000000000000D5
:106BC00000000000000000000000000000000000C5
:106BD00000000000000000000000000000000000B5
:106BE00000000000000000000000000000000000A5
:106BF0000000000000000000000000000000000095
:106C00000000000000000000000000000000000084
:106C10000000000000000000000000000000000074
:106C20000000000000000000000000000000000064
:106C30000000000000000000600003036000030388
:106C400060F8FFFF60F8FFFF60000303FE0700002D
:106C5000FEE7FF3F60E0FF3F6060003060E0FF3F25
:106C600060E0FF3FE0670030F86700307EE0FF3F04
:106C700066E0FF3F606030306000300060FCFFFF86
:106C800060FCFFFF60007C006000CE0160E0071F39
:106C90007EFE00FC3E1C00E0000000000000000042
:106CA00000000000C3FE0000000000000000000023
:106CB00000000000000000000000000000000000D4
:106CC00000000000000000000000000000000000C4
:106CD00000000000000000000000000000000000B4
:106CE00000000000000000000000000000000000A4
:106CF0000000000000000000000000000000000094
:106D00000000000000000000000000000000000083
:106D10000000000000000000000000000000000073
:106D20000000000000000000000000000000000063
:106D30000000000000000000000000000C0000C087
:106D40001EFE1FC078FE1FC6F00618C6600618C6D5
:106D500000C618C602C618C60EC618C61CC618C677
:106D600038C618C610C618C600C618C600C618C64B
:106D700010C618C630C618C6186618C6186000C6F1
:106D800018F001C00CB807C00C1E0EC08E0F38C022
:106D9000C60330FEC000007E0000000000000000BE
:106DA00000000000B2E2000000000000000000004F
:106DB00000000000000000000000000000000000D3
:106DC00000000000000000000000000000000000C3
:106DD00000000000000000000000000000000000B3
:106DE00000000000000000000000000000000000A3
:106DF0000000000000000000000000000000000093
:106E00000000000000000000000000000000000082
:106E10000000000000000000000000000000000072
:106E20000000000000000000000000000000000062
:106E300000000000000000000000C0000800C00CBE
:106E40003C00C07C7000C030E000C000C0FCFFFF10
:106E500000FCFFFF0000C0003E00C0003E00C0007C
:106E60003000C00030FCDF0030FC9F013080810129
:106E700030808101308081013084810130878183BD
:106E8000B0870183F0813987F0E03F8678FE07CE36
:106E9000101C00FC0000007000000000000000005A
:106EA00000000000CAD40000000000000000000044
:106EB00000000000000000000000000000000000D2
:106EC00000000000000000000000000000000000C2
:106ED00000000000000000000000000000000000B2
:106EE00000000000000000000000000000000000A2
:106EF0000000000000000000000000000000000092
:106F00000000000000000000000000000000000081
:106F10000000000000000000000000000000000071
:106F20000000000000000000000000000000000061
:106F30000000000000000000000020006000700061
:106F40006000E0006000C00060F0FFFFFFF7FFFF9F
:106F5000FF07180060000C10700003387080011EDD
:106F600070C1FF0FF8F3FF8768EFC1C16C04F0F048
:106F70006600783867001E1C6380070F60E083039B
:106F8000607CE00F6018783C60001F7860E007F0DC
:106F900060F801C0603000800000000000000000C8
:106FA00000000000BACB000000000000000000005C
:106FB00000000000000000000000000000000000D1
:106FC00000000000000000000000000000000000C1
:106FD00000000000000000000000000000000000B1
:106FE00000000000000000000000000000000000A1
:106FF0000000000000000000000000000000000091
:107000000000000000000000000000000000000080
:107010000000000000000000000000000000000070
:107020000000000000000000000000000000000060
:10703000000000000000000000000000000001004F
:10704000000003000000060000000E0000001C000D
:10705000000C3800000C1008600C001C700C00388C
:10706000300C0030300C0060380C00E0180C00C010
:107070001C0C00800C0C00800E0C0008040C001886
:10708000000C0018000C000C001C000E00F8FF079C
:1070900000F0FF03000000000000000000000000FE
:1070A00000000000D0C4000000000000000000004C
:1070B00000000000000000000000000000000000D0
:1070C00000000000000000000000000000000000C0
:1070D00000000000000000000000000000000000B0
:1070E00000000000000000000000000000000000A0
:1070F0000000000000000000000000000000000090
:10710000000000000000000000000000000000007F
:10711000000000000000000000000000000000006F
:10712000000000000000000000000000000000005F
:107130000000000000000000C0000000C00000F8D7
:10714000C0C0FFFFC0C0FF0FC0C00000FEDF0000D6
:10715000FEDF0000C0C00000E0C0FFFFE0C3FFFF93
:10716000E0C718C0D0CE1860D8CC1860D8C830702E
:10717000CCC07030CEC06018C6E0C01CC060C00F6C
:10718000C0608007C070C00FC038F83CC01C3EF81B
:10719000C0DE0FE0C084018000000000000000009D
:1071A00000000000B0E5000000000000000000004A
:1071B00000000000000000000000000000000000CF
:1071C00000000000000000000000000000000000BF
:1071D00000000000000000000000000000000000AF
:1071E000000000000000000000000000000000009F
:1071F000000000000000000000000000000000008F
:10720000000000000000000000000000000000007E
:10721000000000000000000000000000000000006E
:10722000000000000000000000000000000000005E
:1072300000000000000000000000000000000060EE
:10724000FCFFCF60FCFFCF60C0C0C060C0C0C060AA
:10725000C0C0C060FEFFDF60FEFFDF60C0C0C06076
:10726000E0C0C06060C0006030C0006038C0807F97
:107270001800833F00000300F0FFFF3FF0FFFF3FD7
:10728000000003000000030000000300FEFFFFFFFA
:10729000FEFFFFFF000000000000000000000000F3
:1072A00000000000D0CD0000000000000000000041
:1072B00000000000000000000000000000000000CE
:1072C00000000000000000000000000000000000BE
:1072D00000000000000000000000000000000000AE
:1072E000000000000000000000000000000000009E
:1072F000000000000000000000000000000000008E
:10730000000000000000000000000000000000007D
:10731000000000000000000000000000000000006D
:10732000000000000000000000000000000000005D
:10733000000000000000000000000000000000004D
:10734000C0FFFF1FC0FFFF1FC0000018C0000018D3
:10735000C0000018C0FFFF1FC0FFFF1FC0000018C3
:1073600000000000FEFFFFFFFEFFFFFF0003000024
:107370008001000080FFFF1F80FFFF1F000000183A
:1073800000000018000000080000000C00E0FF07EB
:1073900000E0FF030000000000000000000000000B
:1073A00000000000BAC5000000000000000000005E
:1073B00000000000000000000000000000000000CD
:1073C00000000000000000000000000000000000BD
:1073D00000000000000000000000000000000000AD
:1073E000000000000000000000000000000000009D
:1073F000000000000000000000000000000000008D
:10740000000000000000000000000000000000007C
:10741000000000000000000000000000000000006C
:10742000000000000000000000000000000000005C
:10743000000000000000000000000000000000004C
:10744000F0FFFF7FF0FFFF7F300000603000006042
:10745000F0FFFF7FF0FFFF7F3030C0613060C00180
:1074600030406000B0FFFF7FB0FFFF7F30608001E1
:107470003060800130608001F0FFFFFFF8FFFFFF08
:10748000186080011C6080010C3080010E188001A2
:10749000070E8001020680010000000000000000CD
:1074A00000000000C6C10000000000000000000055
:1074B00000000000000000000000000000000000CC
:1074C00000000000000000000000000000000000BC
:1074D00000000000000000000000000000000000AC
:1074E000000000000000000000000000000000009C
:1074F000000000000000000000000000000000008C
:10750000000000000000000000000000000000007B
:10751000000000000000000000000000000000006B
:10752000000000000000000000000000000000005B
:1075300000000000000000000000000000186000D3
:1075400000186000FEFFFFFF001860000000000050
:10755000E0FFFF0F6000000CE0FFFF0F6000000C79
:107560006000000CE0FFFF0F6030000C000C00001A
:10757000FEFFFFFF80038301C000031FF0FFFFFF3A
:10758000CC0003C6C2000306C0000306C000F30718
:10759000C000F30300000300000000000000000032
:1075A00000000000C4BB000000000000000000005C
:1075B00000000000000000000000000000000000CB
:1075C00000000000000000000000000000000000BB
:1075D00000000000000000000000000000000000AB
:1075E000000000000000000000000000000000009B
:1075F000000000000000000000000000000000008B
:10760000000000000000000000000000000000007A
:10761000000000000000000000000000000000006A
:10762000000000000000000000000000000000005A
:107630000000000000000000000000000000080042
:1076400000081C00001C3800000E70000007E0005D
:107650008003C001C0018003F000000F7800003EED
:107660003E0000F80F0000E0E6FFFF87E0FFFF07A5
:107670000018000700180007001C0007000C000796
:10768000000E000300070003C0038003F0E1FF01C8
:107690007EE0FF001C000000000000000000000071
:1076A00000000000B7D6000000000000000000004D
:1076B00000000000000000000000000000000000CA
:1076C00000000000000000000000000000000000BA
:1076D00000000000000000000000000000000000AA
:1076E000000000000000000000000000000000009A
:1076F000000000000000000000000000000000008A
:107700000000000000000000000000000000000079
:107710000000000000000000000000000000000069
:107720000000000000000000000000000000000059
:10773000000000000000000020000606E000060E29
:10774000E001061CFE0FF6FFFE0FF6FF000006002C
:107750000C6446400C66C66008638630806106187B
:10776000FF6FF6FFFF3FF6FF6030060C6030060C3F
:107770006000060CFE0FF7FFFE0FF3FF6000030C26
:107780006080010C30C0010C38E0000C1C70000C53
:107790000F3C000C0618000C000000000000000068
:1077A00000000000B1E60000000000000000000042
:1077B00000000000000000000000000000000000C9
:1077C00000000000000000000000000000000000B9
:1077D00000000000000000000000000000000000A9
:1077E0000000000000000000000000000000000099
:1077F0000000000000000000000000000000000089
:107800000000000000000000000000000000000078
:107810000000000000000000000000000000000068
:107820000000000000000000000000000000000058
:10783000000000000000010000000300000006003E
:10784000FEFFFFFFFEFFFFFF0080030018C00140A6
:107850003CE020F070383878E0FD1F1E80F8070CFF
:107860000002230480C7601EE071E0787CFCFFE129
:107870001EF8FFC30400030100000300FEFFFFFF2A
:10788000FEFFFFFF000003000000030000000300F4
:1078900000000300000003000000000000000000E2
:1078A00000000000C2CA000000000000000000004C
:1078B00000000000000000000000000000000000C8
:1078C00000000000000000000000000000000000B8
:1078D00000000000000000000000000000000000A8
:1078E0000000000000000000000000000000000098
:1078F0000000000000000000000000000000000088
:107900000000000000000000000000000000000077
:107910000000000000000000000000000000000067
:107920000000000000000000000000000000000057
:107930000000000000000000000000000000000047
:107940000000000000000000000000000000000037
:107950000000000080030000C00300008001000060
:107960000000000000000000000000000000000017
:107970000000000000000000000000000000000007
:1079800080030000C003000080030000000000002E
:1079900000000000000000000000000000000000E7
:1079A00000000000A3BA000000000000000000007A
:1079B00000000000000000000000000000000000C7
:1079C00000000000000000000000000000000000B7
:1079D00000000000000000000000000000000000A7
:1079E0000000000000000000000000000000000097
:1079F0000000000000000000000000000000000087
:107A00000000000000000000000000000000000076
:107A10000000000000000000000000000000000066
:107A20000000000000000000000000000000000056
:107A30000000000000000000000000000000000046
:107A40000000000000000000000000000000000036
:107A50000000000000000000000000000000000026
:107A60000000000000000000000000000000000016
:107A70000000000000000000000000000000000006
:107A800000000000000000000000000000000000F6
:107A900000000000000000000000000000000000E6
:107AA00000000000000000000000000000000000D6
:107AB00000000000000000000000000000000000C6
:107AC00000000000000000000000000000000000B6
:107AD00000000000000000000000000000000000A6
:107AE0000000000000000000000000000000000096
:107AF0000000000000000000000000000000000086
:107B00000000000000000000000000000000000075
:107B10000000000000000000000000000000000065
:107B20000000000000000000000000000000000055
:107B30000000000000000000000000000000000045
:107B40000000000000000000000000000000000035
:107B50000000000000000000000000000000000025
:107B60000000000000000000000000000000000015
:107B70000000000000000000000000000000000005
:107B800000000000000000000000000000000000F5
:107B900000000000000000000000000000000000E5
:107BA00000000000000000000000000000000000D5
:107BB00000000000000000000000000000000000C5
:107BC00000000000000000000000000000000000B5
:107BD00000000000000000000000000000000000A5
:107BE0000000000000000000000000000000000095
:107BF0000000000000000000000000000000000085
:107C00000000000000000000000000000000000074
:107C10000000000000000000000000000000000064
:107C20000000000000000000000000000000000054
:107C30000000000000000000000000000000000044
:107C40000000000000000000000000000000000034
:107C50000000000000000000000000000000000024
:107C60000000000000000000000000000000000014
:107C70000000000000000000000000000000000004
:107C800000000000000000000000000000000000F4
:107C900000000000000000000000000000000000E4
:107CA00000000000000000000000000000000000D4
:107CB00000000000000000000000000000000000C4
:107CC00000000000000000000000000000000000B4
:107CD00000000000000000000000000000000000A4
:107CE0000000000000000000000000000000000094
:107CF0000000000000000000000000000000000084
:107D00000000000000000000000000000000000073
:107D10000000000000000000000000000000000063
:107D20000000000000000000000000000000000053
:107D30000000000000000000000000000000000043
:107D40000000000000000000000000000000000033
:107D50000000000000000000000000000000000023
:107D60000000000000000000000000000000000013
:107D70000000000000000000000000000000000003
:107D800000000000000000000000000000000000F3
:107D900000000000000000000000000000000000E3
:107DA00000000000000000000000000000000000D3
:107DB00000000000000000000000000000000000C3
:107DC00000000000000000000000000000000000B3
:107DD00000000000000000000000000000000000A3
:107DE0000000000000000000000000000000000093
:107DF0000000000000000000000000000000000083
:107E00000000000000000000000000000000000072
:107E10000000000000000000000000000000000062
:107E20000000000000000000000000000000000052
:107E30000000000000000000000000000000000042
:107E40000000000000000000000000000000000032
:107E50000000000000000000000000000000000022
:107E60000000000000000000000000000000000012
:107E70000000000000000000000000000000000002
:107E800000000000000000000000000000000000F2
:107E900000000000000000000000000000000000E2
:107EA00000000000000000000000000000000000D2
:107EB00000000000000000000000000000000000C2
:107EC00000000000000000000000000000000000B2
:107ED00000000000000000000000000000000000A2
:107EE0000000000000000000000000000000000092
:107EF0000000000000000000000000000000000082
:107F00000000000000000000000000000000000071
:107F10000000000000000000000000000000000061
:107F20000000000000000000000000000000000051
:107F30000000000000000000000000000000000041
:107F40000000000000000000000000000000000031
:107F50000000000000000000000000000000000021
:107F60000000000000000000000000000000000011
:107F70000000000000000000000000000000000001
:107F800000000000000000000000000000000000F1
:107F900000000000000000000000000000000000E1
:107FA00000000000000000000000000000000000D1
:107FB00000000000000000000000000000000000C1
:107FC00000000000000000000000000000000000B1
:107FD00000000000000000000000000000000000A1
:107FE0000000000000000000000000000000000091
:107FF0000000000000000000000000000000000081
:108000000000000000000000000000000000000070
:108010000000000000000000000000000000000060
:108020000000000000000000000000000000000050
:108030000000000000000000000000000000000040
:108040000000000000000000000000000000000030
:108050000000000000000000000000000000000020
:108060000000000000000000000000000000000010
:108070000000000000000000000000000000000000
:1080800000000000000000000000000000000000F0
:1080900000000000000000000000000000000000E0
:1080A00000000000000000000000000000000000D0
:1080B00000000000000000000000000000000000C0
:1080C00000000000000000000000000000000000B0
:1080D00000000000000000000000000000000000A0
:1080E0000000000000000000000000000000000090
:1080F0000000000000000000000000000000000080
:10810000000000000000000000000000000000006F
:10811000000000000000000000000000000000005F
:10812000000000000000000000000000000000004F
:10813000000000000000000000000000000000003F
:10814000000000000000000000000000000000002F
:10815000000000000000000000000000000000001F
:10816000000000000000000000000000000000000F
:1081700000000000000000000000000000000000FF
:1081800000000000000000000000000000000000EF
:1081900000000000000000000000000000000000DF
:1081A00000000000000000000000000000000000CF
:1081B00000000000000000000000000000000000BF
:1081C00000000000000000000000000000000000AF
:1081D000000000000000000000000000000000009F
:1081E000000000000000000000000000000000008F
:1081F000000000000000000000000000000000007F
:10820000000000000000000000000000000000006E
:10821000000000000000000000000000000000005E
:10822000000000000000000000000000000000004E
:10823000000000000000000000000000000000003E
:10824000000000000000000000000000000000002E
:10825000000000000000000000000000000000001E
:10826000000000000000000000000000000000000E
:1082700000000000000000000000000000000000FE
:1082800000000000000000000000000000000000EE
:1082900000000000000000000000000000000000DE
:1082A00000000000000000000000000000000000CE
:1082B00000000000000000000000000000000000BE
:1082C00000000000000000000000000000000000AE
:1082D000000000000000000000000000000000009E
:1082E000000000000000000000000000000000008E
:1082F000000000000000000000000000000000007E
:10830000000000000000000000000000000000006D
:10831000000000000000000000000000000000005D
:10832000000000000000000000000000000000004D
:10833000000000000000000000000000000000003D
:10834000000000000000000000000000000000002D
:10835000000000000000000000000000000000001D
:10836000000000000000000000000000000000000D
:1083700000000000000000000000000000000000FD
:1083800000000000000000000000000000000000ED
:1083900000000000000000000000000000000000DD
:1083A00000000000000000000000000000000000CD
:1083B00000000000000000000000000000000000BD
:1083C00000000000000000000000000000000000AD
:1083D000000000000000000000000000000000009D
:1083E000000000000000000000000000000000008D
:1083F000000000000000000000000000000000007D
:10840000000000000000000000000000000000006C
:10841000000000000000000000000000000000005C
:10842000000000000000000000000000000000004C
:10843000000000000000000000000000000000003C
:10844000000000000000000000000000000000002C
:10845000000000000000000000000000000000001C
:10846000000000000000000000000000000000000C
:1084700000000000000000000000000000000000FC
:1084800000000000000000000000000000000000EC
:1084900000000000000000000000000000000000DC
:1084A00000000000000000000000000000000000CC
:1084B00000000000000000000000000000000000BC
:1084C00000000000000000000000000000000000AC
:1084D000000000000000000000000000000000009C
:1084E000000000000000000000000000000000008C
:1084F000000000000000000000000000000000007C
:10850000000000000000000000000000000000006B
:10851000000000000000000000000000000000005B
:10852000000000000000000000000000000000004B
:10853000000000000000000000000000000000003B
:10854000000000000000000000000000000000002B
:10855000000000000000000000000000000000001B
:10856000000000000000000000000000000000000B
:1085700000000000000000000000000000000000FB
:1085800000000000000000000000000000000000EB
:1085900000000000000000000000000000000000DB
:1085A00000000000000000000000000000000000CB
:1085B00000000000000000000000000000000000BB
:1085C00000000000000000000000000000000000AB
:1085D000000000000000000000000000000000009B
:1085E000000000000000000000000000000000008B
:1085F000000000000000000000000000000000007B
:10860000000000000000000000000000000000006A
:10861000000000000000000000000000000000005A
:10862000000000000000000000000000000000004A
:10863000000000000000000000000000000000003A
:10864000000000000000000000000000000000002A
:10865000000000000000000000000000000000001A
:10866000000000000000000000000000000000000A
:1086700000000000000000000000000000000000FA
:1086800000000000000000000000000000000000EA
:1086900000000000000000000000000000000000DA
:1086A00000000000000000000000000000000000CA
:1086B00000000000000000000000000000000000BA
:1086C00000000000000000000000000000000000AA
:1086D000000000000000000000000000000000009A
:1086E000000000000000000000000000000000008A
:1086F000000000000000000000000000000000007A
:108700000000000000000000000000000000000069
:108710000000000000000000000000000000000059
:108720000000000000000000000000000000000049
:108730000000000000000000000000000000000039
:108740000000000000000000000000000000000029
:108750000000000000000000000000000000000019
:108760000000000000000000000000000000000009
:1087700000000000000000000000000000000000F9
:1087800000000000000000000000000000000000E9
:1087900000000000000000000000000000000000D9
:1087A00000000000000000000000000000000000C9
:1087B00000000000000000000000000000000000B9
:1087C00000000000000000000000000000000000A9
:1087D0000000000000000000000000000000000099
:1087E0000000000000000000000000000000000089
:1087F0000000000000000000000000000000000079
:108800000000000000000000000000000000000068
:108810000000000000000000000000000000000058
:108820000000000000000000000000000000000048
:108830000000000000000000000000000000000038
:108840000000000000000000000000000000000028
:108850000000000000000000000000000000000018
:108860000000000000000000000000000000000008
:1088700000000000000000000000000000000000F8
:1088800000000000000000000000000000000000E8
:1088900000000000000000000000000000000000D8
:1088A00000000000000000000000000000000000C8
:1088B00000000000000000000000000000000000B8
:1088C00000000000000000000000000000000000A8
:1088D0000000000000000000000000000000000098
:1088E0000000000000000000000000000000000088
:1088F0000000000000000000000000000000000078
:108900000000000000000000000000000000000067
:108910000000000000000000000000000000000057
:108920000000000000000000000000000000000047
:108930000000000000000000000000000000000037
:108940000000000000000000000000000000000027
:108950000000000000000000000000000000000017
:108960000000000000000000000000000000000007
:1089700000000000000000000000000000000000F7
:1089800000000000000000000000000000000000E7
:1089900000000000000000000000000000000000D7
:1089A00000000000000000000000000000000000C7
:1089B00000000000000000000000000000000000B7
:1089C00000000000000000000000000000000000A7
:1089D0000000000000000000000000000000000097
:1089E0000000000000000000000000000000000087
:1089F0000000000000000000000000000000000077
:108A00000000000000000000000000000000000066
:108A10000000000000000000000000000000000056
:108A20000000000000000000000000000000000046
:108A30000000000000000000000000000000000036
:108A40000000000000000000000000000000000026
:108A50000000000000000000000000000000000016
:108A60000000000000000000000000000000000006
:108A700000000000000000000000000000000000F6
:108A800000000000000000000000000000000000E6
:108A900000000000000000000000000000000000D6
:108AA00000000000000000000000000000000000C6
:108AB00000000000000000000000000000000000B6
:108AC00000000000000000000000000000000000A6
:108AD0000000000000000000000000000000000096
:108AE0000000000000000000000000000000000086
:108AF0000000000000000000000000000000000076
:108B00000000000000000000000000000000000065
:108B10000000000000000000000000000000000055
:108B20000000000000000000000000000000000045
:108B30000000000000000000000000000000000035
:108B40000000000000000000000000000000000025
:108B50000000000000000000000000000000000015
:108B60000000000000000000000000000000000005
:108B700000000000000000000000000000000000F5
:108B800000000000000000000000000000000000E5
:108B900000000000000000000000000000000000D5
:108BA00000000000000000000000000000000000C5
:108BB00000000000000000000000000000000000B5
:108BC00000000000000000000000000000000000A5
:108BD0000000000000000000000000000000000095
:108BE0000000000000000000000000000000000085
:108BF0000000000000000000000000000000000075
:108C00000000000000000000000000000000000064
:108C10000000000000000000000000000000000054
:108C20000000000000000000000000000000000044
:108C30000000000000000000000000000000000034
:108C40000000000000000000000000000000000024
:108C50000000000000000000000000000000000014
:108C60000000000000000000000000000000000004
:108C700000000000000000000000000000000000F4
:108C800000000000000000000000000000000000E4
:108C900000000000000000000000000000000000D4
:108CA00000000000000000000000000000000000C4
:108CB00000000000000000000000000000000000B4
:108CC00000000000000000000000000000000000A4
:108CD0000000000000000000000000000000000094
:108CE0000000000000000000000000000000000084
:108CF0000000000000000000000000000000000074
:108D00000000000000000000000000000000000063
:108D10000000000000000000000000000000000053
:108D20000000000000000000000000000000000043
:108D30000000000000000000000000000000000033
:108D40000000000000000000000000000000000023
:108D50000000000000000000000000000000000013
:108D60000000000000000000000000000000000003
:108D700000000000000000000000000000000000F3
:108D800000000000000000000000000000000000E3
:108D900000000000000000000000000000000000D3
:108DA00000000000000000000000000000000000C3
:108DB00000000000000000000000000000000000B3
:108DC00000000000000000000000000000000000A3
:108DD0000000000000000000000000000000000093
:108DE0000000000000000000000000000000000083
:108DF0000000000000000000000000000000000073
:108E00000000000000000000000000000000000062
:108E10000000000000000000000000000000000052
:108E20000000000000000000000000000000000042
:108E30000000000000000000000000000000000032
:108E40000000000000000000000000000000000022
:108E50000000000000000000000000000000000012
:108E60000000000000000000000000000000000002
:108E700000000000000000000000000000000000F2
:108E800000000000000000000000000000000000E2
:108E900000000000000000000000000000000000D2
:108EA00000000000000000000000000000000000C2
:108EB00000000000000000000000000000000000B2
:108EC00000000000000000000000000000000000A2
:108ED0000000000000000000000000000000000092
:108EE0000000000000000000000000000000000082
:108EF0000000000000000000000000000000000072
:108F00000000000000000000000000000000000061
:108F10000000000000000000000000000000000051
:108F20000000000000000000000000000000000041
:108F30000000000000000000000000000000000031
:108F40000000000000000000000000000000000021
:108F50000000000000000000000000000000000011
:108F60000000000000000000000000000000000001
:108F700000000000000000000000000000000000F1
:108F800000000000000000000000000000000000E1
:108F900000000000000000000000000000000000D1
:108FA00000000000000000000000000000000000C1
:108FB00000000000000000000000000000000000B1
:108FC00000000000000000000000000000000000A1
:108FD0000000000000000000000000000000000091
:108FE0000000000000000000000000000000000081
:108FF0000000000000000000000000000000000071
:109000000000000000000000000000000000000060
:109010000000000000000000000000000000000050
:109020000000000000000000000000000000000040
:109030000000000000000000000000000000000030
:109040000000000000000000000000000000000020
:109050000000000000000000000000000000000010
:109060000000000000000000000000000000000000
:1090700000000000000000000000000000000000F0
:1090800000000000000000000000000000000000E0
:1090900000000000000000000000000000000000D0
:1090A00000000000000000000000000000000000C0
:1090B00000000000000000000000000000000000B0
:1090C00000000000000000000000000000000000A0
:1090D0000000000000000000000000000000000090
:1090E0000000000000000000000000000000000080
:1090F0000000000000000000000000000000000070
:10910000000000000000000000000000000000005F
:10911000000000000000000000000000000000004F
:10912000000000000000000000000000000000003F
:10913000000000000000000000000000000000002F
:10914000000000000000000000000000000000001F
:10915000000000000000000000000000000000000F
:1091600000000000000000000000000000000000FF
:1091700000000000000000000000000000000000EF
:1091800000000000000000000000000000000000DF
:1091900000000000000000000000000000000000CF
:1091A00000000000000000000000000000000000BF
:1091B00000000000000000000000000000000000AF
:1091C000000000000000000000000000000000009F
:1091D000000000000000000000000000000000008F
:1091E000000000000000000000000000000000007F
:1091F000000000000000000000000000000000006F
:10920000000000000000000000000000000000005E
:10921000000000000000000000000000000000004E
:10922000000000000000000000000000000000003E
:10923000000000000000000000000000000000002E
:10924000000000000000000000000000000000001E
:10925000000000000000000000000000000000000E
:1092600000000000000000000000000000000000FE
:1092700000000000000000000000000000000000EE
:1092800000000000000000000000000000000000DE
:1092900000000000000000000000000000000000CE
:1092A00000000000000000000000000000000000BE
:1092B00000000000000000000000000000000000AE
:1092C000000000000000000000000000000000009E
:1092D000000000000000000000000000000000008E
:1092E000000000000000000000000000000000007E
:1092F000000000000000000000000000000000006E
:10930000000000000000000000000000000000005D
:10931000000000000000000000000000000000004D
:10932000000000000000000000000000000000003D
:10933000000000000000000000000000000000002D
:10934000000000000000000000000000000000001D
:10935000000000000000000000000000000000000D
:1093600000000000000000000000000000000000FD
:1093700000000000000000000000000000000000ED
:1093800000000000000000000000000000000000DD
:1093900000000000000000000000000000000000CD
:1093A00000000000000000000000000000000000BD
:1093B00000000000000000000000000000000000AD
:1093C000000000000000000000000000000000009D
:1093D000000000000000000000000000000000008D
:1093E000000000000000000000000000000000007D
:1093F000000000000000000000000000000000006D
:10940000000000000000000000000000000000005C
:10941000000000000000000000000000000000004C
:10942000000000000000000000000000000000003C
:10943000000000000000000000000000000000002C
:10944000000000000000000000000000000000001C
:10945000000000000000000000000000000000000C
:1094600000000000000000000000000000000000FC
:1094700000000000000000000000000000000000EC
:1094800000000000000000000000000000000000DC
:1094900000000000000000000000000000000000CC
:1094A00000000000000000000000000000000000BC
:1094B00000000000000000000000000000000000AC
:1094C000000000000000000000000000000000009C
:1094D000000000000000000000000000000000008C
:1094E000000000000000000000000000000000007C
:1094F000000000000000000000000000000000006C
:10950000000000000000000000000000000000005B
:10951000000000000000000000000000000000004B
:10952000000000000000000000000000000000003B
:10953000000000000000000000000000000000002B
:10954000000000000000000000000000000000001B
:10955000000000000000000000000000000000000B
:1095600000000000000000000000000000000000FB
:1095700000000000000000000000000000000000EB
:1095800000000000000000000000000000000000DB
:1095900000000000000000000000000000000000CB
:1095A00000000000000000000000000000000000BB
:1095B00000000000000000000000000000000000AB
:1095C000000000000000000000000000000000009B
:1095D000000000000000000000000000000000008B
:1095E000000000000000000000000000000000007B
:1095F000000000000000000000000000000000006B
:10960000000000000000000000000000000000005A
:10961000000000000000000000000000000000004A
:10962000000000000000000000000000000000003A
:10963000000000000000000000000000000000002A
:10964000000000000000000000000000000000001A
:10965000000000000000000000000000000000000A
:1096600000000000000000000000000000000000FA
:1096700000000000000000000000000000000000EA
:1096800000000000000000000000000000000000DA
:1096900000000000000000000000000000000000CA
:1096A00000000000000000000000000000000000BA
:1096B00000000000000000000000000000000000AA
:1096C000000000000000000000000000000000009A
:1096D000000000000000000000000000000000008A
:1096E000000000000000000000000000000000007A
:1096F000000000000000000000000000000000006A
:109700000000000000000000000000000000000059
:109710000000000000000000000000000000000049
:109720000000000000000000000000000000000039
:109730000000000000000000000000000000000029
:109740000000000000000000000000000000000019
:109750000000000000000000000000000000000009
:1097600000000000000000000000000000000000F9
:1097700000000000000000000000000000000000E9
:1097800000000000000000000000000000000000D9
:1097900000000000000000000000000000000000C9
:1097A00000000000000000000000000000000000B9
:1097B00000000000000000000000000000000000A9
:1097C0000000000000000000000000000000000099
:1097D0000000000000000000000000000000000089
:1097E0000000000000000000000000000000000079
:1097F0000000000000000000000000000000000069
:109800000000000000000000000000000000000058
:109810000000000000000000000000000000000048
:109820000000000000000000000000000000000038
:109830000000000000000000000000000000000028
:109840000000000000000000000000000000000018
:109850000000000000000000000000000000000008
:1098600000000000000000000000000000000000F8
:1098700000000000000000000000000000000000E8
:1098800000000000000000000000000000000000D8
:1098900000000000000000000000000000000000C8
:1098A00000000000000000000000000000000000B8
:1098B00000000000000000000000000000000000A8
:1098C0000000000000000000000000000000000098
:1098D0000000000000000000000000000000000088
:1098E0000000000000000000000000000000000078
:1098F0000000000000000000000000000000000068
:109900000000000000000000000000000000000057
:109910000000000000000000000000000000000047
:109920000000000000000000000000000000000037
:109930000000000000000000000000000000000027
:109940000000000000000000000000000000000017
:109950000000000000000000000000000000000007
:1099600000000000000000000000000000000000F7
:1099700000000000000000000000000000000000E7
:1099800000000000000000000000000000000000D7
:1099900000000000000000000000000000000000C7
:1099A00000000000000000000000000000000000B7
:1099B00000000000000000000000000000000000A7
:1099C0000000000000000000000000000000000097
:1099D0000000000000000000000000000000000087
:1099E0000000000000000000000000000000000077
:1099F0000000000000000000000000000000000067
:109A00000000000000000000000000000000000056
:109A10000000000000000000000000000000000046
:109A20000000000000000000000000000000000036
:109A30000000000000000000000000000000000026
:109A40000000000000000000000000000000000016
:109A50000000000000000000000000000000000006
:109A600000000000000000000000000000000000F6
:109A700000000000000000000000000000000000E6
:109A800000000000000000000000000000000000D6
:109A900000000000000000000000000000000000C6
:109AA00000000000000000000000000000000000B6
:109AB00000000000000000000000000000000000A6
:109AC0000000000000000000000000000000000096
:109AD0000000000000000000000000000000000086
:109AE0000000000000000000000000000000000076
:109AF0000000000000000000000000000000000066
:109B00000000000000000000000000000000000055
:109B10000000000000000000000000000000000045
:109B20000000000000000000000000000000000035
:109B30000000000000000000000000000000000025
:109B40000000000000000000000000000000000015
:109B50000000000000000000000000000000000005
:109B600000000000000000000000000000000000F5
:109B700000000000000000000000000000000000E5
:109B800000000000000000000000000000000000D5
:109B900000000000000000000000000000000000C5
:109BA00000000000000000000000000000000000B5
:109BB00000000000000000000000000000000000A5
:109BC0000000000000000000000000000000000095
:109BD0000000000000000000000000000000000085
:109BE0000000000000000000000000000000000075
:109BF0000000000000000000000000000000000065
:109C00000000000000000000000000000000000054
:109C10000000000000000000000000000000000044
:109C20000000000000000000000000000000000034
:109C30000000000000000000000000000000000024
:109C40000000000000000000000000000000000014
:109C50000000000000000000000000000000000004
:109C600000000000000000000000000000000000F4
:109C700000000000000000000000000000000000E4
:109C800000000000000000000000000000000000D4
:109C900000000000000000000000000000000000C4
:109CA00000000000000000000000000000000000B4
:109CB00000000000000000000000000000000000A4
:109CC0000000000000000000000000000000000094
:109CD0000000000000000000000000000000000084
:109CE0000000000000000000000000000000000074
:109CF0000000000000000000000000000000000064
:109D00000000000000000000000000000000000053
:109D10000000000000000000000000000000000043
:109D20000000000000000000000000000000000033
:109D30000000000000000000000000000000000023
:109D40000000000000000000000000000000000013
:109D50000000000000000000000000000000000003
:109D600000000000000000000000000000000000F3
:109D700000000000000000000000000000000000E3
:109D800000000000000000000000000000000000D3
:109D900000000000000000000000000000000000C3
:109DA00000000000000000000000000000000000B3
:109DB00000000000000000000000000000000000A3
:109DC0000000000000000000000000000000000093
:109DD0000000000000000000000000000000000083
:109DE0000000000000000000000000000000000073
:109DF0000000000000000000000000000000000063
:109E00000000000000000000000000000000000052
:109E10000000000000000000000000000000000042
:109E20000000000000000000000000000000000032
:109E30000000000000000000000000000000000022
:109E40000000000000000000000000000000000012
:109E50000000000000000000000000000000000002
:109E600000000000000000000000000000000000F2
:109E700000000000000000000000000000000000E2
:109E800000000000000000000000000000000000D2
:109E900000000000000000000000000000000000C2
:109EA00000000000000000000000000000000000B2
:109EB00000000000000000000000000000000000A2
:109EC0000000000000000000000000000000000092
:109ED0000000000000000000000000000000000082
:109EE0000000000000000000000000000000000072
:109EF0000000000000000000000000000000000062
:109F00000000000000000000000000000000000051
:109F10000000000000000000000000000000000041
:109F20000000000000000000000000000000000031
:109F30000000000000000000000000000000000021
:109F40000000000000000000000000000000000011
:109F50000000000000000000000000000000000001
:109F600000000000000000000000000000000000F1
:109F700000000000000000000000000000000000E1
:109F800000000000000000000000000000000000D1
:109F900000000000000000000000000000000000C1
:109FA00000000000000000000000000000000000B1
:109FB00000000000000000000000000000000000A1
:109FC0000000000000000000000000000000000091
:109FD0000000000000000000000000000000000081
:109FE0000000000000000000000000000000000071
:109FF0000000000000000000000000000000000061
:10A000000000000000000000000000000000000050
:10A010000000000000000000000000000000000040
:10A020000000000000000000000000000000000030
:10A030000000000000000000000000000000000020
:10A040000000000000000000000000000000000010
:10A050000000000000000000000000000000000000
:10A0600000000000000000000000000000000000F0
:10A0700000000000000000000000000000000000E0
:10A0800000000000000000000000000000000000D0
:10A0900000000000000000000000000000000000C0
:10A0A00000000000000000000000000000000000B0
:10A0B00000000000000000000000000000000000A0
:10A0C0000000000000000000000000000000000090
:10A0D0000000000000000000000000000000000080
:10A0E0000000000000000000000000000000000070
:10A0F0000000000000000000000000000000000060
:10A10000000000000000000000000000000000004F
:10A11000000000000000000000000000000000003F
:10A12000000000000000000000000000000000002F
:10A13000000000000000000000000000000000001F
:10A14000000000000000000000000000000000000F
:10A1500000000000000000000000000000000000FF
:10A1600000000000000000000000000000000000EF
:10A1700000000000000000000000000000000000DF
:10A1800000000000000000000000000000000000CF
:10A1900000000000000000000000000000000000BF
:10A1A00000000000000000000000000000000000AF
:10A1B000000000000000000000000000000000009F
:10A1C000000000000000000000000000000000008F
:10A1D000000000000000000000000000000000007F
:10A1E000000000000000000000000000000000006F
:10A1F000000000000000000000000000000000005F
:10A20000000000000000000000000000000000004E
:10A21000000000000000000000000000000000003E
:10A22000000000000000000000000000000000002E
:10A23000000000000000000000000000000000001E
:10A24000000000000000000000000000000000000E
:10A2500000000000000000000000000000000000FE
:10A2600000000000000000000000000000000000EE
:10A2700000000000000000000000000000000000DE
:10A2800000000000000000000000000000000000CE
:10A2900000000000000000000000000000000000BE
:10A2A00000000000000000000000000000000000AE
:10A2B000000000000000000000000000000000009E
:10A2C000000000000000000000000000000000008E
:10A2D000000000000000000000000000000000007E
:10A2E000000000000000000000000000000000006E
:10A2F000000000000000000000000000000000005E
:10A30000000000000000000000000000000000004D
:10A31000000000000000000000000000000000003D
:10A32000000000000000000000000000000000002D
:10A33000000000000000000000000000000000001D
:10A34000000000000000000000000000000000000D
:10A3500000000000000000000000000000000000FD
:10A3600000000000000000000000000000000000ED
:10A3700000000000000000000000000000000000DD
:10A3800000000000000000000000000000000000CD
:10A3900000000000000000000000000000000000BD
:10A3A00000000000000000000000000000000000AD
:10A3B000000000000000000000000000000000009D
:10A3C000000000000000000000000000000000008D
:10A3D000000000000000000000000000000000007D
:10A3E000000000000000000000000000000000006D
:10A3F000000000000000000000000000000000005D
:10A40000000000000000000000000000000000004C
:10A41000000000000000000000000000000000003C
:10A42000000000000000000000000000000000002C
:10A43000000000000000000000000000000000001C
:10A44000000000000000000000000000000000000C
:10A4500000000000000000000000000000000000FC
:10A4600000000000000000000000000000000000EC
:10A4700000000000000000000000000000000000DC
:10A4800000000000000000000000000000000000CC
:10A4900000000000000000000000000000000000BC
:10A4A00000000000000000000000000000000000AC
:10A4B000000000000000000000000000000000009C
:10A4C000000000000000000000000000000000008C
:10A4D000000000000000000000000000000000007C
:10A4E000000000000000000000000000000000006C
:10A4F000000000000000000000000000000000005C
:10A50000000000000000000000000000000000004B
:10A51000000000000000000000000000000000003B
:10A52000000000000000000000000000000000002B
:10A53000000000000000000000000000000000001B
:10A54000000000000000000000000000000000000B
:10A5500000000000000000000000000000000000FB
:10A5600000000000000000000000000000000000EB
:10A5700000000000000000000000000000000000DB
:10A5800000000000000000000000000000000000CB
:10A5900000000000000000000000000000000000BB
:10A5A00000000000000000000000000000000000AB
:10A5B000000000000000000000000000000000009B
:10A5C000000000000000000000000000000000008B
:10A5D000000000000000000000000000000000007B
:10A5E000000000000000000000000000000000006B
:10A5F000000000000000000000000000000000005B
:10A60000000000000000000000000000000000004A
:10A61000000000000000000000000000000000003A
:10A62000000000000000000000000000000000002A
:10A63000000000000000000000000000000000001A
:10A64000000000000000000000000000000000000A
:10A6500000000000000000000000000000000000FA
:10A6600000000000000000000000000000000000EA
:10A6700000000000000000000000000000000000DA
:10A6800000000000000000000000000000000000CA
:10A6900000000000000000000000000000000000BA
:10A6A00000000000000000000000000000000000AA
:10A6B000000000000000000000000000000000009A
:10A6C000000000000000000000000000000000008A
:10A6D000000000000000000000000000000000007A
:10A6E000000000000000000000000000000000006A
:10A6F000000000000000000000000000000000005A
:10A700000000000000000000000000000000000049
:10A710000000000000000000000000000000000039
:10A720000000000000000000000000000000000029
:10A730000000000000000000000000000000000019
:10A740000000000000000000000000000000000009
:10A7500000000000000000000000000000000000F9
:10A7600000000000000000000000000000000000E9
:10A7700000000000000000000000000000000000D9
:10A7800000000000000000000000000000000000C9
:10A7900000000000000000000000000000000000B9
:10A7A00000000000000000000000000000000000A9
:10A7B0000000000000000000000000000000000099
:10A7C0000000000000000000000000000000000089
:10A7D0000000000000000000000000000000000079
:10A7E0000000000000000000000000000000000069
:10A7F0000000000000000000000000000000000059
:10A800000000000000000000000000000000000048
:10A810000000000000000000000000000000000038
:10A820000000000000000000000000000000000028
:10A830000000000000000000000000000000000018
:10A840000000000000000000000000000000000008
:10A8500000000000000000000000000000000000F8
:10A8600000000000000000000000000000000000E8
:10A8700000000000000000000000000000000000D8
:10A8800000000000000000000000000000000000C8
:10A8900000000000000000000000000000000000B8
:10A8A00000000000000000000000000000000000A8
:10A8B0000000000000000000000000000000000098
:10A8C0000000000000000000000000000000000088
:10A8D0000000000000000000000000000000000078
:10A8E0000000000000000000000000000000000068
:10A8F0000000000000000000000000000000000058
:10A900000000000000000000000000000000000047
:10A910000000000000000000000000000000000037
:10A920000000000000000000000000000000000027
:10A930000000000000000000000000000000000017
:10A940000000000000000000000000000000000007
:10A9500000000000000000000000000000000000F7
:10A9600000000000000000000000000000000000E7
:10A9700000000000000000000000000000000000D7
:10A9800000000000000000000000000000000000C7
:10A9900000000000000000000000000000000000B7
:10A9A00000000000000000000000000000000000A7
:10A9B0000000000000000000000000000000000097
:10A9C0000000000000000000000000000000000087
:10A9D0000000000000000000000000000000000077
:10A9E0000000000000000000000000000000000067
:10A9F0000000000000000000000000000000000057
:10AA00000000000000000000000000000000000046
:10AA10000000000000000000000000000000000036
:10AA20000000000000000000000000000000000026
:10AA30000000000000000000000000000000000016
:10AA40000000000000000000000000000000000006
:10AA500000000000000000000000000000000000F6
:10AA600000000000000000000000000000000000E6
:10AA700000000000000000000000000000000000D6
:10AA800000000000000000000000000000000000C6
:10AA900000000000000000000000000000000000B6
:10AAA00000000000000000000000000000000000A6
:10AAB0000000000000000000000000000000000096
:10AAC0000000000000000000000000000000000086
:10AAD0000000000000000000000000000000000076
:10AAE0000000000000000000000000000000000066
:10AAF0000000000000000000000000000000000056
:10AB00000000000000000000000000000000000045
:10AB10000000000000000000000000000000000035
:10AB20000000000000000000000000000000000025
:10AB30000000000000000000000000000000000015
:10AB40000000000000000000000000000000000005
:10AB500000000000000000000000000000000000F5
:10AB600000000000000000000000000000000000E5
:10AB700000000000000000000000000000000000D5
:10AB800000000000000000000000000000000000C5
:10AB900000000000000000000000000000000000B5
:10ABA00000000000000000000000000000000000A5
:10ABB0000000000000000000000000000000000095
:10ABC0000000000000000000000000000000000085
:10ABD0000000000000000000000000000000000075
:10ABE0000000000000000000000000000000000065
:10ABF0000000000000000000000000000000000055
:10AC00000000000000000000000000000000000044
:10AC10000000000000000000000000000000000034
:10AC20000000000000000000000000000000000024
:10AC30000000000000000000000000000000000014
:10AC40000000000000000000000000000000000004
:10AC500000000000000000000000000000000000F4
:10AC600000000000000000000000000000000000E4
:10AC700000000000000000000000000000000000D4
:10AC800000000000000000000000000000000000C4
:10AC900000000000000000000000000000000000B4
:10ACA00000000000000000000000000000000000A4
:10ACB0000000000000000000000000000000000094
:10ACC0000000000000000000000000000000000084
:10ACD0000000000000000000000000000000000074
:10ACE0000000000000000000000000000000000064
:10ACF0000000000000000000000000000000000054
:10AD00000000000000000000000000000000000043
:10AD10000000000000000000000000000000000033
:10AD20000000000000000000000000000000000023
:10AD30000000000000000000000000000000000013
:10AD40000000000000000000000000000000000003
:10AD500000000000000000000000000000000000F3
:10AD600000000000000000000000000000000000E3
:10AD700000000000000000000000000000000000D3
:10AD800000000000000000000000000000000000C3
:10AD900000000000000000000000000000000000B3
:10ADA00000000000000000000000000000000000A3
:10ADB0000000000000000000000000000000000093
:10ADC0000000000000000000000000000000000083
:10ADD0000000000000000000000000000000000073
:10ADE0000000000000000000000000000000000063
:10ADF0000000000000000000000000000000000053
:10AE00000000000000000000000000000000000042
:10AE10000000000000000000000000000000000032
:10AE20000000000000000000000000000000000022
:10AE30000000000000000000000000000000000012
:10AE40000000000000000000000000000000000002
:10AE500000000000000000000000000000000000F2
:10AE600000000000000000000000000000000000E2
:10AE700000000000000000000000000000000000D2
:10AE800000000000000000000000000000000000C2
:10AE900000000000000000000000000000000000B2
:10AEA00000000000000000000000000000000000A2
:10AEB0000000000000000000000000000000000092
:10AEC0000000000000000000000000000000000082
:10AED0000000000000000000000000000000000072
:10AEE0000000000000000000000000000000000062
:10AEF0000000000000000000000000000000000052
:10AF00000000000000000000000000000000000041
:10AF10000000000000000000000000000000000031
:10AF20000000000000000000000000000000000021
:10AF30000000000000000000000000000000000011
:10AF40000000000000000000000000000000000001
:10AF500000000000000000000000000000000000F1
:10AF600000000000000000000000000000000000E1
:10AF700000000000000000000000000000000000D1
:10AF800000000000000000000000000000000000C1
:10AF900000000000000000000000000000000000B1
:10AFA00000000000000000000000000000000000A1
:10AFB0000000000000000000000000000000000091
:10AFC0000000000000000000000000000000000081
:10AFD0000000000000000000000000000000000071
:10AFE0000000000000000000000000000000000061
:10AFF0000000000000000000000000000000000051
:10B000000000000000000000000000000000000040
:10B010000000000000000000000000000000000030
:10B020000000000000000000000000000000000020
:10B030000000000000000000000000000000000010
:10B040000000000000000000000000000000000000
:10B0500000000000000000000000000000000000F0
:10B0600000000000000000000000000000000000E0
:10B0700000000000000000000000000000000000D0
:10B0800000000000000000000000000000000000C0
:10B0900000000000000000000000000000000000B0
:10B0A00000000000000000000000000000000000A0
:10B0B0000000000000000000000000000000000090
:10B0C0000000000000000000000000000000000080
:10B0D0000000000000000000000000000000000070
:10B0E0000000000000000000000000000000000060
:10B0F0000000000000000000000000000000000050
:10B10000000000000000000000000000000000003F
:10B11000000000000000000000000000000000002F
:10B12000000000000000000000000000000000001F
:10B13000000000000000000000000000000000000F
:10B1400000000000000000000000000000000000FF
:10B1500000000000000000000000000000000000EF
:10B1600000000000000000000000000000000000DF
:10B1700000000000000000000000000000000000CF
:10B1800000000000000000000000000000000000BF
:10B1900000000000000000000000000000000000AF
:10B1A000000000000000000000000000000000009F
:10B1B000000000000000000000000000000000008F
:10B1C000000000000000000000000000000000007F
:10B1D000000000000000000000000000000000006F
:10B1E000000000000000000000000000000000005F
:10B1F000000000000000000000000000000000004F
:10B20000000000000000000000000000000000003E
:10B21000000000000000000000000000000000002E
:10B22000000000000000000000000000000000001E
:10B23000000000000000000000000000000000000E
:10B2400000000000000000000000000000000000FE
:10B2500000000000000000000000000000000000EE
:10B2600000000000000000000000000000000000DE
:10B2700000000000000000000000000000000000CE
:10B2800000000000000000000000000000000000BE
:10B2900000000000000000000000000000000000AE
:10B2A000000000000000000000000000000000009E
:10B2B000000000000000000000000000000000008E
:10B2C000000000000000000000000000000000007E
:10B2D000000000000000000000000000000000006E
:10B2E000000000000000000000000000000000005E
:10B2F000000000000000000000000000000000004E
:10B30000000000000000000000000000000000003D
:10B31000000000000000000000000000000000002D
:10B32000000000000000000000000000000000001D
:10B33000000000000000000000000000000000000D
:10B3400000000000000000000000000000000000FD
:10B3500000000000000000000000000000000000ED
:10B3600000000000000000000000000000000000DD
:10B3700000000000000000000000000000000000CD
:10B3800000000000000000000000000000000000BD
:10B3900000000000000000000000000000000000AD
:10B3A000000000000000000000000000000000009D
:10B3B000000000000000000000000000000000008D
:10B3C000000000000000000000000000000000007D
:10B3D000000000000000000000000000000000006D
:10B3E000000000000000000000000000000000005D
:10B3F000000000000000000000000000000000004D
:10B40000000000000000000000000000000000003C
:10B41000000000000000000000000000000000002C
:10B42000000000000000000000000000000000001C
:10B43000000000000000000000000000000000000C
:10B4400000000000000000000000000000000000FC
:10B4500000000000000000000000000000000000EC
:10B4600000000000000000000000000000000000DC
:10B47000C003C003C003C003C003C0038003800136
:10B480008001800180018001800180018001000035
:10B49000000000008001C003C00380010000000024
:10B4A0000000000000000000C018E01CE01C700E4E
:10B4B000300618038C01840000000000000000002A
:10B4C000000000000000000000000000000000007C
:10B4D000000000000000000000000000000000006C
:10B4E000000000000000000000000000000000005C
:10B4F00020102010201020102010FE7FFE7FFE7FE5
:10B50000100810081008100810081008FE7FFE7FB1
:10B51000FE7F180C0804080408040804000000005A
:10B52000000000000000000000000000800080001B
:10B53000C003B00C90189818981C981CB800B00064
:10B54000F000E000C0038007800F800C801C801892
:10B550009C189C188C188C0C9806E00380008000C6
:10B56000800000000000000000000000000000005B
:10B570001C08360822046304630263026302630149
:10B5800063012201B61C9C36402240634063206365
:10B5900020631063106310220836081C00000000AE
:10B5A000000000000000000000000000000000009B
:10B5B000F00098008C018C018C018C018C00CC0077
:10B5C0005C0038001C3E3C08320873086304E30446
:10B5D000C3048303834306678C3E781C000000008D
:10B5E00000000000000000001C003C003C00300097
:10B5F000300010000C0006000000000000000000F9
:10B60000000000000000000000000000000000003A
:10B61000000000000000000000000000000000002A
:10B620000000000000000000004000200010001892
:10B63000000C0004000600020003000380018001EA
:10B640008001800180018001800180018001000370
:10B650000003000200060004000C00180010002087
:10B660000040000000000000020004000800180074
:10B670003000200060004000C000C0008001800158
:10B680008001800180018001800180018001C00073
:10B69000C000C00060002000300018000800040056
:10B6A0000200000000000000000000000000000098
:10B6B000000000000003800380030C631C71383914
:10B6C000600D80038003600D38391C718C6180032C
:10B6D0008003800300000000000000000000000064
:10B6E000000000000000000000000000000000005A
:10B6F0000000000000000001000100010001000145
:10B7000000010001FC7F00010001000100010001B7
:10B710000001000100000000000000000000000027
:10B720000000000000000000000000000000000019
:10B730000000000000000000000000000000000009
:10B7400000000000000000000000000000000000F9
:10B75000000000001C003C003C00300030001000E5
:10B760000C000600000000000000000000000000C7
:10B7700000000000000000000000000000000000C9
:10B7800000000000FE7F000000000000000000003C
:10B7900000000000000000000000000000000000A9
:10B7A0000000000000000000000000000000000099
:10B7B0000000000000000000000000000000000089
:10B7C0000000000000000000000000000000000079
:10B7D0000000000018003C003C00180000000000C1
:10B7E0000000000000000000000000400060002099
:10B7F0000030001000180008000C000400060002D1
:10B800000003000180018000C000400060002000B3
:10B8100030001000180008000C00040006000200B0
:10B820000000000000000000000000000000000018
:10B83000C0036004300C1818181818100C300C30A5
:10B840000C300C300C300C300C300C300C300C3018
:10B85000181018181818300C6004C00300000000FD
:10B8600000000000000000000000000000000000D8
:10B8700000018001F80180018001800180018001C8
:10B8800080018001800180018001800180018001B0
:10B890008001800180018001C003F81F00000000CA
:10B8A0000000000000000000000000000000000098
:10B8B000E007101C0818043004300C300C30003045
:10B8C00000180018000C000600038001C0004000B2
:10B8D0002020102008200430FC1FFC1F0000000066
:10B8E0000000000000000000000000000000000058
:10B8F000E00318060C0C0C180C180C180018001893
:10B90000000C0006C003000E0018001000300030CC
:10B910000C300C300C100C18180CE0030000000068
:10B920000000000000000000000000000000000017
:10B930000006000600070007800680064006200675
:10B9400020061006100608060C0604060206FE3F36
:10B9500000060006000600060006C03F00000000CA
:10B9600000000000000000000000000000000000D7
:10B97000F03FF03F08000800080008000800080039
:10B98000C807280C181808100030003000300030AC
:10B990000C300C3004180418180CE00300000000F0
:10B9A0000000000000000000000000000000000097
:10B9B00080076018301810181800080008000C00E4
:10B9C000CC076C0C1C181C100C300C300C300C30DC
:10B9D0000C30183018103018700CC0070000000030
:10B9E0000000000000000000000000000000000057
:10B9F000F83FF83F08100C08040804040004000293
:10BA00000002000200010001800080008000800030
:10BA1000C000C000C000C000C000C00000000000A6
:10BA20000000000000000000000000000000000016
:10BA3000E007300C18180C300C300C301C301C1087
:10BA40007818F004E003180F0C1E0C1C06380630A2
:10BA50000630063006300C18180CE0030000000019
:10BA600000000000000000000000000000000000D6
:10BA7000E00318040C080C180610063006300630D7
:10BA8000063006300E380C341836F031003000180D
:10BA9000001800080C0C0C060C03F001000000005C
:10BAA0000000000000000000000000000000000096
:10BAB0000000000000000000000000000000800105
:10BAC000C003C0038001000000000000000000006F
:10BAD000000000008001C003C003800100000000DE
:10BAE0000000000000000000000000000000000056
:10BAF0000000000000000000000000000000000046
:10BB0000C001C001C00100000000000000000000F2
:10BB1000000000000000C001C001C0018001C000A1
:10BB2000C000000000000000000000000000000055
:10BB30000020001000080004000200018000400006
:10BB400020001000080008001000200040008000C5
:10BB500000010002000400080010002000000000A6
:10BB600000000000000000000000000000000000D5
:10BB70000000000000000000000000000000FE7F48
:10BB800000000000000000000000FE7F0000000038
:10BB900000000000000000000000000000000000A5
:10BBA0000000000000000000000000000000000095
:10BBB0000400080010002000400080000001000286
:10BBC000000400080010001000080004000200013A
:10BBD0008000400020001000080004000000000069
:10BBE0000000000000000000000000000000000055
:10BBF000C0073018183008600C601C601C601C60A6
:10BC000000300018000E00030001000100010001D7
:10BC1000000000008001C003C0038001000000009C
:10BC20000000000000000000000000000000000014
:10BC3000C0076008301018200C2B8C4D844CC64C6B
:10BC4000C6446644664466446646662666266417AD
:10BC5000CC0C0C40082018303018C0070000000041
:10BC600000000000000000000000000000000000D4
:10BC7000C001C001C001C001200320032003200334
:10BC800030021006100610061004F80F080C080CFD
:10BC9000080C04180418041806381F7C0000000063
:10BCA0000000000000000000000000000000000094
:10BCB000FE07181C181818301830183018301830B3
:10BCC0001818180CF8071818183018201860186081
:10BCD00018601860186018301818FE0F0000000077
:10BCE0000000000000000000000000000000000054
:10BCF000C0076038103018600C400C400C00060083
:10BD00000600060006000600060006000600060003
:10BD10000C400C40082018103008C007000000003C
:10BD20000000000000000000000000000000000013
:10BD3000FE03180E18181810183018301860186004
:10BD40001860186018601860186018601860182073
:10BD500018301830181818181806FE0300000000D4
:10BD600000000000000000000000000000000000D3
:10BD7000FE3F183018201840184018001800180806
:10BD80001808180CF80F180C1808180818001800D4
:10BD900018001840184018201830FE3F000000001E
:10BDA0000000000000000000000000000000000093
:10BDB000FE3F1838182018401840180018001808BE
:10BDC0001808180CF80F180C18081808180818008C
:10BDD000180018001800180018007E00000000006D
:10BDE0000000000000000000000000000000000053
:10BDF000C003300C100818180C100C1004000600BA
:10BE00000600060006000600067E0618061804183E
:10BE10000C180C18081818183004E0030000000073
:10BE20000000000000000000000000000000000012
:10BE30003FFC0C300C300C300C300C300C300C3023
:10BE40000C300C30FC3F0C300C300C300C300C3013
:10BE50000C300C300C300C300C303FFC000000007B
:10BE600000000000000000000000000000000000D2
:10BE7000F81F800180018001800180018001800124
:10BE800080018001800180018001800180018001AA
:10BE900080018001800180018001F81F0000000006
:10BEA0000000000000000000000000000000000092
:10BEB000E07F0006000600060006000600060006F9
:10BEC0000006000600060006000600060006000642
:10BED0000006000600060006000600060E060E0319
:10BEE0008E01FC00000000000000000000000000C7
:10BEF0007E3E180C18041806180218011801980044
:10BF00009800D800B801B8011803180318061806DD
:10BF1000180C180C180C181818187E7C000000005B
:10BF20000000000000000000000000000000000011
:10BF30007E001800180018001800180018001800DB
:10BF40001800180018001800180018001800180031
:10BF500018001840184018201830FE3F000000005C
:10BF600000000000000000000000000000000000D1
:10BF70000FF01C381C381C381C381C343434343452
:10BF800034343432343264326432643264314431B1
:10BF9000C431C431C430C43084308FFC0000000090
:10BFA0000000000000000000000000000000000091
:10BFB0000FF81C201C203420342064206420C4206E
:10BFC000C420842184210423042304260426042C71
:10BFD000042C04380438043004301F200000000012
:10BFE0000000000000000000000000000000000051
:10BFF000C003300C181808100C300C3006200660F6
:10C000000660066006600660066006600660046002
:10C010000C300C3008101818300CC0030000000061
:10C020000000000000000000000000000000000010
:10C03000FE0F181818301860186018601860186023
:10C04000186018301818F8071800180018001800A1
:10C05000180018001800180018007E0000000000EA
:10C0600000000000000000000000000000000000D0
:10C07000C003300C181808100C300C300660066035
:10C080000660066006600660066006600660066080
:10C09000E4211C331C36181E300EC007004C003C37
:10C0A0000038000000000000000000000000000058
:10C0B000FE07181C181818301830183018301830AF
:10C0C0001818180CF807180318031806180618068D
:10C0D000180C180C180C181818187E78000000009E
:10C0E0000000000000000000000000000000000050
:10C0F000F013181E0C1806180610061006000E0085
:10C100003C00F800E003800F001E001800380230E9
:10C110000230063004300C181C0CE407000000004C
:10C12000000000000000000000000000000000000F
:10C13000FC3F8C2184618241824180018001800129
:10C1400080018001800180018001800180018001E7
:10C1500080018001800180018001E0070000000073
:10C1600000000000000000000000000000000000CF
:10C170003F7C0C100C100C100C100C100C100C1040
:10C180000C100C100C100C100C100C100C100C10CF
:10C190000C100C100C1018083804E003000000000C
:10C1A000000000000000000000000000000000008F
:10C1B0003E78183018101810181030083008300861
:10C1C000300830046004600460046002C002C002F1
:10C1D000C002C001800180018000800000000000DA
:10C1E000000000000000000000000000000000004F
:10C1F000CFF386618621842104210C238C238C2398
:10C200008C138C138813481258165816580E380E73
:10C21000300E300E300C300410041004000000000A
:10C22000000000000000000000000000000000000E
:10C230003E7C181018083008300460046002C00208
:10C24000C001800180018001800340034006200678
:10C25000200E100C100C181808383E7C000000004E
:10C2600000000000000000000000000000000000CE
:10C270007E7C1C1018101808300830083004600448
:10C280006004C002C002C001800180018001800101
:10C2900080018001800180018001E0070000000032
:10C2A000000000000000000000000000000000008E
:10C2B000F87F383018300C180418000C00060006FF
:10C2C0000003000380018001C000C0006000600026
:10C2D0003000184018600C200C38FE3F00000000B1
:10C2E00000000000000000000000C03FC000C000CF
:10C2F000C000C000C000C000C000C000C000C0003E
:10C30000C000C000C000C000C000C000C000C0002D
:10C31000C000C000C000C000C000C000C000C03FDE
:10C3200000000000000000000000000000001800F5
:10C330001800100030002000600060004000C000C5
:10C340008000800180010001000300020006000659
:10C35000000C000C000C00180018003000300030F9
:10C3600000600000000000000000FC030003000368
:10C3700000030003000300030003000300030003A5
:10C380000003000300030003000300030003000395
:10C390000003000300030003000300030003FC0389
:10C3A0000000000000000000C003C0076004100887
:10C3B000000000000000000000000000000000007D
:10C3C000000000000000000000000000000000006D
:10C3D000000000000000000000000000000000005D
:10C3E000000000000000000000000000000000004D
:10C3F000000000000000000000000000000000003D
:10C40000000000000000000000000000000000002C
:10C41000000000000000000000000000000000001C
:10C420000000FFFF000000007800C00000010000D5
:10C4300000000000000000000000000000000000FC
:10C4400000000000000000000000000000000000EC
:10C4500000000000000000000000000000000000DC
:10C4600000000000000000000000000000000000CC
:10C470000000000000000000000000000000E007D5
:10C48000180C0C180C180C18001CE01B38180C1891
:10C4900006180618061806980C9EF8710000000091
:10C4A000000000000000000000000000000010007C
:10C4B0001E0018001800180018001800180098072F
:10C4C000581C3818383018301830183018301830D8
:10C4D0001830183018103818380CC8070000000041
:10C4E000000000000000000000000000000000004C
:10C4F0000000000000000000000000000000C00775
:10C500007008301818180C180C000C000C000C00E7
:10C510000C000C20182018103008C0070000000084
:10C5200000000000000000000000000000000010FB
:10C53000001E001800180018001800180018E01B52
:10C54000301C181818180C180C180C180C180C188B
:10C550000C180C180818181C307AE00900000000AC
:10C5600000000000000000000000000000000000CB
:10C570000000000000000000000000000000C003F8
:10C58000300C101818100C300C300C30FC3F0C0024
:10C590000C000C00182018107018C00700000000D4
:10C5A000000000000000000000000000000000008B
:10C5B000003E80618060C060C000C000C000FC1F01
:10C5C000C000C000C000C000C000C000C000C0006B
:10C5D000C000C000C000C000C000F80F0000000094
:10C5E000000000000000000000000000000000004B
:10C5F0000000000000000000000000000000C07704
:10C60000306C10181818181818181018300CF0077B
:10C6100018001800F803F01F18380C300C300C30DC
:10C620001818E007000000000000000000001000E3
:10C630001E001800180018001800180018009807AD
:10C64000580C381818181818181818181818181816
:10C65000181818181818181818187E7E00000000EE
:10C6600000000000000000000000000000000000CA
:10C670008001C00380010000000000000001F801FB
:10C6800080018001800180018001800180018001A2
:10C6900080018001800180018001F81F00000000FE
:10C6A000000000000000000000000000000000008A
:10C6B000001C001E000C0000000000000008C00F5D
:10C6C000000C000C000C000C000C000C000C000C0A
:10C6D000000C000C000C000C000C000C000C1806E8
:10C6E0001802F0010000000000000000000010002F
:10C6F0001E00180018001800180018001800183E36
:10C70000180C1804180218019801D801780338038E
:10C710001806180C180C181818387E7C0000000039
:10C720000000000000000000000000000000000108
:10C73000F801800180018001800180018001800179
:10C7400080018001800180018001800180018001E1
:10C7500080018001800180018001F81F000000003D
:10C7600000000000000000000000000000000000C9
:10C770000000000000000000000000000400F73C82
:10C780008E63866186618661866186618661866167
:10C7900086618661866186618661CFF30000000054
:10C7A0000000000000000000000000000000000089
:10C7B00000000000000000000000000000009007E2
:10C7C0005E0C38181818181818181818181818188F
:10C7D000181818181818181818187E7E000000006D
:10C7E0000000000000000000000000000000000049
:10C7F0000000000000000000000000000000C00376
:10C80000300C1018181808300C300C300C300C306C
:10C810000C300C3018181818300CC0030000000041
:10C820000000000000000000000000000000000008
:10C830000000000000000000000000000000900761
:10C840005E0C38181810183018301830183018309E
:10C850001830183018183818780C98071800180075
:10C8600018007E0000000000000000000000000032
:10C870000000000000000000000000000000C013E5
:10C88000301E181C18180C180C180C180C180C1842
:10C890000C180C180818181C301EE0190018001885
:10C8A0000018007E000000000000000000000000F2
:10C8B00000000000000000000000000000006038E0
:10C8C0007E666061E001E000600060006000600082
:10C8D00060006000600060006000FE070000000073
:10C8E0000000000000000000000000000000000048
:10C8F0000000000000000000000000000000C02751
:10C9000060383030302030207000E003800F001E8F
:10C9100000380830083018303818C80F0000000000
:10C920000000000000000000000000000000000007
:10C9300000000000800080008000C000E000FC1FBC
:10C94000C000C000C000C000C000C000C000C000E7
:10C95000C000C000C020C0208011000F00000000F7
:10C9600000000000000000000000000000000000C7
:10C9700000000000000000000000000010101E1E5B
:10C980001818181818181818181818181818181827
:10C99000181818181818181C307AE0090000000040
:10C9A0000000000000000000000000000000000087
:10C9B00000000000000000000000000000003E7CBD
:10C9C000183018101818300830082004600460046B
:10C9D000C002C002C003800180018000000000008E
:10C9E0000000000000000000000000000000000047
:10C9F0000000000000000000000000000000DFF365
:10CA0000866184218C218C218C1388135813581231
:10CA1000580E700E300E300C300420040000000060
:10CA20000000000000000000000000000000000006
:10CA300000000000000000000000000000007C3E3C
:10CA4000300870086004C002C002800180018003C9
:10CA500040062006200C101818183E7E000000002A
:10CA600000000000000000000000000000000000C6
:10CA700000000000000000000000000000003E7CFC
:10CA800018181808100830082004600460044002D8
:10CA9000C002800280018001800080008000400090
:10CAA0007C003C00000000000000000000000000CE
:10CAB0000000000000000000000000000000FC1F5B
:10CAC0000C1C0C0C0406040700038001C001C0000C
:10CAD00060007020302018300C18FC1F000000008F
:10CAE0000000000000000000003000080004000406
:10CAF0000004000400040004000400040004000416
:10CB0000000400038001000200040004000400048B
:10CB100000040004000400040004000400040008F1
:10CB200000300000000100010001000100010001CF
:10CB300000010001000100010001000100010001ED
:10CB400000010001000100010001000100010001DD
:10CB500000010001000100010001000100010001CD
:10CB6000000100010000000018002000400040000B
:10CB700040004000400040004000400040004000B5
:10CB80004000800100038000400040004000400061
:10CB900040004000400040004000400040002000B5
:10CBA0001800000000007800C40082410241002704
:10CBB000001C000000000000000000000000000059
:10CBC0000000000000000000000000000000000065
:10CBD0000000000000000000000000000000000055
:10CBE0000000000000000000000000000000000045
:10CBF0000000000000000000000000000000000035
:10CC00000000000000000000000000000000000024
:10CC10000000000000000000000000006000600054
:10CC200060006000600060006000400020002000A4
:10CC300020000000000000006000600060000000B4
:10CC4000000000000000000060066006300398014C
:10CC50008800440000000000000000000000000008
:10CC600000000000000000000000000000000000C4
:10CC70000000000000000000000000001002100290
:10CC800010021002FE07FE07080208010801080151
:10CC90000801FE07FE07040104010401040100006D
:10CCA0000000000000000000000040004000F00113
:10CCB00058034C03CC034C0058007000E000C00146
:10CCC000C00140034C035C034C034801F0004000EA
:10CCD0004000000000000000000000000E010A01FA
:10CCE000910091009100510051003A00AE03A00262
:10CCF000500450044804480448048402840300009B
:10CD000000000000000000000000000038006C007F
:10CD10006C006C006C006C002C0098071C011A0160
:10CD2000330133016301E300C308C6093C07000077
:10CD300000000000000000000C001C0010001000AB
:10CD400008000400000000000000000000000000D7
:10CD500000000000000000000000000000000000D3
:10CD6000000000000000000000040002000180003C
:10CD70008000400040002000200020002000200013
:10CD800020002000400040008000800000010002E0
:10CD90000004000000000000020004000800100071
:10CDA00010002000200040004000400040004000F3
:10CDB0004000400020002000100010000800040087
:10CDC0000200000000000000000000000000000061
:10CDD0004000C0004000460C4E0FD001F0015E0F35
:10CDE000460C400040004000000000000000000031
:10CDF0000000000000000000000000000000000033
:10CE0000000040004000400040004000FE0F400095
:10CE10004000400040004000000000000000000012
:10CE20000000000000000000000000000000000002
:10CE300000000000000000000000000000000000F2
:10CE400000000000000000000C001C00100010009A
:10CE500008000400000000000000000000000000C6
:10CE6000000000000000000000000000FE070000BD
:10CE700000000000000000000000000000000000B2
:10CE800000000000000000000000000000000000A2
:10CE90000000000000000000000000000000000092
:10CEA00000000000000000001C001C001C0000002E
:10CEB0000000000000000000000400060002000363
:10CEC0000001000180008000400040006000200060
:10CED000200010001000080008000C0004000600EC
:10CEE0000200000000000000000000000000F00050
:10CEF00098010C030C03060606060606060606063F
:10CF00000606060606060C030C039801F000000056
:10CF100000000000000000000000000000004000D1
:10CF20007C006000600060006000600060006000E5
:10CF3000600060006000600060006000FC030000B2
:10CF40000000000000000000000000000000F800E9
:10CF50008401020306030603000300018001C000F0
:10CF6000600020001000080204020602FE03000018
:10CF70000000000000000000000000000000780039
:10CF8000C6008601860180018001C000700080011A
:10CF9000000100030003060306038601F8000000F9
:10CFA0000000000000000000000000000000800100
:10CFB0008001C001A001A0019001880188018401C5
:10CFC0008201FE0F8001800180018001E0070000E6
:10CFD0000000000000000000000000000000FC0352
:10CFE00004000400040004000400F4008C010403A5
:10CFF000000300030603060382018401F800000019
:10D000000000000000000000000000000000E0013F
:10D0100018030C030C0004000600E60116030E06BC
:10D0200006060606060604060C021803F0000000B9
:10D030000000000000000000000000000000F807F1
:10D040000C06040204010001000180008000400081
:10D050004000400060006000600060006000000070
:10D060000000000000000000000000000000F801C7
:10D070000C030606060606060C021C03F000C80197
:10D080000C0306060606060606060C03F001000061
:10D090000000000000000000000000000000F000A0
:10D0A0000C010C03060206060606060606078C0699
:10D0B00078060006000300030C018C0178000000D4
:10D0C0000000000000000000000000000000000060
:10D0D0000000000000000000E000E000E0000000B0
:10D0E0000000000000000000E000E000E0000000A0
:10D0F0000000000000000000000000000000000030
:10D10000000000000000000060006000000000005F
:10D11000000000000000000000006000600040000F
:10D1200020002000000000000000000000040002B9
:10D1300000018000400020001000080004000800EA
:10D1400010002000400080000001000200040000E8
:10D1500000000000000000000000000000000000CF
:10D160000000000000000000FE07000000000000BA
:10D17000FE070000000000000000000000000000AA
:10D180000000000000000000000000000400080093
:10D190001000200040008000000100020004000296
:10D1A0000001800040002000100008000400000082
:10D1B0000000000000000000000000000000E0038C
:10D1C0001806040C040C0C0C0C0C00078001400029
:10D1D0004000400000000000E000E000E00000002F
:10D1E000000000000000000000000000E000180344
:10D1F0000C02CC0564056605A605B604B604B604A3
:10D20000B604B602E4010C040C021803F00000009E
:10D2100000000000000000000000000000006000AE
:10D2200060005000D0009000900088008801080144
:10D23000F801040304030402020202060F0F0000B7
:10D240000000000000000000000000000000FE00E0
:10D250008C030C030C030C030C038C01FC000C036B
:10D260000C020C060C060C060C060C03FE0100005A
:10D270000000000000000000000000000000E003CB
:10D2800018030C060C040404060006000600060041
:10D290000600060006040C040C021803F00000004F
:10D2A00000000000000000000000000000007F00FF
:10D2B0008C010C030C030C060C060C060C060C0669
:10D2C0000C060C060C060C030C038C017F000000FE
:10D2D0000000000000000000000000000000FF034C
:10D2E000060306040604060086008600FE0086008B
:10D2F000860086000600060406040602FF030000FE
:10D300000000000000000000000000000000FF031B
:10D31000060306040604060086008600FE0086005A
:10D320008600860006000600060006001F000000BA
:10D330000000000000000000000000000000F000FD
:10D3400018010C020C02040206000600060006008A
:10D35000C60F060306030C030C031803F0000000BD
:10D3600000000000000000000000000000000F0F9F
:10D37000060606060606060606060606FE07060654
:10D380000606060606060606060606060F0F000037
:10D390000000000000000000000000000000FC038E
:10D3A000600060006000600060006000600060007D
:10D3B000600060006000600060006000FC0300002E
:10D3C0000000000000000000000000000000F8075E
:10D3D000C000C000C000C000C000C000C000C0004D
:10D3E000C000C000C000C000C000C000C000C60037
:10D3F00066003C0000000000000000000000CF03B9
:10D400008601C60046002600160036002E006E007B
:10D410004600C60086008601060106038F0700004D
:10D4200000000000000000000000000000001F00DD
:10D4300006000600060006000600060006000600BC
:10D44000060006000600060406040602FF030000AC
:10D4500000000000000000000000000000000707BE
:10D46000860386038E038E034E034E034A035A033C
:10D470005A033A03320332033203120387070000D0
:10D4800000000000000000000000000000008E0FFF
:10D490000C021C021C0234023402640264024402C4
:10D4A000C402840284038403040304031F020000F3
:10D4B0000000000000000000000000000000F0007C
:10D4C00098010C030C02060606060606060606066A
:10D4D0000606060606060C020C039801F000000082
:10D4E0000000000000000000000000000000FF003D
:10D4F0000603060606060606060606068603FE0060
:10D500000600060006000600060006001F000000D8
:10D510000000000000000000000000000000F0001B
:10D5200098010C030C020606060606060606060609
:10D530000606060676064C02CC039801F00080072A
:10D540000003000000000000000000000000FF01D8
:10D55000060306060606060606060603FE00460045
:10D56000C600860086010603060306060F0E0000AD
:10D570000000000000000000000000000000F802B1
:10D580000C030602060206000E003C00F800E00351
:10D59000800300070206020606060C03F0010000E5
:10D5A0000000000000000000000000000000FE0776
:10D5B0006204610861086000600060006000600053
:10D5C000600060006000600060006000F801000022
:10D5D00000000000000000000000000000001E0726
:10D5E0000C020C020C020C020C020C020C020C02CB
:10D5F0000C020C020C020C020C021801F0000000DC
:10D6000000000000000000000000000000000F0704
:10D610000602040104010C010C0188008800980036
:10D6200098005000500070003000200020000000E2
:10D630000000000000000000000000000000F70EE5
:10D64000620442044604460464026402E402E40202
:10D650009C029C01980198018801880088000000C4
:10D6600000000000000000000000000000009E0715
:10D670000C01080118019000B0006000200060005B
:10D680006000D00090008801080104038E070000AC
:10D6900000000000000000000000000000000F0F6C
:10D6A000060404020C0208011801B800B000700062
:10D6B000600060006000600060006000F801000031
:10D6C0000000000000000000000000000000FC0757
:10D6D0000C0206030201800180004000400020008F
:10D6E00020001000180008040C040402FE030000CF
:10D6F0000000000000000000E003200020002000E7
:10D700002000200020002000200020002000200019
:10D710002000200020002000200020002000200009
:10D72000E00300000000000000000000040004000E
:10D730000800080010001000100020002000400029
:10D740004000C000800080000001000100020002D3
:10D7500000020004000000007C0040004000400087
:10D7600040004000400040004000400040004000B9
:10D7700040004000400040004000400040004000A9
:10D780007C00000000006000900008010000000024
:10D790000000000000000000000000000000000089
:10D7A0000000000000000000000000000000000079
:10D7B0000000000000000000000000000000000069
:10D7C0000000000000000000000000000000000059
:10D7D0000000000000000000000000000000000049
:10D7E0000000FF0F000000001800600000000000B3
:10D7F0000000000000000000000000000000000029
:10D800000000000000000000000000000000000018
:10D810000000000000000000000000000000000008
:10D820000000000000000000F0010C030C030003E6
:10D83000E0031C030E03060306038E0B7C0E0000A0
:10D8400000000000000000000000000008000E00C2
:10D850000C000C000C000C00CC013C031C060C0658
:10D860000C060C060C060C060C021C03E40100005E
:10D8700000000000000000000000000000000000A8
:10D880000000000000000000F0008C018C01860107
:10D8900006000600060006020C020C01F000000063
:10D8A0000000000000000000000000000002C003B3
:10D8B000000300030003000378038C030C0306033A
:10D8C000060306030603060304038C077801000021
:10D8D0000000000000000000000000000000000048
:10D8E0000000000000000000E001180308020C0620
:10D8F0000C06FC070C000C0018041802E0010000E4
:10D900000000000000000000000000000000C00354
:10D910006006300630003000FE013000300030007C
:10D92000300030003000300030003000FC010000DA
:10D9300000000000000000000000000000000000E7
:10D940000000000000000000F007D8068C018C01E8
:10D950008C019801F8000C00FC00CC0306030603C0
:10D960008E03F800000000000000000008000E0018
:10D970000C000C000C000C00EC011C030C030C034D
:10D980000C030C030C030C030C030C039E07000098
:10D990000000000000000000000000000000600027
:10D9A00060000000000040007C006000600060003B
:10D9B000600060006000600060006000FC03000028
:10D9C0000000000000000000000000000000C00196
:10D9D000C001000000000001F00180018001800111
:10D9E000800180018001800180018001800180012F
:10D9F000CC007C00000000000000000008000E00C9
:10DA00000C000C000C000C008C038C008C004C00F3
:10DA10006C005C008C008C010C010C039E07000064
:10DA200000000000000000000000000040007C003A
:10DA300060006000600060006000600060006000E6
:10DA4000600060006000600060006000FC03000097
:10DA500000000000000000000000000000000000C6
:10DA600000000000000000003707EE0666066606AC
:10DA7000660666066606660666066606FF0F000010
:10DA80000000000000000000000000000000000096
:10DA90000000000000000000EE011C030C030C035A
:10DAA0000C030C030C030C030C030C039E07000077
:10DAB0000000000000000000000000000000000066
:10DAC0000000000000000000F00098010C030606B2
:10DAD00006060606060606060C030C03F000000008
:10DAE0000000000000000000000000000000000036
:10DAF0000000000000000000EE011C030C060C06F4
:10DB00000C060C060C060C060C031C03EC010C00A6
:10DB10000C003E00000000000000000000000000BB
:10DB2000000000000000000078028C030C030603D4
:10DB3000060306030603060304038C0378030003AD
:10DB40000003C0070000000000000000000000000B
:10DB500000000000000000009F035806380618006F
:10DB6000180018001800180018001800FF00000026
:10DB700000000000000000000000000000000000A5
:10DB80000000000000000000F0031C030C020C0267
:10DB90003800F000C003040304038C03FC01000000
:10DBA0000000000000000000000000000000000075
:10DBB0002000200030003000FE0130003000300036
:10DBC000300030003000300030023002E001000050
:10DBD0000000000000000000000000000000000045
:10DBE00000000000000008028E030C030C030C036D
:10DBF0000C030C030C030C030C039C0778010000BE
:10DC00000000000000000000000000000000000014
:10DC100000000000000000001E070C0208010801BF
:10DC200018019000B000B00060006000200000000B
:10DC300000000000000000000000000000000000E4
:10DC40000000000000000000F70E620446046402B9
:10DC50006402EC029C019801980198010800000000
:10DC600000000000000000000000000000000000B4
:10DC70000000000000000000BC0718011001B00007
:10DC800060006000E0009000080108039E070000AB
:10DC90000000000000000000000000000000000084
:10DCA00000000000000000009E07080108010801B4
:10DCB00090009000B0006000600060002000200034
:10DCC00024001C0000000000000000000000000014
:10DCD0000000000000000000FC018401C4004400BA
:10DCE000600020003000180208020C03FC01000054
:10DCF00000000000000000000003800080008000A1
:10DD000080008000800080008000400020004000F3
:10DD10008000800080008000800080008000800003
:10DD20000003000040004000400040004000400070
:10DD300040004000400040004000400040004000E3
:10DD400040004000400040004000400040004000D3
:10DD500040004000000000000C0010001000100007
:10DD600010001000100010001000200040002000E3
:10DD70001000100010001000100010001000100023
:10DD80000C00000000001C002204C20480030000FC
:10DD90000000000000000000000000000000000083
:10DDA0000000000000000000000000000000000073
:10DDB0000000000000000000000000000000000063
:10DDC0000000000000000000000000000000000053
:10DDD0000000000000000000000000000000000043
:10DDE0000000300030003000300030002000200003
:10DDF0002000200020000000000030003000000063
:10DE0000000000000000D800D8006C0024001200C0
:10DE10000000000000000000000000000000000002
:10DE200000000000000000000000000000000000F2
:10DE300000000000840084008400FF01840084004E
:10DE4000C60042004200FF014200420042000000C2
:10DE5000000000000000000000002000F800240185
:10DE60002401A401280030006000A00020012C0142
:10DE700024012401F8002000200000000000000020
:10DE8000000000008600490049002900290019000F
:10DE9000D60028012801280124012401C200000025
:10DEA0000000000000000000000000000C00120054
:10DEB00012001200EA004600460025002900390041
:10DEC00011003201CC00000000000000000006003C
:10DED0000600040002000100000000000000000035
:10DEE0000000000000000000000000000000000032
:10DEF0000000000000000001800040002000200021
:10DF00002000100010001000100010001000200071
:10DF100020002000400080000001000000000100FF
:10DF200002000400080008000800100010001000A3
:10DF30001000100010000800080008000400020093
:10DF400001000000000000000000000000002000B0
:10DF500020002603AE0370007000AE0326032000ED
:10DF60002000000000000000000000000000000091
:10DF70000000000000001000100010001000FF0161
:10DF80001000100010001000000000000000000051
:10DF90000000000000000000000000000000000081
:10DFA0000000000000000000000000000000000071
:10DFB000000006000600040002000100000000004E
:10DFC0000000000000000000000000000000FE0350
:10DFD0000000000000000000000000000000000041
:10DFE0000000000000000000000000000000000031
:10DFF0000000000000000000000000000000000021
:10E000000000060006000000000000000000000202
:10E010000001000180008000C0004000600020007E
:10E02000300010001800080008000400040002007E
:10E0300000000000000000000000000078008400E4
:10E040008400020102010201020102010201020137
:10E050008400840078000000000000000000000040
:10E060000000000010001C00100010001000100044
:10E070001000100010001000100010007C000000C4
:10E080000000000000000000000000007C00820092
:10E09000020102010201800040002000100008007F
:10E0A00004010201FE010000000000000000000069
:10E0B000000000003C00420082008200400070002E
:10E0C0008000000100010201020182007C000000CA
:10E0D0000000000000000000000040004000600060
:10E0E000500048004800440042004200FE01400049
:10E0F00040004000F00100000000000000000000AF
:10E1000000000000FC01040004000400040074008E
:10E110008C00000100010201020182007C0000006D
:10E12000000000000000000000000000F0000801F6
:10E130000401040002007A008600020102010201CB
:10E1400004018400780000000000000000000000CE
:10E1500000000000FE01820042004000200010008C
:10E16000100008000800080008000800080000006F
:10E1700000000000000000000000000078008400A3
:10E180000201020102018400780084000201020100
:10E190000201840078000000000000000000000080
:10E1A00000000000780084008200020102010201E8
:10E1B0008401780100018000820042003C000000E0
:10E1C000000000000000000000000000000000004F
:10E1D00000003000300000000000000000000000DF
:10E1E00000003000300000000000000000000000CF
:10E1F000000000000000000000000000100000000F
:10E2000000000000000000000000000010001000EE
:10E2100010001000000000000000800040002000FE
:10E220001000080004000200040008001000200094
:10E23000400080000000000000000000000000001E
:10E2400000000000000000000000FF0100000000CE
:10E250000000FF01000000000000000000000000BE
:10E2600000000000000000000000020004000800A0
:10E270001000200040008000400020001000080036
:10E280000400020000000000000000000000000088
:10E2900000007800840002010601060100018000F0
:10E2A000400020002000200000003000300000006E
:10E2B0000000000000000000000000007800C40022
:10E2C000F20159014901450125012501A500D900A7
:10E2D000020184007800000000000000000000003F
:10E2E000000000001000100028002800280028006E
:10E2F000440044007C00440082008200C70100000A
:10E300000000000000000000000000003F0042008C
:10E310004200420022003E00420082008200820051
:10E32000820042003F0000000000000000000000EA
:10E3300000000000780184010201020101000100D7
:10E3400001000100010001010201860078000000C7
:10E350000000000000000000000000003F00C200BC
:10E360008200020102010201020102010201020116
:10E37000820042003F00000000000000000000009A
:10E3800000000000FF0082000201420042007E0007
:10E39000420042000200020002018200FF00000071
:10E3A000000000000000000000000000FF008200EC
:10E3B0000201420042007E004200420002000200D0
:10E3C0000200020007000000000000000000000042
:10E3D0000000000070018801040102010200020037
:10E3E000020082030201020104010C01F00000009E
:10E3F000000000000000000000000000C7018200D3
:10E400008200820082008200FE0082008200820080
:10E4100082008200C7010000000000000000000030
:10E4200000000000FE00100010001000100010009E
:10E43000100010001000100010001000FE0000007E
:10E44000000000000000000000000000FC012000AF
:10E4500020002000200020002000200020002000BC
:10E4600020002000210011000E000000000000002C
:10E4700000000000E70142002200220012001A0002
:10E48000160022002200420042008200C701000064
:10E490000000000000000000000000000700020073
:10E4A000020002000200020002000200020002005C
:10E4B00002018200FF0000000000000000000000D8
:10E4C00000000000C701C600C600C600AA00AA00DE
:10E4D000AA00AA00AA00920092009200D7010000B0
:10E4E000000000000000000000000000C7018600DE
:10E4F0008A008A008A0092009200A200A200C20054
:10E50000C200C20087000000000000000000000000
:10E51000000000003800C600820001010101010175
:10E5200001010101010101018200C6003800000063
:10E530000000000000000000000000007F008200DA
:10E5400002010201020182007E00020002000200BC
:10E5500002000200070000000000000000000000B0
:10E56000000000003800C600820001010101010125
:10E570000101010101011901A600A6007800400176
:10E58000C000000000000000000000003F0042004A
:10E590008200820042003E0012002200220042005F
:10E5A000420082008701000000000000000000001F
:10E5B00000000000780184010201020002000C004A
:10E5C0007000800000010201020186007A00000054
:10E5D000000000000000000000000000FE0011012B
:10E5E00011011000100010001000100010001000A9
:10E5F00010001000380000000000000000000000C3
:10E6000000000000C70182008200820082008200B8
:10E6100082008200820082008200440038000000F4
:10E62000000000000000000000000000C7018200A0
:10E6300082004400440044004400280028002800D0
:10E640003800100010000000000000000000000072
:10E6500000000000BB019200920092009200AA000C
:10E66000AA00AA006A0044004400440044000000DC
:10E67000000000000000000000000000CE01840047
:10E6800044004800280030001000300028004800F6
:10E6900048008400CE0100000000000000000000DF
:10E6A00000000000C7018200440044002800280048
:10E6B00010001000100010001000100038000000C2
:10E6C000000000000000000000000000FC018400C9
:10E6D00082004000400020001000100008000800E8
:10E6E00004018400FE000000000000000000F001B2
:10E6F000100010001000100010001000100010009A
:10E700001000100010001000100010001000F001A8
:10E7100000000000000000000200040004000800E7
:10E720000800080010001000200020002000400019
:10E7300040008000800080000001000000003E00DA
:10E7400020002000200020002000200020002000C9
:10E7500020002000200020002000200020003E009B
:10E760000000000000003800280044000000000005
:10E770000000000000000000000000000000000099
:10E780000000000000000000000000000000000089
:10E790000000000000000000000000000000000079
:10E7A0000000000000000000000000000000000069
:10E7B0000000FF030000180020000000000000001F
:10E7C0000000000000000000000000000000000049
:10E7D0000000000000000000000000000000000039
:10E7E0000000000000000000000000007C0082002B
:10E7F0008200F0008C0082008200C202BC03000094
:10E800000000000000000000000000000300020003
:10E81000020002003A00460082008200820082006C
:10E82000820046003A0000000000000000000000E6
:10E8300000000000000000000000000078008400DC
:10E840008200020002000200020184007800000041
:10E85000000000000000000000000000C000800078
:10E8600080008000B800C400820082008200820024
:10E870008200C400B8010000000000000000000099
:10E88000000000000000000000000000780084008C
:10E890000201FE0102000200020184007800000073
:10E8A000000000000000000000000000E001100275
:10E8B00010001000FC0010001000100010001000EC
:10E8C00010001000FC00000000000000000000002C
:10E8D000000000000000000000000000F8018400BB
:10E8E000840084008400780004007C00840102011C
:10E8F0000201FC0000000000000000000300020014
:10E90000020002007A0086008200820082008200FB
:10E9100082008200C701000000000000000000002B
:10E920000000000018001800000000001C0010008B
:10E930001000100010001000100010007C000000FB
:10E940000000000000000000000000006000600007
:10E950000000000070004000400040004000400007
:10E96000400040004000400022001E000000000067
:10E97000000000000300020002000200E20022008A
:10E9800012000A001600220042008200C7010000A7
:10E990000000000000000000000000001E00100049
:10E9A00010001000100010001000100010001000E7
:10E9B00010001000FE000000000000000000000039
:10E9C0000000000000000000000000007F00920036
:10E9D000920092009200920092009200B701000013
:10E9E0000000000000000000000000000000000027
:10E9F000000000007B00860082008200820082000E
:10EA000082008200C701000000000000000000003A
:10EA100000000000000000000000000078008400FA
:10EA200002010201020102010201840078000000DB
:10EA300000000000000000000000000000000000D6
:10EA4000000000003B00460082008200820082003D
:10EA5000820046003A0002000200070000000000A9
:10EA6000000000000000000000000000B800C4002A
:10EA700082008200820082008200C400B800800010
:10EA80008000C00100000000000000000000000045
:10EA900000000000CE01280118000800080008004E
:10EAA000080008003E000000000000000000000018
:10EAB000000000000000000000000000BC00C200D8
:10EAC000820006003800C000820086007A00000044
:10EAD0000000000000000000000000000000100026
:10EAE00010001000FC0010001000100010001000BA
:10EAF0001000900060000000000000000000000016
:10EB0000000000000000000000000000C3008200C0
:10EB100082008200820082008200C200BC010000EC
:10EB200000000000000000000000000000000000E5
:10EB300000000000C7018200440044004400280097
:10EB4000280010001000000000000000000000007D
:10EB5000000000000000000000000000BB01920067
:10EB600092009200AA00AA00440044004400000061
:10EB70000000000000000000000000000000000095
:10EB800000000000CE01840048003000300030005A
:10EB900048008400CE0100000000000000000000DA
:10EBA000000000000000000000000000EE018400F2
:10EBB000880048004800500030002000100010007D
:10EBC00010000C0000000000000000000000000029
:10EBD00000000000FE00420022002000100008009B
:10EBE00084008200FE0000000000000000008001A0
:10EBF0004000400040004000400040006000100025
:10EC000060004000400040004000400040004000E4
:10EC100080010000200020002000200020002000B3
:10EC200020002000200020002000200020002000E4
:10EC3000200020002000200020002000000006000E
:10EC4000080008000800080008000800180020005C
:10EC50001800080008000800080008000800080064
:10EC6000060000001C0026022203C0010000000074
:10EC70000000000000000000000000000000000094
:10EC80000000000000000000000000000000000084
:10EC9000000000000000000000000000000000086C
:10ECA00008080808080800001818000000486C242C
:10ECB000120000000000000000000000000000241E
:10ECC00024247F1212127F12121200000000081C6E
:10ECD0002A2A0A0C1828282A2A1C080800000022C0
:10ECE000251515152A585454542200000000000C14
:10ECF0001212120A76252911916E000000060604F0
:10ED00000300000000000000000000000040201090
:10ED10001008080808080810102040000002040825
:10ED20000810101010101008080402000000000065
:10ED300008086B1C1C6B08080000000000000000A5
:10ED4000080808087F080808080000000000000004
:10ED500000000000000000000606040300000000A0
:10ED600000000000FE0000000000000000000000A5
:10ED700000000000000000000606000000008040C7
:10ED800040202010100808040402020000000018AF
:10ED9000244242424242424224180000000000083D
:10EDA0000E08080808080808083E00000000003C9B
:10EDB0004242422020100804427E00000000003C35
:10EDC0004242201820404042221C00000000002047
:10EDD0003028242422227E20207800000000007E9B
:10EDE0000202021A26404042221C000000000038A5
:10EDF0002402021A26424242241800000000007E2B
:10EE00002222101008080808080800000000003C32
:10EE10004242422418244242423C000000000018B2
:10EE20002442424264584040241C0000000000007C
:10EE30000000181800000000181800000000000072
:10EE40000000000800000000000808040000004066
:10EE500020100804020408102040000000000000F8
:10EE600000007F0000007F000000000000000002A2
:10EE70000408102040201008040200000000003C9C
:10EE80004242464020101000181800000000001CEC
:10EE9000225A555555552D42221C000000000008ED
:10EEA00008181414243C224242E700000000001F0E
:10EEB0002222221E22424242221F00000000007C29
:10EEC0004242010101010142221C00000000001F1A
:10EED0002242424242424242221F00000000003FC2
:10EEE0004212121E12120242423F00000000003F76
:10EEF0004212121E12120202020700000000003C21
:10EF00002222010101712122221C0000000000E7E1
:10EF1000424242427E42424242E700000000003E3E
:10EF20000808080808080808083E00000000007CDF
:10EF300010101010101010101010110F000000779A
:10EF400022120A0E0A121222227700000000000785
:10EF50000202020202020202427F00000000007769
:10EF6000363636362A2A2A2A2A6B0000000000E3A9
:10EF700046464A4A52525262624700000000001C54
:10EF80002241414141414141221C00000000003F1B
:10EF9000424242423E020202020700000000001C00
:10EFA0002241414141414D53321C60000000003F6D
:10EFB0004242423E1212222242C700000000007C60
:10EFC0004242020418204042423E00000000007FFE
:10EFD0004908080808080808081C0000000000E7A5
:10EFE0004242424242424242423C0000000000E7AC
:10EFF0004242222424141418080800000000006B68
:10F00000494949495555362222220000000000E7AF
:10F01000422424181818242442E700000000007736
:10F020002222141408080808081C00000000007EB2
:10F030002120101008040442423F00000078080814
:10F0400008080808080808080808780000000202F4
:10F05000040408080810102020204040001E101052
:10F06000101010101010101010101E000038440066
:10F070000000000000000000000000000000000090
:10F080000000000000000000000000FF0006080073
:10F090000000000000000000000000000000000070
:10F0A0000000003C4278444242FC000000000003A3
:10F0B0000202021A26424242261A00000000000004
:10F0C00000000038440202024438000000000060E2
:10F0D000404040784442424264D8000000000000B2
:10F0E0000000003C427E0202423C0000000000F0B2
:10F0F0008808087E08080808083E00000000000094
:10F100000000007C22221C023C42423C0000000322
:10F110000202023A4642424242E700000000000C6E
:10F120000C00000E08080808083E0000000000302F
:10F1300030000038202020202020221E0000000364
:10F1400002020272120A1612227700000000000E5C
:10F150000808080808080808083E00000000000029
:10F160000000007F9292929292B70000000000008F
:10F170000000003B4642424242E70000000000001F
:10F180000000003C42424242423C000000000000BD
:10F190000000001B26424242221E0207000000001F
:10F1A0000000007844424242447840E00000000001
:10F1B000000000774C040404041F0000000000005D
:10F1C0000000007C42023C40423E00000000000083
:10F1D0000008083E08080808083000000000000089
:10F1E000000000634242424262DC00000000000076
:10F1F000000000E74224241408080000000000007A
:10F20000000000EB49495555222200000000000093
:10F210000000007624181818246E0000000000007A
:10F22000000000E74224241418080807000000002A
:10F230000000007E22100808447E000000C020204C
:10F2400020202010202020202020C000101010108E
:10F2500010101010101010101010101000060808D8
:10F260000808081008080808080806000C32C20040
:10F27000000000000000000000000000000000008E
:10F280000000000000000000000004040404040466
:10F290000004000000140A0A000000000000000042
:10F2A000000014143F140A3F0A0A000000041E154F
:10F2B00005060C14150F0400000012150D0A142C7D
:10F2C0002A1200000000040A0A1E15150936000063
:10F2D00000020201000000000000000000201008F1
:10F2E0000808080808102000000204080808080898
:10F2F0000804020000000004150E0E1504000000B2
:10F3000000000404041F04040400000000000000C6
:10F31000000000000002020100000000001F0000C9
:10F3200000000000000000000000000000020000DB
:10F3300000100808080404020202010000000E1177
:10F3400011111111110E0000000004060404040440
:10F35000040E000000000E1111080402011F00003D
:10F3600000000E11100C1010110E00000000080C0F
:10F370000A0A091E0818000000001F01010F1010E2
:10F38000110E000000000E09010F1111110E0000F6
:10F3900000001F09080404040404000000000E110A
:10F3A000110E1111110E000000000E1111111E108E
:10F3B000120E000000000000040000000004000025
:10F3C00000000000000400000004040000201008F9
:10F3D0000402040810200000000000001F00001FAD
:10F3E00000000000000204081020100804020000C1
:10F3F00000000E11110804040004000000000E11AA
:10F400001915151D011E0000000004040C0A0A1E37
:10F410001233000000000F12120E1212120F000021
:10F4200000001E1101010101110E000000000F1269
:10F4300012121212120F000000001F120A0E0A020E
:10F44000121F000000001F120A0E0A02020700002D
:10F4500000001C1201013911120C000000003312CF
:10F46000121E12121233000000001F0404040404D0
:10F47000041F000000003E080808080808090700EB
:10F48000000037120A060A0A1237000000000702BD
:10F4900002020202223F000000001B1B1B1B15156D
:10F4A0001515000000003B1216161A1A121700005C
:10F4B00000000E1111111111110E000000000F12A9
:10F4C000120E02020207000000000E1111111117A6
:10F4D000190E180000000F12120E0A121237000047
:10F4E00000001E1101060810110F000000001F157A
:10F4F00004040404040E000000003312121212125D
:10F50000120C000000003312120A0A0C040400005E
:10F5100000001515150E0A0A0A0A000000001B0A51
:10F520000A04040A0A1B000000001B0A0A0404045F
:10F53000040E000000001F0908040402121F00004E
:10F54000001C04040404040404041C00000202025D
:10F550000404080808100000000E0808080808083D
:10F5600008080E0000040A0000000000000000006F
:10F5700000000000000000000000003F0004000048
:10F58000000000000000000000000000000C121C41
:10F59000123C000000000302020E1212120E0000C4
:10F5A00000000000001C1202021C000000001810E5
:10F5B000101C1212123C000000000000000C121E71
:10F5C000021C000000003804041E0404041E000095
:10F5D00000000000003C120C021E221C000003026E
:10F5E000020E12121237000000000400000604048C
:10F5F000040E000000000800000C080808080807B6
:10F6000000000302023A0A0E12370000000007044D
:10F6100004040404041F000000000000000F15157E
:10F620001515000000000000000F12121237000034
:10F6300000000000000C1212120C0000000000007C
:10F64000000F1212120E020700000000001C12121E
:10F65000121C103800000000001B06020207000008
:10F6600000000000001E020C101E0000000000043C
:10F67000040E04040418000000000000001B121215
:10F68000123C0000000000000037120A0C040000C9
:10F69000000000000015150E0A0A0000000000001E
:10F6A000001B0A040A1B0000000000000037120AB9
:10F6B0000C04040300000000001E0804041E0000E7
:10F6C00000180808080408080808180008080808AE
:10F6D00008080808080808080006040404080404C8
:10F6E00004040600022518000000000000000000CD
:10F6F00000000000010203040102030406070809D8
:10F700000006101600061016010002000400060094
:10F7100008000A000C0010002000400080000001DA
:10F7200001010103070100000804020408010101AE
:10F7300000000000312A03088D2B030800000000A0
:10F740004D2F0308820082004A020000000001E001
:10F7500001E0000000FF0055AAFF0024496D92B6A9
:10F76000DBFF00112233445566778899AABBCCDDB4
:10F77000EEFF000102030405060708090A0B0C0D41
:10F780000E0F101112131415161718191A1B1C1D21
:10F790001E1F202122232425262728292A2B2C2D11
:10F7A0002E2F303132333435363738393A3B3C3D01
:10F7B0003E3F404142434445464748494A4B4C4DF1
:10F7C0004E4F505152535455565758595A5B5C5DE1
:10F7D0005E5F606162636465666768696A6B6C6DD1
:10F7E0006E6F707172737475767778797A7B7C7DC1
:10F7F0007E7F808182838485868788898A8B8C8DB1
:10F800008E8F909192939495969798999A9B9C9DA0
:10F810009E9FA0A1A2A3A4A5A6A7A8A9AAABACAD90
:10F82000AEAFB0B1B2B3B4B5B6B7B8B9BABBBCBD80
:10F83000BEBFC0C1C2C3C4C5C6C7C8C9CACBCCCD70
:10F84000CECFD0D1D2D3D4D5D6D7D8D9DADBDCDD60
:10F85000DEDFE0E1E2E3E4E5E6E7E8E9EAEBECED50
:10F86000EEEFF0F1F2F3F4F5F6F7F8F9FAFBFCFD40
:10F87000FEFF808080818182828384858687898A59
:10F880008C8D8F91939597999B9EA0A2A5A7AAADC9
:10F89000AFB2B500FF1FFF1F01E001E02100200013
:10F8A0000A080B080D300C300E380F386400630066
:10F8B0000000000030F70408017902080000000091
:10F8C0000000000000000000C300C300041C000092
:10F8D00030F7040829C503080000000000000000FC
:10F8E0000000000064202B000000000030F7040836
:10F8F00025C6030800000000000000000000000012
:10F900006420D1270000000030F70408EB7B0208D8
:10F91000617C020800000000D17C02086420040120
:10F92000C008000030F70408558D020800000000F0
:10F9300000000000AD8D0208040104010104000074
:10F940002437050845F70208000000000000000009
:10F950000000000064203220010400000C5405085F
:10F96000405505085855050818550508445505081B
:10F970004C550508605505085055050824550508DF
:10F98000385505083C5505087C550508FC53050805
:10F9900090540508045505084855050814550508F0
:10F9A0001C5505082055050810510508285505085F
:10F9B0002C5505081851050884550508FC53050801
:10F9C0000055050838540508645505085C550508B8
:10F9D00010550508545505080855050834550508FF
:10F9E000305505083C540508305405086C5405088A
:10F9F000FC53050880550508745505080054050892
:10FA000078550508705505088855050895010402C4
:10FA100004020402040204020402040204020402B6
:10FA20000402870096010302030203020302030299
:10FA30000302030203020302870081028102010222
:10FA4000010201020102010201020102810281029E
:10FA50008102920182000600820092010C54050886
:10FA6000CC540508E45405089C540508D0540508F6
:10FA7000D8540508EC540508DC540508AC540508B6
:10FA8000C4540508C85405087C550508FC530508EE
:10FA90000C55050888540508D454050898540508E1
:10FAA000A0540508A4540508A8540508B054050836
:10FAB000B4540508B854050884550508FC530508D6
:10FAC0000055050838540508F0540508E8540508A1
:10FAD00094540508E05405088C540508C0540508E2
:10FAE000BC5405083C540508305405086C540508FE
:10FAF000FC53050880550508745505080054050891
:10FB000078550508705505088855050895010402C3
:10FB100004020402040204020402040204020402B5
:10FB20000402870096010302030203020302030298
:10FB30000302030203020302870081028102010221
:10FB4000010201020102010201020102810281029D
:10FB50008102920182000600820092014854050849
:10FB60004C540508505405085454050858540508C9
:10FB70005C54050860540508645405086854050879
:10FB8000445405087C550508FC5305080C55050828
:10FB90002C54050838540508405405082854050815
:10FBA00078540508185405080454050880540508BD
:10FBB00010540508745405087C540508FC530508C6
:10FBC000F854050884540508145405082054050801
:10FBD00024540508685505086C550508F4540508B3
:10FBE000FC54050870540508085405081C54050801
:10FBF000FC53050880550508745505080054050890
:10FC00007855050870550508885505080102010258
:10FC100001020102010201020102010201020102CC
:10FC200082009201010201020102010201020102AD
:10FC300001020102010201020102010201020102AC
:10FC4000010201020102010201020102010201029C
:10FC500001029201820006008200920148540508C8
:10FC60004C5405085054050880550508FC530508F8
:10FC700054540508585405085C5405087055050887
:10FC8000FC530508605405086454050868540508C9
:10FC90007C550508FC5305083454050844540508F0
:10FCA0003C5405087455050878550508885505081D
:10FCB0000100010001009201010001000100920118
:10FCC000010001000100020001000100010001002B
:10FCD0000100000030F704082D0D030800000000AB
:10FCE000000000004D0D03081A001A0080020000F9
:10FCF00030F70408000000000000000000000000D1
:10FD000000000000C30004010000000008370508DF
:10FD100000000000000000000000000000000000E3
:10FD20000000000000000000B037050800000000DF
:10FD300000000000000000000000000000000000C3
:10FD40000000000030F70408151903089D1A030885
:10FD50000000000000000000C30004014006000095
:10FD600030F70408CD1A0308031B03080000000045
:10FD7000000000006420D1278002000030F7040852
:10FD8000791A0308000000000000000000000000D5
:10FD90006420D1270000000030F70408AB1B0308E3
:10FDA0000000000000000000000000006420D127D7
:10FDB0000000000030F70408000000000000000010
:10FDC0000000000000000000D127D1270000000043
:10FDD00030F70408000000000000000000000000F0
:10FDE00000000000000000000000000030F70408E0
:10FDF0000000000000000000000000000000000003
:10FE0000000000000000000030F7040800000000BF
:10FE100000000000000000000000000000000000E2
:10FE20000000000030F7040800000000000000009F
:10FE300000000000000000000000000000000000C2
:10FE400030F70408411D03085F1D0308000000008F
:10FE50007D1D030800000000C003000030F7040807
:10FE60000000000000000000000000000000000092
:10FE70000401D1278003000030F7040800000000CF
:10FE80000000000000000000000000006420D127F6
:10FE90004002000030F704080000000000000000ED
:10FEA0000000000000000000642064204002000008
:10FEB00074380508598C0308000000000000000099
:10FEC000218D03080000000041070000D03605081E
:10FED0002191030800000000000000000000000065
:10FEE000000000000000000030F7040829A003080B
:10FEF0008DA1030800000000F9A10308642064201C
:10FF00000003000030F7040851AF030800000000B0
:10FF1000000000000000000000000000800200005F
:10FF200030F704088DAF0308000000000000000057
:10FF300000000000000000008002000030F704080C
:10FF400019BC0308000000000000000000000000D1
:10FF500064206420400200000EA0D90D90C80C80DF
:10FF6000B70A60110B80D91F0991F0881F0880F033
:10FF700088000000000D203C00000F0069002FFFEA
:10FF8000FFFFF7015C11A610006900C300008800A4
:10FF9000D2009FFFFFFFF012C523E22000D203C072
:10FFA0000000F004B0000000700000000E0000002F
:10FFB00000E0000019EFEA300CD6E6A702F40E00CC
:10FFC000001F80E000006FEF50000016FFE500000A
:10FFD0000E0AF00100E05F13F85E6EB005CFFE91EF
:10FFE00000000E0000000070000008DD3000A700D7
:10FFF0004B02D004C0007700D01D20004B03D0A7D7
:020000040805ED
:10000000000007DC34C4CC3000001D2D22D00000DD
:10001000A63B00B30005C03A00A3001D200D00D090
:1000200000A60004CC40004DFC300000F718C000D2
:1000300001F205D00000BB6E4000005FF300000736
:10004000E6DB03802F301DBAA05F0001DF401FB444
:1000500048FEC003BFFC40B200000000001F01F0DA
:100060001F00F0000003F10B900F404F007D009B3C
:1000700000AA00AA009B007D004F000F400B9003D8
:10008000F15E000E6008C004F001F300F500E60028
:10009000E600F501F304F008C00E605E0000930076
:1000A00088A6C209FE404DDDB142935000520000C7
:1000B0000450000008A0000008A0001FFFFFF30389
:1000C00039B3300008A0000008A0000103F61E604C
:1000D000E12C00000003FFF90333100003F52E406C
:1000E00000000E400004E000009A00000E400004F2
:1000F000F000009A00000E400003F000009A00009B
:100100000E500003F000009A00000E500003F000B3
:1001100000004CFE70004FB68F900DB0005F32F4BF
:100120000000E74F20000CA4F20000CA2F40000E90
:1001300070DB0005F204FB68F90004CFE700EFFB79
:1001400044CB00AB00AB00AB00AB00AB00AB00ABF3
:1001500000AB07DFEA108E857EC0010006F10000CB
:1001600006F000000D900000CC00001CC00001DB78
:1001700000001DE544427FFFFFF97FFFFFF02444AC
:100180005F900000BC000009E100003FD8100004AF
:100190006DD0000002F4100002F4BD757DD019DFAF
:1001A000EA1000000DA0000000AC00000007E10014
:1001B00000004F40100002F600F5001DA000F50001
:1001C0007FFFFFFFF3133333F730000000F500002B
:1001D0000000F50009FFFFF00AB444400C80000065
:1001E0000E7000000FFFFC4003345CF2000000F7CB
:1001F000100000F78E856CF108DFFB30002AEFD588
:10020000003FD657400CC0000002F40000004F5BD6
:10021000FFA104FE845DD03F80003F30E80003F280
:1002200006F845DC0005DFE9109FFFFFFD9D444413
:10023000E99C0004F200000BB000002F400000AD6C
:10024000000001F6000008E000000E8000006F10C2
:1002500000019EFE9100BE636EC00F60006F00CC77
:10026000202BC002EFFFE200DC424CD05F20001FD9
:1002700055F20002F50ED535DE001AEFEA1003BF85
:10028000EA202FA44BE18E0000E99D0000DD4F71B4
:1002900029FF07FFFC9E000210AC000002F6076574
:1002A0008FB00AEFD7002E53F50000000000003F8A
:1002B00052E42E53F50000000000002E52F60D21EE
:1002C000D001000000003100006CF2018ED6000F5A
:1002D000C300000AFB40000017EE70000005C300D9
:1002E0000000001FFFFFF303333330000000000065
:1002F0000000001FFFFFF303333330040000000E43
:10030000D71000005CF92000002AF20003AFB1060C
:10031000DE82001C6000000000000007DFEA109E83
:10032000746EC0010006F0000009C000008E2000BD
:1003300006F2000008700000000000000B800000C2
:100340000C900000006CEFDA4000003DA41016D9BC
:100350000001E509EE98CA900A80BD43AFC0D30FF3
:1003600013F2000CC0693C06D00007C03B4B06D01E
:100370000007C02C3C03F2000CC04A0F10BD439E86
:10038000E3C50A8009EE91CF9001E500000000006E
:10039000003DA41028000000007CEFD910000000F0
:1003A0000CF1000000003FD700000000B96E000013
:1003B0000002F20E50000009A007D000001F30001C
:1003C000F400007FFFFFFB0000E733334F2005F010
:1003D00000000C900C90000006F18FFFFEC408E3B3
:1003E000334BF28E00001F58E00018F18FFFFFF82A
:1003F00008E33337F68E000009C8E000009D8E3315
:10040000347F78FFFFFD700007CFFB4000CF966A76
:10041000F50AE20000301F600000004F20000000DD
:100420004F200000001F600000000AE200003001C1
:10043000CF966AF50007DFFB408FFFFEA4008E44D5
:1004400046CF708E000007F38E000000DA8E0000A9
:10045000009D8E0000009D8E000000DA8E000007D7
:10046000F38E4446BF708FFFFEA4008FFFFFF68E11
:100470004444418E0000008E0000008FFFFFC08EBC
:100480003333208E0000008E0000008E4444428FE3
:10049000FFFFF98FFFFFF68E4444418E0000008E6F
:1004A0000000008E0000008FFFFFC08E3333208ECF
:1004B0000000008E0000008E0000000007CFFC50FE
:1004C00000CF966AF60AE20000201F600000004F8D
:1004D000200000004F200000B91F600000B90AE3AF
:1004E0000000B900CF966AF80007DFFC608E0000BC
:1004F00008E8E000008E8E000008E8E000008E8F23
:10050000FFFFFFE8E333339E8E000008E8E00000C1
:100510008E8E000008E8E000008E8E8E8E8E8E8E0D
:100520008E8E8E8E02FFFFC00444BC000009C00006
:10053000009C000009C000009C000009C02000BA17
:100540000EB58F603CFE808E00004F508E0004F68A
:10055000008E003F70008E03F800008E2EC0000059
:100560008EECF600008FB07F30008E000AE1008E26
:100570000000CC008E00001EA08E0000008E000047
:10058000008E0000008E0000008E0000008E000033
:10059000008E0000008E0000008E4444408FFFFF5C
:1005A000F28E00000008E8F7000002FE8FF1000064
:1005B000BFE8DCA0004F9E8D2F300D87E8D09C0651
:1005C000E07E8D01E7E507E8D006FC007E8D000A9D
:1005D0002007E8D00000007E8E100008E8FC000034
:1005E0008E8FF90008E8E6F6008E8E09F308E8E041
:1005F0000CE18E8E001EB8E8E0003FEE8E00006F2A
:10060000E8E00000AE0007CFEB500000CF966BF99A
:10061000000AE200005F601F6000000AD04F200067
:100620000006F04F20000006F01F6000000AD00A0C
:10063000E200005F6000CF966BFA000007DFEB502E
:10064000008FFFFD7008E4458FB08E00005F38E03A
:100650000001F58E00003F48E0014DD08FFFFFB252
:1006600008E33310008E00000008E00000000007DF
:10067000CFEB500000CF966BF9000AE200005F60FC
:100680001F6000000AD04F20000006F04F2000003D
:1006900005F01F6000000AD00AE200005F6001DF81
:1006A000855AFA000008DFFC5000000001EC21949C
:1006B0000000001BFFC10000000012008FFFFD7052
:1006C00008E4458FB08E00005F38E00001F58E0031
:1006D000003F38E0014DD08FFFFFC208E333DA005E
:1006E0008E0002F608E00005F3019EFDA200CE6434
:1006F0006B702F40000001F800000006FD9500001F
:10070000016AEE500000009F00200005F13FA54760
:10071000EB004BEFE910FFFFFFFF2444BD44400016
:1007200009C00000009C00000009C00000009C00FF
:10073000000009C00000009C00000009C00000008B
:100740009C00009C00000BA9C00000BA9C00000B9C
:10075000A9C00000BA9C00000BA9C00000BA8E001E
:10076000000D94F40003F50CF868FD0009EFE910A2
:100770000CB000000AC05F200001F500E900008E07
:100780000008F0000E70001F6005F10000AD00C908
:10079000000003F43F3000000CBAC00000005FF519
:1007A00000000000EE00006F10000DB00002F21F0C
:1007B00060003FF10008D00BB0008BE6000D700622
:1007C000F000E69B002F2001F503F14F108D000093
:1007D000CA09B00E60D800006F0E6009B2F30000C5
:1007E0001F9F1004F9D000000CFB0000EF800000F8
:1007F00007F600009F30003F50000DA008F2009D5A
:100800000000CC04F300002F9E70000006FC0000E6
:100810000009FE1000004F4DB00001E802F7000B88
:10082000D0007F207F20000BD00CB000009C002F58
:1008300050002F30009E000C900000E805F10000F1
:1008400005F3E60000000CFD000000003F40000042
:100850000002F3000000002F3000000002F300004F
:100860004FFFFFFF9144444AF3000003F6000001EC
:10087000EA000000CC0000009E1000006F40000065
:100880003F7000001ED4444436FFFFFFFC8FF68DFE
:10089000318D008D008D008D008D008D008D008DBF
:1008A000008D008D008D318FF65D000000F200009C
:1008B0000B8000006D000001F200000B8000006D55
:1008C000000001F200000B7000006D000001F2005A
:1008D000000B7000006D000001F2BFF325F302F37E
:1008E00002F302F302F302F302F302F302F302F360
:1008F00002F325F3BFF300AD00001EC4000885A07D
:1009000000E20E105B00970B5002E0EEEEEEE00B03
:10091000C00009B004CFEA100B745DB0000004F011
:1009200004CEEEF21F8214F24F1004F21F703DF25B
:1009300004DFD7F2BA000000BA000000BA000000DD
:10094000BA8EFC30BFD54BF3BE1000CABA00007E91
:10095000BA00007EBE1000CABFD55BF3B98EFC3072
:10096000007DFD6009F748F42F5000205F00000073
:100970005F0000002F50002009F748F4007DFD6063
:100980000000001F40000001F40000001F4008EFBD
:10099000C4F40AF748FF42F50007F45F00002F4552
:1009A000F00001F42F50006F40AE637EF4008EFC27
:1009B0004F40008EFC400AD538F42F20008C5FEEAB
:1009C000EEFF5F2111112F70001009F846E4007D41
:1009D000FE80009EE305F44108C000CFFFF029D35C
:1009E0002008D00008D00008D00008D00008D000AF
:1009F00008D000007EFC4E60AF747FF62F50005F81
:100A000065F00000F65F00000F62F60006F609F7D9
:100A100047FF5007EFC4F50000003F20CB646EB0E5
:100A200003AEFD8000BA000000BA000000BA00006A
:100A300000BA8EFB20BFC56DD0BE0003F2BA000025
:100A4000F4BA0000F5BA0000F5BA0000F5BA0000EB
:100A5000F5BAA800BABABABABABABABA000AB000B5
:100A60009900000000AB000AB000AB000AB000AB78
:100A7000000AB000AB000AB000AA064E71DFA0BAAF
:100A8000000000BA000000BA000000BA001CC0BAA2
:100A900001CC00BA1CD100BBCF6000BFDBE100BDC0
:100AA00011DC00BA003F70BA0007F3BABABABABA9A
:100AB000BABABABABABAB99EFA15DFD40BFB45ED89
:100AC000E64AF2BE0006F6000E7BA0004F2000C9E9
:100AD000BA0003F1000C9BA0003F1000C9BA00034C
:100AE000F1000C9BA0003F1000C9B99EFB20BFB4D1
:100AF0005DD0BE0003F2BA0000F4BA0000F5BA00FF
:100B000000F5BA0000F5BA0000F5007DFD60009F19
:100B1000748F702F50007F05F00001F35F00002FED
:100B200032F50007F009F748F70007DFD600B98E65
:100B3000FC30BFC43AF3BE1000CABA00007EBA004F
:100B4000007EBE1000CABFD55BF3BA7EFC30BA008F
:100B50000000BA000000BA000000008EFC3F40AF69
:100B6000748EF42F50007F45F00001F45F00002FD9
:100B700042F50007F40AF748FF4008EFC4F400000C
:100B8000001F40000001F40000001F40B98E4BFD23
:100B900071BE100BB000BA000BA000BA000BA00091
:100BA00005DFEA13F735A06F000001EE9610016A29
:100BB000EF300000D96C646F62AEFD7008D00008A1
:100BC000D000CFFFF029D32008D00008D00008D0F3
:100BD0000008D00005F551009FE3C80002F3C800EB
:100BE00002F3C80002F3C80002F3C90003F3AB002C
:100BF00007F35F837EF306DFC5F30D90000AA06E56
:100C00000001F300F5007D0009C00E60003F24F0F4
:100C10000000C8B9000006FF3000000FC000C80087
:100C200006F1000D56D000CF6003F01F302F9C005E
:100C30009A00B807B2F10E4005E0D60C74E0000F40
:100C40006F007C990000AFA001FF400005F4000B8D
:100C5000E0004F3007E109D02F4000D9D900003F14
:100C6000D000004FE10001E7BB000BB01E707E100A
:100C700005F30D90000AA06F0001F300F6007D005F
:100C800009C00D60002F34F00000C9A9000005FF65
:100C90002000000EC0000000E5000094AD00001B25
:100CA000FC2000005FFFFFA13337F40001E70000E4
:100CB000CB00008E10004F40001EA33326FFFFFC28
:100CC000006EA00F9201F4001F4001F4003F303F7E
:100CD000C0006F3001F4001F4001F4001F4000FA13
:100CE0002005EA8B8B8B8B8B8B8B8B8B8B8B8B8BE6
:100CF0008BBE5002AE0005F0005F0005F0004F1003
:100D000000DF104F5005F0005F0005F0005F002A83
:100D1000E00BE40007EC40B41E25DFC0010000003A
:100D200004CC302B01C05700932B01C005CC3006FA
:100D3000A10FF60BE2000000000000000000000020
:100D400000027BFB000000049DFFFFD00003AFFF0B
:100D5000FFFFFD0000AFFFFFFFDFD0000AFFFFB67F
:100D600010ED0000AF9400000ED0000AF10000006A
:100D7000ED0000AF1000000ED0000AF1000045FDAC
:100D80000000AF1001EFFFD0179DF1005FFFFC0ED8
:100D9000FFFF1000AFFD31FFFFE00000010003BDC9
:100DA000A3000000000050188888888405FABFDD81
:100DB000DDDDFDAFE47F100000CA4EE04F10000003
:100DC000C80EFEEF100000CFEFE03FEEEEEEF80EA3
:100DD000F68F766666EB6FF8AF100000CC8FE03FC1
:100DE000100000C80EFCDF655555EECFC25FFFFF57
:100DF000FFF92C57750577777775FFFF1FFFFFFF0A
:100E0000FFFFFF2FFFFFFFFFEFFF0EFFFFFFFE01C2
:100E1000100011111110EFFE0EFFFFFFFEFFFF2F5C
:100E2000FFFFFFFFFFFF1FFFFFFFFF6887078888A7
:100E3000888668870788888886FFFF1FFFFFFFFF77
:100E4000FFFF2FFFFFFFFFDFFD0DFFFFFFFD000096
:100E5000000000015000000000001DF8000000002C
:100E600001DFFD000000001DFFE22D600001DFFE3C
:100E700020DFF7001DFFE2008FFF71DFFE2000087A
:100E8000FFFEFFE20000008FFFFE2000000008FFD1
:100E9000E200000000007D200000000000000000D3
:100EA0007F60000BE2EFF600BFF84FFF6BFFD1044D
:100EB000FFFFFD10005FFFE10000BFFFF6000BFF2A
:100EC000DFFF60BFFD14FFF5CFD1004FF617100014
:100ED000036000000011000000000000FF0000009F
:100EE000006F21FF12F70006FF61FF16FF601FF978
:100EF00001FF109FF16FE001FF100EF6AF8001FFC0
:100F00001008FACF6001FF1006FCAF8000AA0008AD
:100F1000FB7FD00000000DF71FF80000008FF107E5
:100F2000FF91002AFF70009FFFEEFFF9000005CF40
:100F3000FFFD5000000002442000000000000000FF
:100F4000000000000AFFA0000000000CFFC000002D
:100F500003D6DFFFFD6D300EFFFFFFFFFFE05FFFF9
:100F6000FFAAFFFFF51AFFF4004FFFA103FFD00017
:100F70000DFF3004FFF0000FFF404FFFFB22BFFFCB
:100F8000F42FFFFFFFFFFFF209FEFFFFFFEF9000CE
:100F9000505EFFE5050000000CFFC00000000004EB
:100FA0007740000000000003100341000000009F94
:100FB000F50DF50000001BFDFF8DF5000002DFB10F
:100FC0002DFFF500004FF83EC2BFF50007FF55FFAB
:100FD000FE39FE409FE38FFFFFF56FF6AC2AFFFF5F
:100FE000FFFF73E6005FFFFFFFFFF100006FFFD719
:100FF0007FFFF200006FFF900DFFF200006FFF9087
:101000000DFFF200004FFF700BFFE1000000003306
:1010100000000000000BFFB0000000000CFFC0004B
:101020000000000CFFC0000000000CFFC00000002A
:10103000000CFFC00000008FFFFFFFF800002EFF34
:10104000FFFFE2000002EFFFFE200000002DFFE2A4
:101050000000799982DE289997FFFFFB22BFFFFFEE
:10106000FFFFFFFFFFFFFFFFFFFFFFFAB3CFACCC97
:10107000CCCCCCCCCA0006BBBBBBBA3000004FFF07
:10108000FFFFFFE10000EF30000006FB0009F80061
:10109000000000CF504FD0000000002FE1DF84425D
:1010A0000000344BF9FFFFFD0001FFFFFBFFFFFFD6
:1010B000988BFFFFFCFFFFFFFFFFFFFFFCFFFFFF21
:1010C000FFFFFFFFFB9FFFFFFFFFFFFFF60000009A
:1010D0000000003300018DFFC600EF004EFFFFFF50
:1010E000E4DF04FFB3004CFFFF0EF90000008FFFA8
:1010F0006FC00001FFFFFF8E500001DEEEED00002B
:10110000000000000022222200000021FFFFFF104B
:101110000008F8FFFBBC10001EF4FFFC100001DF0C
:10112000C0FEEFE8448EFE10FE1AFFFFFFC100FD77
:101130000028BB940000000002700002EF0002EFE4
:10114000FDFFFFFFFFFFFFFFFFFFFFFFFFFFFFFFB1
:10115000FFFF3447FFF00005FF000005C00000005E
:101160000000027000000002EF00000002EFF0003B
:101170000DFFFFFF0220FFFFFFF08E1FFFFFFF00AC
:10118000E7FFFFFFF03F5FFFFFFF08903447FFF0EE
:1011900000000005FF0000000005C0000000000086
:1011A0000000000000000007700000000270000551
:1011B000FA0000002EF000814F600002EFF001DD28
:1011C00007F0DFFFFFF0321E80F6FFFFFFF08E27F3
:1011D000E0B9FFFFFFF00E73F19BFFFFFFF03F54FC
:1011E000F09AFFFFFFF0890AC0D83447FFF0007F74
:1011F00043F300005FF002F60CB0000005C00000F1
:10120000BF10000000000009E30000000000000221
:10121000100037888888888873EFFFFFFFFFFFFE84
:10122000FE32DFFFFFFFFFF9007FFFFDFFFFFD1034
:10123000CFFFA07FFFFFFFFFFA0007FFFFF35FA0D4
:101240000000CFFF3003000000CFFC0000000000D2
:10125000CFFFCCCCCCCCCCFFAFFFFFFFFFFFF90022
:10126000002000000001FA00000006FF1000000D41
:10127000FF7000006FFFF10001EFFFFA000BFFFFAE
:10128000FF605FFFFFFFE0CFFFFFFFF6FEBFFFFF46
:10129000F9FD4FFFFFF9BF49FFFFF53FE52EFFD0F6
:1012A00006FFFFFD200028BA600004300000311F57
:1012B000E00006F91FE0007FFA1FE009FFFA1FE0D7
:1012C000AFFFFA1FEBFFFFFA1FFFFFFFFA1FFFFF41
:1012D000FFFA1FE6FFFFFA1FE05FFFFA1FE004FFBF
:1012E000FA1FE0003EFA0FD00002D7000000000015
:1012F0000200000000000CFB2000000000FFFF9037
:101300000000000FFFFFE6000000FFFFFFFC3000C1
:101310000FFFFFFFFF9100FFFFFFFFFFE60FFFFF43
:10132000FFFFFFF2FFFFFFFFFFFD0FFFFFFFFFF8D3
:1013300000FFFFFFFFB2000FFFFFFD400000FFFFB7
:10134000F70000000FFFA1000000006A400000004D
:1013500000001444200144420DFFFF10DFFFF1FFA5
:10136000FFF30FFFFF3FFFFF40FFFFF4FFFFF40F0E
:10137000FFFF4FFFFF40FFFFF4FFFFF40FFFFF4FA2
:10138000FFFF40FFFFF4FFFFF40FFFFF4FFFFF40A1
:10139000FFFFF4FFFFF40FFFFF4FFFFF30FFFFF3EE
:1013A0009FFFC009FFFC001444444444420DFFFF6A
:1013B000FFFFFFF1FFFFFFFFFFFF3FFFFFFFFFFF0B
:1013C000F4FFFFFFFFFFFF4FFFFFFFFFFFF4FFFFF3
:1013D000FFFFFFFF4FFFFFFFFFFFF4FFFFFFFFFFD8
:1013E000FF4FFFFFFFFFFFF4FFFFFFFFFFFF4FFF78
:1013F000FFFFFFFFF39FFFFFFFFFFC000210000055
:10140000420FE20003FB0FFE3004FB0FFFF404FB6E
:101410000FFFFF54FB0FFFFFFAFB0FFFFFFFFB0F58
:10142000FFFFFFFB0FFFFFD6FB0FFFFD14FB0FFFBE
:10143000C104FB0FFB0004FB0CA00003FA0000003A
:10144000000000000012000000000003FF60000028
:1014500000002EFFF500000001EFFFFF4000001D1F
:10146000FFFFFFF30000CFFFFFFFFE200AFFFFFF9B
:10147000FFFFE00EFFFFFFFFFFF203999999999993
:1014800050058888888888700FFFFFFFFFFFF30FE3
:10149000FFFFFFFFFFF40BFFFFFFFFFFD100000086
:1014A000000000003F9000003FFC00003FFD1000E6
:1014B0003FFD10003FFD10001FFD100000CFF400A5
:1014C0000000CFF4000000CFF4000000CFF40000D3
:1014D00000CFE0000000A4000000000000CD1000DC
:1014E000001FFD1000003FFD1000003FFD10000038
:1014F0003FFD1000003FFD000008FF900008FF9036
:101500000008FF900008FF900002FF900000078095
:10151000000000000004500000000002FF60000016
:1015200000003FF70000000003FF70000000003FD4
:10153000F7000006999AFFC99980FFFFFFFFFFFFA0
:101540003DFFFFFFFFFFF201113FF7111000000305
:10155000FF70000000003FF70000000003FF700074
:101560000000000CD30000006999999999980FFF29
:10157000FFFFFFFFF3DFFFFFFFFFFF200000000082
:10158000000000000156640000000003BFFEEFF9F8
:101590001000007FFA1003DFE40008FFA009B41E6A
:1015A000FF504FFF200BFF26FFE1EFFF09CFFF6346
:1015B000FFFABFFF09FFFF54FFF61EFF51DFFB09D3
:1015C000FFB003EFE204305FFC10002CFF956AFFD0
:1015D0009000000049DFFD920000000000000000C4
:1015E000000000CD20000000000000008FF5001476
:1015F000664000000004EFACFFEFFF910000001C0C
:10160000FFA1004DFE300000009FF5AB31EFF4006C
:1016100007B105FFFFE17FFE100FFE302DFFF54FF4
:10162000FF900CFFE000AFF65FFF6002FFF40006E2
:10163000FFEFFB00004FFD10003EFFC0000002DF87
:10164000E85401BFE300000005AEFF6007FF600043
:101650000000000000004EF6000000000000000145
:10166000A10000000000000000000000003ED000CB
:1016700000000000000CFF80000000000006FFFFDB
:10168000200000000000EFFFFB00000000008FFCC6
:10169000CFF4000000002FFB00FFD00000000BFF84
:1016A000C00FFF70000004FFFD01FFFF100000DF0E
:1016B000FFE02FFFFA00007FFFFF9BFFFFF3001FFB
:1016C000FFFFB00EFFFFC00AFFFFFE24FFFFFF6019
:1016D000FFFFFFFFFFFFFFFA06CCCCCCCCCCCCCB7E
:1016E000300000000000360000000000007F80DDB8
:1016F000DB00008DEFF8FFFFB007FFFFFD556FF433
:101700006FF8AFE2000574FF907E2000003FFA0002
:1017100000000002EFB2504A00012EFD1DF48FB010
:10172000FFFFD10BFFFFFBFFFE2000CFFFFB1221CD
:101730000000029FC000000000005B00000007A046
:101740000000000008FFB000000008FFFFB000002C
:1017500008FF95FFB00008FF9005FFB007FF90005D
:1017600005FFB09F90000005FD0040000000031041
:101770004C20000000B60BFE200000CFF02EFE2013
:1017800000CFF4002EFE20CFF400002EFECFF40098
:1017900000002EFFF4000000002EF4000000000006
:1017A0001300000000083000000000000000BFF33C
:1017B00008BBBBBB90000BFFFF39FFFFFFF1008FA1
:1017C000CFCFF000000AF100382F948000000AF11A
:1017D00000002F900000000AF100002F900000038D
:1017E0000AF130002F9000001FCBF8F8002FEBBB60
:1017F000BB39FFFFE2001FFFFFFFB09FFD2000008D
:101800000000000008D10037888700000000EFFFCB
:10181000FFA0000000FFFFFFFDCCCCB6FFFFFFFFE5
:10182000FFFFFFFFFFFFFFFFFFFFFFFFFFFFFFFFC8
:10183000FFFFFFFFFFFFFFFFFFFFFFFFFFFFFFFFB8
:10184000FFFFFFFFFFFFFFFFFFFFFFFFFFAFFFFFF8
:10185000FFFFFFF900000000000000000001DD10A4
:10186000000000001DFFD100000001DFFFFD10009F
:10187000001DFFFFFFD100009FFFFFFFF9000001E7
:101880001CFFC1100000000CFFC0000000000CFF96
:10189000C0000000000CFFC0000079993BFFB39925
:1018A00097FFFFB2442BFFFFFFFFFEDDEFFFFFFFBF
:1018B000FFFFFFFAB3CFACCCCCCCCCCCCA0000003D
:1018C00000000200000000000004FFC7000000004C
:1018D00000AFFFF0000000001FFFFD000000000649
:1018E000FFFFC00000000008FFF700000000000C30
:1018F000FF300000000004FFC00000000001EFF313
:1019000000004A3002DFF80005DFFE15EFFB0000A3
:10191000EFFFFFFFFA00000BFFFFFFF70000007F63
:10192000FFFFA200000002BA85000000000004864C
:101930000000001006FFFA0002DFD1EF3CF101DFEA
:10194000FA0EE0AF21DFFA009FEFF6DFFA00008D1C
:10195000FFFFFB00000006FFFD00000048EFFFF660
:1019600000006FFFFBFFF6000EF3CF23FFF600EE43
:101970000AF204FFF609FEFC0004FFF108DA100089
:1019800002620000000000000000006FFFF9870005
:101990000008FFFF98F708A68FFFF95990FFA8FFEE
:1019A000FFFCCC0FFA8FFFFFFFF1FFA8FFFFFFFF47
:1019B0001FFA8FFFFFFFF1FFA8FFFFFFFF1FFA8F46
:1019C000FFFFFFF1FFA8FFFFFFFF1FFA7FFFFFFFF1
:1019D000F0FFE3122222210FFFFFFFF90000ACCC41
:1019E000CCCB5000004999999995000EFFFFFFFF5D
:1019F000F600FD2222224FF60FC0000001FFF3FC8B
:101A00000000001FFF6FC0000002FFF6FFFFFFFF96
:101A1000FFFF6FFFFFDCFFFFF6FFFFB005FFFF6F6B
:101A2000FFF6000FFFF6FFFFC006FFFF6FFFFFEDA1
:101A3000FFFFF69FFFFFFFFFFD10CDDDDDDDDDDDEC
:101A40002FFFFFFFFFFFF3122222222222000000BD
:101A5000000000000000000000000FFFFFFFFFFF7C
:101A6000F3DEEEEEEEEEEE200000000000000000DF
:101A7000000000000DEEEEEEEEEEE2FFFFFFFFFFD6
:101A8000FF3000000000000037888888888873EFE6
:101A9000FFFFFFFFFFFEEFFFFFFFFFFFFE1CFFFF4B
:101AA000FFFFFFC1D28FFFFFFFF82DFF64EFFFFEA6
:101AB00045FFFFFA2BFFB2AFFFFFFFD3553DFFFFFE
:101AC000FFFFFFBBFFFFFFFFFFFFFFFFFFFFAFFFBA
:101AD000FFFFFFFFF9000000000001FFFFF000041E
:101AE000FFFFD00006FFFF800008FFFF30000AFF65
:101AF000FFAAA60CFFFFFFF80EFFFFFFE10BDDDFE3
:101B0000FF6000004FFD0000007FF3000000BFA059
:101B1000000000FF10000003F800000003C00000F8
:101B20000000200000000455EFB5520000FFFD1F2B
:101B3000FFB0000FFFFFFFFC0000FFFF533320004A
:101B40000FFF97FFFB5700FFF8AFFFC6F80FFF8AA4
:101B5000FFFC4AA1FFF8AFFFE3220FFF8AFFFFFF60
:101B6000F4FFF8AFFFFFFF4FFF8AFFFFFFF435528E
:101B7000AFFFFFFF40000AFFFFFFF400007FFFFF01
:101B8000FE20000001100000000000AF0000000077
:101B9000018FFA30000002EFFFFF500000BFFFFF8F
:101BA000FF10001FFFFFFFF50003FFFFFFFF7000A6
:101BB0005FFFFFFFF90008FFFFFFFFC000DFFFFF2F
:101BC000FFFF209FFFFFFFFFFD0EFFFFFFFFFFF264
:101BD000022222222221000008FFC000000000098A
:101BE000A20000005BBBBBBBBBBBBBA3FFFFFFFFF7
:101BF000FFFFFFFBFC0C30E11D0D11FCFC0B30E086
:101C00001D0D10FCFFFEFFEFFEFEEFFCFFF15A087A
:101C100070A05FFCFFF37B2992C27FFCFFBFCBBBB0
:101C2000BBBFCBFCFC0B2000000D00FCFFCFCCCCDD
:101C3000CCCFCCFB9FFFFFFFFFFFFFF600000000B3
:101C400000000200000000000005DFB000000000FE
:101C500007EFFFD000000018FFFFFF70000029FF12
:101C6000FFFFFF00003BFFFFFFFFF8000AFFFFFF41
:101C7000FFFFF1000FFFFFFFFFFFA000049AAAAFD4
:101C8000FFFF20000000000EFFFB00000000000E20
:101C9000FFF400000000000EFFC000000000000E76
:101CA000FF5000000000000DFD00000000000004D7
:101CB000B300000035555502000FFFFFF2F400FF9E
:101CC000FFFF2FF40FFFFFF2FFF3FFFFFF32221F92
:101CD000FFFFFFFFF7FFFFFFFFFF8FFFFFFFFFF893
:101CE000FFFFFFFFFF8FFFFFFFFFF8FFFFFFFFFF7B
:101CF0008FFFFFFFFFF8FFFFFFFFFF8FFFFFFFFFDB
:101D0000F88AAAAAAAAA30000000245531000000CF
:101D10000003AFFFFFFFC7000002BFFFFEDEFFFFB3
:101D2000F6005FFFB51000038EFFB0DFD3000000A8
:101D300000008FF5180005AEFEC81004600002DF39
:101D4000FFFFFFF80000000CFF95347DFF4000000E
:101D500002A20000007700000000000296000000D0
:101D6000000000000DFF500000000000000EFF60AA
:101D700000000000000005DA000000005BBBBBBBF8
:101D8000BBBBBBBA20FFFFFFFFFFFFFFFF90FC12B2
:101D900022222222220FF7FC5FFFFFFFFFFF2CFA17
:101DA000FC5FFFFFFFFFFF21FAFC5FFFFFFFFFFF6C
:101DB00027FAFC2666666666661FFAFEBBBBBBBBDF
:101DC000BBBBBFB1AFFFFFFFFFFFFFFF5000000035
:101DD0000000000000005BBBBBBBBBBBBBBA20FF6D
:101DE000FFFFFFFFFFFFFF90FC1222222221000FC6
:101DF000F7FC5FFFFFFFF8000CFAFC5FFFFFFFF846
:101E00000001FAFC5FFFFFFFF80007FAFC26666698
:101E10006663000FFAFEBBBBBBBBBBBBBFB1AFFF72
:101E2000FFFFFFFFFFFF5000000000000000000068
:101E30005BBBBBBBBBBBBBBA20FFFFFFFFFFFFFF12
:101E4000FF90FC1222221000000FF7FC5FFFFFD072
:101E500000000CFAFC5FFFFFD0000001FAFC5FFFFE
:101E6000FFD0000007FAFC2666665000000FFAFE5D
:101E7000BBBBBBBBBBBBBFB1AFFFFFFFFFFFFFFFE8
:101E8000500000000000000000005BBBBBBBBBBB00
:101E9000BBBA20FFFFFFFFFFFFFFFF90FC122200F5
:101EA0000000000FF7FC5FFF300000000CFAFC5F41
:101EB000FF3000000001FAFC5FFF3000000007FA6D
:101EC000FC2666100000000FFAFEBBBBBBBBBBBB11
:101ED000BFB1AFFFFFFFFFFFFFFF5000000000009A
:101EE000000000005BBBBBBBBBBBBBBA20FFFFFF5E
:101EF000FFFFFFFFFF90FC0000000000000FF7FC59
:101F00000000000000000CFAFC00000000000001CE
:101F1000FAFC00000000000007FAFC0000000000CE
:101F2000000FFAFEBBBBBBBBBBBBBFB1AFFFFFFF2C
:101F3000FFFFFFFF50000000000000000000000055
:101F4000000007B20000000000000ADFFA000000F5
:101F5000000000A93DF5000000044002E000100070
:101F60000000AFF80B600000006C30FFFFFFFFFFC8
:101F7000FFFFFFF4AFF9000C5000006D400550006A
:101F800004C00000100000000000C43EE800000093
:101F90000000002EEFFA000000000000004FFA00E1
:101FA0000000000000000000000000000110000020
:101FB0000007EFFFB30000AFFD8FFF2004FFFD0916
:101FC000FFB00AFEFD12AFF00EF55D2C0EF30FFF11
:101FD00033129FF50FFFF307FFF60FFFE206FFF640
:101FE0000FFE24137FF50DF57D2C0DF30AFFFD1177
:101FF000BFF003FFFE0BFFA0007FFEBFFE1000033B
:10200000ACDC810000003443000005667FFFF96608
:1020100050FFFFFFFFFFFF356666666666501CCC0B
:10202000CCCCCCC402FFFFFFFFFF602FF3FB7F6D22
:10203000F602FF2FB7F5DF602FF2FB7F5DF602FFA0
:102040002FB7F5DF602FF2FB7F5DF602FF2FB7F5AC
:10205000DF602FF3FB7F6DF601FFFFFFFFFF5007EF
:10206000BCCCCCCC9000000000000001200000009F
:10207000000004FF500000000002FFFF50000000BD
:102080000439FFFE00000004FF39FFA0000004FF38
:10209000FF39B0000004FFFFFF20000004FFFFFF36
:1020A000B0000004FFFFFFB0000004FFFFFFB0001E
:1020B0000004FFFFFFB0000000BFFFFFB000000002
:1020C0000DFFFFB000000000FFFFB000000000099E
:1020D000A8600000000000000017888888888740FA
:1020E0000002EFFFFFFFFFFFF4003EFFFFCFFFCF37
:1020F000FFF703EFFFF908F809FFF83EFFFFFE20A6
:10210000402EFFF8DFFFFFFFE101EFFFF89FFFFF29
:10211000FF80008FFFF809FFFFF902C209FFF800F6
:102120009FFFFE4EFE4EFFF80009FFFFFFFFFFFF7F
:10213000F700008FFFFFFFFFFFC10000000000005D
:1021400003EFFFFFE203FBFBCEBFA4FF1D03A1FAD9
:10215000FFF1D03A1FAFFFFFFFFFFAFFFFFFFFFFC6
:10216000AFFFFFFFFFFAFFFFFFFFFFAFFFFFFFFF24
:10217000FAFFFFFFFFFFAFFFFFFFFFFAFFFFFFFFC9
:10218000FFADFFFFFFFFF829AAAAAAA800000000E0
:102190000000000300000000000004F1000820001F
:1021A0000001FF100BF70000002FF10CFF944444D6
:1021B00045FF1BFFFFFFFFFFFFF18FFFFFFFFFFF4B
:1021C000FD007FF70000000000006F6000000000CD
:1021D00000003000000000000000000000000000CF
:1021E0000000C003000000000000C003030A00005C
:1021F0000F008005050500051C00D0090A0A000033
:102200004E00B008090F00FE9200D00B0C0A00002F
:10221000CE00A0090A0B00FF0501F002030500052E
:102220000D01B004040E01FD2901C004040E00FDDF
:102230004501A00506060005570120080807000211
:1022400073013003030500FE7B01600505030003F5
:1022500083013003030300008801F004070EFFFF31
:10226000B9015009090A0000E6013005040A00001E
:10227000FA011008080A000022020008080A0000FB
:102280004A0260090A0A00007C021008080A0000DD
:10229000A402A008090A0000D1026008080A000090
:1022A000F9020009090A00002603A008080A000034
:1022B0004E033003030800005A033003030B00FDF4
:1022C0006B032008080800018B03200808060002A1
:1022D000A303200808080001C3030008080A00003F
:1022E000EB03800E0E0D00FD4604400A0C0AFF00B1
:1022F0008204A00A090A0100AF04200A0A0A0000A9
:10230000E104900B0A0A010013056009080A0100A4
:102310003B05E008080A01006305D00A0A0A00002C
:102320009505600B090A0100C2055004020A01006C
:10233000CC053007070AFF00EF05100A0A0A010062
:1023400021065008080A01004906600D0B0A010029
:102350008006600B090A0100AD06C00B0C0A0000E4
:10236000E906200A090A01001607C00B0C0D00FD42
:102370006407300A090A01009107B008090A000041
:10238000BE073008090A0000EB07100B090A01001C
:102390001808F0090B0AFF004F08C00F100A0000D0
:1023A0009F0870090A0A0000D10810090B0AFF00F3
:1023B00008093009090A00003509B004040E01FDBE
:1023C0005109F004070EFFFF8209B004040E00FD5E
:1023D0009E09300807060102B3090007070100FF44
:1023E000B709600805020109BC0960080808000077
:1023F000DC099009080B0100080A00080808000021
:10240000280A9009090B00005A0A900808080000E1
:102410007A0AF004060B00009B0AB009090B00FDC4
:10242000CD0A9009080B0100F90AE003020B010034
:10243000040B0004050EFEFD270BA008080B01008D
:10244000530BE003020B01005E0BD00E0D080100E0
:10245000920B900908080100B20BE008090800007F
:10246000D60B9009080B01FD020C9009090B00FD29
:10247000340CC00505080100480C000707080000DF
:10248000640CD005060A0000820C800908080100CF
:10249000A20CD0070908FF00C60C900C0D08000024
:1024A000FA0CC007080800001A0DD007090BFFFD41
:1024B0004C0D500707080000680DF004050E00FDE4
:1024C0008B0D3004020E01FD990DF004050E00FD88
:1024D000BC0D200808030003C80DE0050605000632
:1024E000D70D600404030003DD0D000E0F0FFFFE87
:1024F0004E0E000E0E0B00009B0E000E0E0D00FF88
:10250000F60E000E0E0B0000430FA0090A0B000090
:102510007A0F000E0E0F00FEE30F000E0E0F00FEEE
:102520004C10C00F100D00FFB410000E0E0F00FE77
:102530001D11C00F100B00007511000E0E0F00FED4
:10254000DE110007070C00FF0812800A0B0C00FFC9
:102550004A12C00F100E00FEBA12000E0E0B000041
:102560000713A0090A0F00FE5213400C0A0E01FEC9
:102570009813400C0D0F00FEFA13400C0D0D00FFD8
:102580004F14400C0D0D00FFA414400C0A0E01FE68
:10259000EA14400C0E0DFFFF4515C008090D00FFA1
:1025A0008015C008090D00FFBB15400C0D0D00FF84
:1025B0001016400C0D0400032A16C00F100B00006B
:1025C00082168011120F00FE0917C00F110FFFFEB7
:1025D0008917000E0E0D00FFE417400C0D080001D6
:1025E0001818400C0D0800014C188011120B000047
:1025F000AF18000E0E0B0000FC18000E0E0F00FEB0
:102600006519000E0F0FFFFED619400C0D0D00FFCF
:102610002B1A400C0D0F00FE8D1A400C0D0D00FF03
:10262000E21A400C0D0C00FF301B000E0E0B0000D8
:102630007D1BC0080A0FFFFEC81B400C0D0F00FEDB
:102640002A1C400C0D0F00FE8C1CC00F100B00004C
:10265000E41C000E100FFFFE5C1D800A0B0F00FE35
:10266000AF1D8011120D00FF241E8011120A000000
:102670007E1E8011120A0000D81E8011120A00006E
:10268000321F8011120A00008C1F8011120A0000F4
:10269000E61F8011120C00FF5220400C0C0F00FEB0
:1026A000AC20400C0D0F00FE0E21000E0F0FFFFEA0
:1026B0007F218011120B0000E221800A0B0F00FE27
:1026C0003522100E0F0A00000000721F51EF58EF64
:1026D0005BEF5CEF5DEF61EF63EF65EF69EF6CEF70
:1026E00071EF76EF77EF78EF8EEF93EF98EF9BEF48
:1026F0009CEF9DEFA1EFA2EFA3EFA4EFB7EFB8EF30
:10270000BEEFC0EFC1EFC4EFC7EFC8EFC9EFCBEF2B
:10271000E3EFE5EF14F015F017F019F030F037F0B3
:102720003AF043F06CF074F0ABF03BF190F191F1C2
:1027300092F193F194F1D7F1E3F13DF254F2AAF45E
:1027400012F7F2F7200000005F0001000000000017
:102750000000000000000200B0000000F3F760007D
:10276000C8260508000000003E000300000001022A
:102770000003040502060708090A090A0B0C000DEC
:102780000E0F101112130C14140000001516171858
:1027900019161A1B1C1D1D1E1F201D1D162122236C
:1027A00003241E2525262728292A2B002C002D2E20
:1027B0002F303132332D343435302D2D2E2E363707
:1027C0003839333A3A3B3A3C290000093D090000C8
:1027D00000000000000000000000000000000000F9
:1027E00000000000000000000000000000000000E9
:1027F00000000000000000000000000000000000D9
:1028000000000000000000000000000001020003C2
:10281000040502060708090A090A0B0C0D0E0F1021
:10282000110C12131415150000001617181917199A
:1028300019191719191A1919191917191719031B21
:102840001C1D1D1E1F2021222300240025262727B2
:1028500027002726282926262A2A272A272A2B2C1A
:102860002D2E2E2F2E3000002309310900000000EC
:102870000000000000000000000000000000000058
:102880000000000000000000000000000000000048
:102890000000000000000000000000000000000038
:1028A0000000000000000000000100000000000027
:1028B0000001000002000000000200000000000013
:1028C0000000000000000000000001000000000007
:1028D000000000000000000000010A0006FB0000EC
:1028E0000000F4F3020B0504F7020B0109020700D4
:1028F000000000000000000000000D02FE000000CB
:102900000000000000000000000400F900000000CA
:1029100000FC04040000FE00FE0200FE00FEFFFCBE
:1029200000000000FE0000FDFD0000FE00FC0000B5
:1029300000000000000000FEFE00FD00FA00E500BF
:1029400000FC0004070000FC02020704FC04000075
:10295000F30000000000000000000000F80000008C
:102960000000000000000000000000FAFDF500F784
:10297000FE00000000000900F9FEFF0100FC00005D
:10298000FEEF0000000000000000000000EEFE0965
:10299000000000000000000000000000F700000040
:1029A000000000000000000700020000FC00000022
:1029B000000000000000000000000000000009020C
:1029C0000100000000000000000000000000000006
:1029D00000000000000000000000000000000000F7
:1029E0000000000000000000F800000000000000EF
:1029F00000000000000000000000000000000002D5
:102A0000040207FE000004FEF9E102060400FD00D6
:102A1000080007000700EB00FD070007FE040200A6
:102A20000001FE0000FC1200120007000903040769
:102A3000000000F80000000001FE0002FCFDFC02A6
:102A400000FE000000F70000000000000000000091
:102A500000F1000000000000000000000000000085
:102A60000001F400F200000000FE0016FDFD02026D
:102A7000FE00FD020000F400000000000000000065
:102A80000000EA000200000000000000000000005A
:102A900000F2000D0000F8000700F1EAF1FC070069
:102AA00000F10003FB00FD0000000000000000003A
:102AB0000000000607E50000000000000000000024
:102AC00000000B000200000000000202FDFC00FFFD
:102AD000FFFE0000FE000000FC00FE00FBFC00FA10
:102AE000F9F9FC00FC00FC00000000FE0000020000
:102AF00002FE000100000002FE000000FE0202FFD4
:102B0000000000FC00FF0000000000010003FE00C8
:102B1000FD00FC0000FE00070000FE0000000000B9
:102B2000FF01FEFE0000FE00FE00000000000000AD
:102B30000000FFFF00FEFD0000000000010000FE9D
:102B400000FEFEFE000000000000000000FF00008C
:102B50000000FEFD00FD00F9FEF9040000FC020487
:102B60000600FAFFFD00FFF502FE02F4020000017C
:102B7000F400F4FEEDFE00F5000406000300000082
:102B8000000000FCFD00F9000000FE000000FE0057
:102B900000000000FFFF00FFFD000000000000003B
:102BA000FEFE00FEFDFE0000FE0000000000000032
:102BB00000000000FEFE00FD00FE00FC020000FD23
:102BC000010202000000000000FE00000000000200
:102BD0000000FE00FEFEFD000000000000000200FC
:102BE000FE00000000FEFD00FC0007FE01F90000F1
:102BF00006F5F4F7FC0200FEF1FC00FC00FC03FC0F
:102C0000F200FA000001FF02FE000200F9F700F5F1
:102C1000FBFBFBF9FDFA00FCFA01000100FE0000DD
:102C2000000200020000000000000000000000FEA2
:102C300000FF00FFFE00FCFBFBFF00F900000000AE
:102C40000000FE0000000001FF0000000200000084
:102C500000000000000B0000000000000200000067
:102C6000FE0000000000000000000000FC00020068
:102C7000000000000000000000000000FE00000056
:102C8000FC00000000F5F9000000FDF50000FE0268
:102C900000FA00000000000000000000FC0000FC42
:102CA0000000000000000000000000000200FC0026
:102CB000000000030002FCFC00FEFEFD000000001E
:102CC0000000F900FE00FDFE00FBFAF9FE00FC002A
:102CD000F900000000120000010000FD000200F6F3
:102CE0000000000000EBFC0707FEF70002FD00F506
:102CF000FFFD02F0FE030003F8FDF8F9F70000F312
:102D0000000D0000FF000000FFFFFEFAF900EB00DD
:102D100000000000000000000100000000000000B2
:102D2000000000000000000000FE00FFFEFD0000AB
:102D3000FC00FE0000000000000000000000000099
:102D40000000FF00FC000004FF0300FB02FEFFFA8E
:102D5000FE00FDFEFE00FDFC0000FEFFFEFCFD008F
:102D600000FE0002FE00FB000000FC00FC00FCFC7A
:102D7000020000000000000000FC0200FD00FEFD5B
:102D8000F9FEFEFEFFFEFDFF0000000000FEFEFE5D
:102D90000000000003FE00FE000000FEFDFEFEFD40
:102DA000FE000209FF00FA00FE0400FEF7FD03002A
:102DB00000F5FC02FC0200FEFEF900FD010000FC33
:102DC0000000000202FCFC00FCFEFDFEFE00FC0117
:102DD000FCFC0700000000000000000002000000F2
:102DE00000000000000000000000000000000000E3
:102DF00000000000FC0000000000000000000000D7
:102E000000000000000000000000000000000000C2
:102E100000000000000000000000000000000000B2
:102E2000FE000000000000000000000000000000A4
:102E30000000000000000000000000000000FEFE96
:102E4000000000000000000000000000FD0000FD88
:102E50000000FEFE00000000FE00000000FF000079
:102E6000000000FE00000000FD00FC000000F90072
:102E700002FB0400FEF50000FBFE00F7FAFA00007A
:102E8000F6FEF7F7F500FA00020FFD00FBFEFFFE6D
:102E9000FCFAFCF8F7FBFE0000FE00010000F0FE6B
:102EA0000705FBF80001F900F5FEFE04EBFD01004B
:102EB00000F1FDF4FEF00000F0000D0100FE000046
:102EC0000000FFFEF7FE00F100000000F900FE0028
:102ED000FFFAF50000FFFDF9FE00FE00000000F61D
:102EE000FEF9F9FEFCFAFEFC00FCFEF9FD00FDFC1B
:102EF000FEFC000100FEF9000400FC0000000003DD
:102F00000002FC0900FEFEFD000000000000F900C8
:102F1000FE00FDFE00FBFAF9FE00FC0209000000C5
:102F200000120000010000FD00020000000000008F
:102F30000000000000000000FEFC0000000000FF98
:102F4000000000FEFE0000FCFE0000FC0004FF008C
:102F500000000000000100000000030402FE00F970
:102F6000FC0007F9F9FCFC090402EDFE04FE00FE7A
:102F700002FEF800FE02FDFEF9FE0000070400FA62
:102F800000F4FD06FDF701FDF9F9FE090200FD0060
:102F9000FA000207FBF8F7FA070001F0FE02FCFE58
:102FA000FB00FBF8FDFDFE0000FBFBFE000705FE3D
:102FB000F400F4FD00F8F3FFF9FCF9FA060000FD57
:102FC00000FCFE00FEFC0004F9020000F400FEFB21
:102FD000FCFEF9FAF9FB00F9FEFBFCF9FE0000012A
:102FE0000BFC00F9FE00FEFCFBFAFAF7FDFC040006
:102FF000FD00F5FD0104F9F8FCF907FE01EBFC0406
:10300000FBFCF800F9F7FDFEFEFEFBF9FF000007F0
:1030100006FEF100F3FB05F7F1FCF8F7F5F9040003
:10302000000000FD000002FD0402FC040000F9FFA6
:1030300000FF000101FE000000000000FE00000093
:103040000002070000FD00000000FEFEFD00000081
:103050000102000000000200FE000900040101FD61
:10306000000400000002000000000000000000005A
:103070000007000600000000000000000000000043
:103080000000F300FE04000700001603FCFC02022F
:10309000FE01F500000BF30000000000000000003E
:1030A0000000F1091F000000000000000000000007
:1030B00000F300000000000000000000000000001D
:1030C000000000000000000000000000FC0000FC08
:1030D000FE000000000000000000000000000000F2
:1030E00000000000FE00FA0000010000021DFCFECE
:1030F0000706FA0200000202FD00000000000000C6
:1031000000000000E30600000000000000000000D6
:1031100000000000000000FA000000FA00000000BB
:10312000FBFF000000FB00FD00F5000000000000B8
:103130000000000000F1000000000100000000009D
:1031400000FE0000FC00FD00FA000000FC02FD0093
:1031500000FAFEFB0000FA00FE00F500FE0000EEA3
:10316000FCF7FEF80000F100FAFF0000000000008C
:103170000000FDFCFEFC00000000FB00FB03FE0461
:1031800000FEFBFEFCFC00FDFFFE02FAFF0000005B
:10319000ECFEFD00FB00FEF5FE0000FEFE00000060
:1031A000000200FEFCFE0400000000000000000021
:1031B000000000000000000000000000000000000F
:1031C00000000000000000000000000000000000FF
:1031D000000003000000000000FB00FE000000FCF7
:1031E00002000000FAFEFC0000FA00FE00F50000FC
:1031F0000000EA00FCF8F50000F100FEFD00000010
:103200000000000000FEFDFFFD01000004FD0007BE
:103210000BFEFEF9030B0405FA030903060506007D
:10322000000000000000000000000E0BFCFE00FE8D
:10323000120A12000000020000080000FC0000005A
:10324000000000000000FE0000000000000000037D
:1032500000000000EDFDFEF7F50000F100000000A9
:1032600000000000000000000000000000FC000062
:1032700000000000000000FE000000000000000050
:103280000300000000EDFDFEF7F50000F700000070
:10329000000000000000000000000000000000002E
:1032A000FE000000FB0200FE020402F90000FE0224
:1032B000000200000000FA00FEFEFC00FEF7000E17
:1032C000FE00FBFE00FEFC00FEFAFCFD000000FC20
:1032D000000000000000000000FE000000000000F0
:1032E00000000300000000EDFDFEF7F50000F10016
:1032F00000000000000B00000000000000000000C3
:10330000FC00F9FDFE07FEFEF701FF01FEFA0005D5
:1033100000020102FBF7FD00F7FCFAF7F700FCFCE6
:10332000FDFDFEFEFDFE00FEFF030003FE000700A4
:103330000000000000000000000000FEFEFE000093
:10334000FA00FF00FC000000000000000000000088
:10335000F30000000000000000000000FEFE00FD81
:1033600000000000FE0000FCFE0200FCFCFE00FA73
:10337000FEFBFEFD00FC000000000000000000005D
:1033800000F100070000FC00000000FD00FE00004E
:10339000FF0000FE00FB000009FDF9F90202020037
:1033A000FA020302070207FEFA0000F70000F9FA2A
:1033B0000000FC00FDFC00FD00FD00FE0300FEF926
:1033C000FE080000FE00FC000003FB0002FE0200FD
:1033D00000F900FEFF00FE02FE000000F7FDFB000A
:1033E000F90000F50008FE00FC000100FE00FEF9F7
:1033F00000FE0200000000FE000002FD010000FDD2
:10340000FE00FD00000000000000000000000000C1
:1034100000000000F200050000FE000000000000B7
:10342000FEFE0000000400050000000000F2F301B1
:103430000A0704F702090008000400000000000069
:1034400000000000000C0000000000000000000070
:103450000000000000000000A82805086C270508EF
:103460000A2805083D31000058FF0408D821050846
:1034700044270508583405081000022810020024CB
:10348000A5D30208E5D202081000030000FF0100E6
:1034900068340508000000000000000006F2ECE8B7
:1034A0003699D661963ABE245E05FA05B1046A4D96
:1034B000098EE7CE47FF00FEC0FCA4FAA97AF163AB
:1034C000F39C8AEA8EE3D3EC7AFE5DFF0FEA12F3F7
:1034D00076F4DAFD3DFF37AA59BB9BCCFCE53EF7FD
:1034E000B87AB993FBB43DD63EEF585B397C5B9D0F
:1034F0005DC65EEF3E45BE655F96FFBE9FE7BE2D93
:103500001E4EBF863FB7BFE73B269C4EFD865EB78B
:10351000BFE73325B54D5886FBB69EE7CD653086AF
:10352000B4A639CFBDEF6C9EB0AE14C779DFDDF71E
:103530000AD72EDF73E7B8F7DCFF6BFF8EFFB3FF10
:10354000D8FFFCFF45FEA9FE10FF76FFDCFF24FD3F
:10355000A9FD70FE16FF9CFF88FB4CFC52FD77FE18
:103560005CFF6C8B4FA454BD79D65DEF937C359591
:10357000F8B5DBCE7EEFF7BD1CE77DEFBEF7DFFFD2
:10358000C6E165D145C1E3B0CCD8CBC0AAA8698853
:103590003589F478D368B148B65975513441D23081
:1035A000553AF331B2290F195C1CBA1B3813340A8F
:1035B000DC045A04B703B3027805B40411040C0305
:1035C0004F04CD034B0368020845673CE62BE41A21
:1035D000887DE76C4554433346C6A5ADE49CA28381
:1035E000C6FE05FE44FDE2F380FD00FD60FC60FBCD
:1035F00060FCE0F360EB80E283F243E202DAA1B91F
:10360000686A065AA54924396F53CC42293287216A
:10361000AE730C630842042100003C027804B30638
:10362000EE08280B610D990FD01106143A166C188C
:103630009D1ACB1CF71E212148236C258E27AC290F
:10364000C72BDF2DF32F0332103418361C381C3AE9
:10365000173C0E3EFF3FEC41D443B64593476A49C1
:103660003C4B084DCD4E8D504652F953A5554B5706
:10367000EA58825A135C9C5D1F5F9A600D62796301
:10368000DD6439668D67D9681D6A596B8C6CB76DBE
:10369000D96EF36F04710C720B730174EE74D275F2
:1036A000AD767F7747780679BB79677A0A7BA27B0C
:1036B000327CB77C337DA57D0D7E6C7EC07E0B7F1A
:1036C0004B7F827FAF7FD27FEB7FFA7FFF7F00004F
:1036D00030F70408E15B0208000000000000000071
:1036E000315E0208000000000104000030F7040809
:1036F0001D6A0208716A020800000000916A02084F
:1037000004010D000006000030F70408B36D020844
:10371000000000000000000000000000D127D127B9
:103720004402000030F70408596E0208A96E02082E
:1037300000000000C56E020804018200850300003D
:1037400030F70408BD800208F58002080000000080
:1037500079830208D127D127C402000030F704087A
:1037600035C90208E9C902080000000015CA0208AC
:103770008200D1270504000030F70408D9D00208E0
:103780000BD102080000000049CC02080000000034
:103790008002000030F70408B1E2020835ED0208AB
:1037A0000000000071ED0208D127D127C0030000FE
:1037B00030F70408A5FA020841FB020800000000E7
:1037C00091FB0208D127D127C004000030F704087C
:1037D000750F03080000000000000000910F0308AF
:1037E000D127D127C002000030F70408ED7C030880
:1037F0000000000000000000797D0308D12782004E
:10380000C5020000B03705080000000000000000FD
:1038100000000000557F030800000000C004000005
:10382000EC360508198403080000000000000000C1
:1038300089840308000000008507000030F70408B1
:103840006F9B0308999B030800000000AD9B0308D1
:1038500034001E008402000030F70408759D030840
:10386000B99D030800000000119E0308D127D1274D
:103870008503000030F7040829A60308F7A8030809
:10388000000000001DA903080401820004060000D6
:10389000E80F002400000000000000606666104091
:1038A000000000A09999C93F00000000000000003E
:1038B000BFADFC8F85F41F10E00B0040140DFA9F84
:1038C000700D90CA0EB0EC0B80B909508603102120
:1038D0000002B000C0000067004900000940075026
:1038E0000099F999EA92000D000D0000049003A0E0
:1038F0000049CB99CC97000B200A300000D000D0B3
:1039000000002B000D0000058003A0000000032034
:10391000000007400005ABAC602F1748F37E074757
:10392000F36F6740000CFE7000009FFD300007AF92
:10393000F2000745F79F2740F59F2744E109CBAAEE
:1039400030000740000003200000000000000000DD
:1039500002B697000049000BA02F4001C0000F9055
:103960001F800B20000F901F6085000009C04E15BE
:103970009000000076612B2B8C40000000B2C9053E
:10398000F100000941F703F500005802F703F500C4
:1039900002B000E805F1000C10003B5A5000640032
:1039A00000000000003B87B5000000EB005F100046
:1039B00003FB003F300000EF10AA0000005FB7409B
:1039C0004554006BFE201BC20AC07FE209203F80E5
:1039D00008FE3A006F90009FF3002FF2004EFE2089
:1039E00004CECB81CFFA7E19F16E03B0030000073D
:1039F00000096005D000E8004F4009F100BF000C4D
:103A0000F000BF1009F2004F5000E90005F1000975
:103A100080000810630000D30006D0000F7000CDB6
:103A20000009F2007F4007F5007F4008F200CD005A
:103A30000F8006D001D3006300000008E000000AF8
:103A4000F0000D66C2D41DF8ADE6004DE6002DFA7B
:103A5000AFD41D77B3F5000AF0100009D0000000C4
:103A600010000002E0000002E0000002E0003DDE85
:103A7000FDDC0002E0000002E0000001C000AF7EBB
:103A8000FD19A4C13000011111114FFFFFFF1444B3
:103A900044439F7DFB382000000085000000D000DB
:103AA00000049000000B3000001C000000760000B5
:103AB00000D00000049000000A3000001D0000004B
:103AC00077000000D1000004A000000A40000007B9
:103AD000000000009A9A1009F10EC01FC00BF34FAE
:103AE000A009F76F9008F97F9008F97F9008F85FB8
:103AF0009008F61FA009F20AD00BA0009008000061
:103B0000024000036A003CFF1001FF1000FF10009C
:103B1000FF1000FF1000FF1000FF1000FF1000FF5B
:103B20001002FF306DFFE604B9AC502FA00CF35F1C
:103B3000C009F706200BF500003FD00004FC100080
:103B40005D500003B000040B0000674ECCCCF57F45
:103B5000FFFFF306C8AC403F900EF15FA00CF501EB
:103B6000000EF20003BD40003BC60000002FD10054
:103B70000009F67F8008F76F800BF308C78C4000C0
:103B8000006F900001EF90000AAF9000578F9001F6
:103B9000B08F9009208F9048008F909AAADFD700AD
:103BA000008F9000008F900004EFE50BFFFFF00CFA
:103BB000EEEED00C0000000C0000000B6ACA202EB4
:103BC000303FE002000BF5000009F76FA00AF56F27
:103BD000A00ED008D9BA20006C9CA005F30BF30D01
:103BE000D000101FB9D9104FF31ED05FC00AF55F87
:103BF000A007F83FA007F90FC009F609F10DE00092
:103C00009BAC303FFFFFF84FCCCCE46700029050F4
:103C1000000C1000006A000001E3000008E0000052
:103C20001FA000006F800000AF7000009F400003E5
:103C3000B88B200EA009C02F9007F01FE20BB00830
:103C4000FEAA1000BFFE300A91AFE13F200BF66FD5
:103C50001005F63F5008F205CAAB3002B987000DD7
:103C6000D00E804FA00AF06FA009F44FB00AF60EF4
:103C7000F11EF602ADABF500000BF30BA00EF01F2A
:103C8000F13F8005DBC8009F8DFC382000000271E9
:103C9000DFCAF89F7DFB382000000000AE7EFD2AC1
:103CA000A5B1300000000003000005DB0005DE7058
:103CB00005DE60007FB0000007ED50000007ED500A
:103CC000000007EA000000049DDDDDDD400000008B
:103CD000000000000009DDDDDDD4210000005F816F
:103CE000000004CF81000003BF81000005FD000239
:103CF000AFA202AFA2005FA20000320000001B9C36
:103D0000A09F06F8CF55FB3507F8000EC0006D00E8
:103D100000940000700000210004FD0002EA000091
:103D200005AA99A930001CD2001009700BE105B555
:103D30009E7A23F806F308F3478F31EC00BE019A10
:103D4000F15F700EA0389F29F504F60746F68F4004
:103D5000BF34A01ED2A844CA70004FC20000160093
:103D60000018CBAA983000000000000000000008F6
:103D7000C0000000000EF2000000004FF70000003D
:103D800000A6FD00000000A0FF2000000640AF706C
:103D900000000A004FD000001DAAAFF2000073001F
:103DA0000AF70000C00005FD0003A00001FF307EFF
:103DB000E8003CFFE63BFF99AD91000FF1006FD0AA
:103DC00000FF1002FF000FF1009F6000FF89EB2051
:103DD000000FF1009F6000FF1000FF200FF1000DA9
:103DE000F500FF1000FF301FF1008FB03CFFBBDC7F
:103DF0006000004BB8ACA6008F70003F904FD00021
:103E0000007A0AF800000160EF500000000FF50092
:103E1000000000EF600000000AF9000000004FE021
:103E200000000A008FB1001A30005BECB920003CA2
:103E3000FF98AB810001FF1001DF4000FF10002F51
:103E4000E100FF10000CF600FF10000AF900FF105F
:103E50000009FA00FF10000AF900FF10000DF6003B
:103E6000FF10003FE101FF1003EF404DFFBACC818E
:103E7000006EFE889EE006FC0001E105FC000041AA
:103E800005FC000A0005FC005C0005FE89FC00053D
:103E9000FC003B0005FC00020005FC00006405FC82
:103EA0000001E35EFEAAAEF15DFE889EE005FC0027
:103EB00001E005FC00005005FC00090005FC005B6A
:103EC0000005FE89FB0005FC00180005FC00000051
:103ED00005FC00000006FD0000006EFFA2000000CF
:103EE00005BA89B850009F50002E8005FB000005E0
:103EF000900CF5000000200FF3000000001FF200FE
:103F00000122210FF20004CFE40DF500006FA0069E
:103F1000FA00006FA000BF40006FA00006CA8887AB
:103F2000303BFFC402BFFE500FF20000EF5000FF15
:103F300020000EF4000FF20000EF4000FFA9999F4F
:103F4000F4000FF20000EF4000FF20000EF4000F1D
:103F5000F20000EF4000FF20000EF4001FF300000D
:103F6000EF503CFFE402BFFE604DFFB302FF1001C3
:103F7000FF0001FF0001FF0001FF0001FF0001FF42
:103F80000001FF0002FF105CFFC3004DFFC30002F1
:103F9000FF100001FF000001FF000001FF00000111
:103FA000FF000001FF000001FF000001FF00000111
:103FB000FF000001FF000001FF004821FF00CF8249
:103FC000FB004CBAA1005EFFA11AFFA106FD00068E
:103FD000B10005FC002A000005FC01B0000005FC52
:103FE0001CA0000005FCAFF4000005FE17FE100049
:103FF00005FC00DF900005FC003FF40005FD000912
:10400000FE106DFFA201EFD65DFFB2000005FF00BC
:10401000000004FE00000004FE00000004FE00009A
:104020000004FE00000004FE00000004FE00005139
:1040300004FE0000D105FE0007F06EFFAACFD05DA0
:10404000FF5000006FFC405EFB00000AFF30048F51
:10405000F200037FF30046BF800091FF300465FE4D
:1040600000190FF300460EF50730FF3004607FC0E3
:10407000A00FF3004601FF7600FF30046009FE0048
:104080000FF30068003F8000FF408FFA007203BF0B
:10409000FD403BFF40004BFC400EFE20000C0000AA
:1040A000AAFC0000A0000A0DF8000A0000A02FF4EE
:1040B00000A0000A006FE20A0000A000AFC0A0004C
:1040C0000A0000DF8A0000A00002FFC0000C000010
:1040D00006FE003BFB40000AE0000018978B6000E2
:1040E00003E80002EB000EE000007F706F9000001C
:1040F0002FD0AF7000000FF1CF6000000FF2BF6053
:1041000000000FF18F9000002FE02FD000006F70A3
:1041100006F70001EC00003AA78B70005EFE8ADB18
:104120004006FC000DF505FC0008FA05FC0009F945
:1041300005FC004FE205FE9AA60005FC0000000504
:10414000FC00000005FC00000006FD0000006EFF02
:10415000A20000005B978B500008F40003F9004FA9
:10416000A00000AF40AF5000006FA0EF3000003F54
:10417000D0FF2000003FE0EF3000004FD0BF77EDD0
:10418000406F905FD84DF4BF2009F503FEF50000A5
:104190005B97CFD21100000008EEA23CFF99CC70D3
:1041A0000001FF1009F90000FF1004FE0000FF10DD
:1041B00004FD0000FF101CF50000FF99FF40000007
:1041C000FF10BF800000FF104FE00000FF100DF750
:1041D0000000FF1006FE103BFFC400EFE302AB8AB5
:1041E000A901ED0009C05FC0000B05FF6000000DD4
:1041F000FFB4000019FFFC1000018FFD0110004FFB
:10420000F4470000CF34E2001ED04FFA9C91003FEB
:10421000FCBFEBFFB5F406FC02DC69006FC003D6FF
:104220002006FC000900006FC000000006FC000032
:1042300000006FC000000006FC000000006FC0001E
:10424000000007FD00000008EFFA20006EFFA0004C
:104250006EF8006FD00000480005FC0000037000FD
:104260005FC00000370005FC00000370005FC00065
:1042700000370005FC00000360004FD0000055002F
:1042800002FF10000920000AFA000490000007DE77
:10429000CB7000007EFFC401AFE704FF20000C20BC
:1042A00000DF60001A00007FB0007400001FF10002
:1042B000B000000BF60280000006FC0820000000A1
:1042C000FF2A00000000AFB6000000004FF0000021
:1042D00000000EA000007FFF9003F800AFF708FB7E
:1042E0000007FC00095003FE000AFF00090000FF60
:1042F0002018BF40080000BF50537F903500007F5A
:1043000090802FD07100002FD0800EF18000000E21
:10431000F44009F67000000AFC0005FE30000006BB
:10432000FA0000FF00000002F50000CB00001BFFB8
:10433000F901AFE80007FF2003C000000BFA00A15D
:104340000000001FF574000000006FE8000000008E
:1043500000CFA0000000001AFF400000000A17FE76
:1043600000000008300DF900000680003FF4003B1B
:10437000FD600AFFF9008FFFA102AFE804FF3000E3
:104380001D10008FC0008200000EF60370000005B3
:10439000FE1A00000000BFE3000000003FF0000034
:1043A00000002FF0000000002FF0000000003FF0A0
:1043B00000000006DFFB40002FFA88AFF43F30001A
:1043C000CFB0590007FE1011002FF5000000CFA05C
:1043D000000008FE0000003FF4000000DF80000342
:1043E00008FD0000673FF30002E6CFEAAAAFF5FF41
:1043F00093FF00FF00FF00FF00FF00FF00FF00FF32
:1044000000FF00FF00FF00FF00FF00BB830720004C
:104410000008C0000000E50000006D0000000C7006
:10442000000003F1000000A90000001F3000000799
:10443000C0000000E54AFD03FD03FD03FD03FD038D
:10444000FD03FD03FD03FD03FD03FD03FD03FD036C
:10445000FD49B909FD000DDF101F4F505E09A098FE
:1044600003E0D200D2BBBBBBBB0000000460000B6A
:10447000F50001AF100006B000001006D9E8002FCB
:10448000D0AF500A809F700279CF803FC09F80AF2D
:10449000609F809F80CF801CFA8EC40000000000C7
:1044A00000000007BE7000001EF7000000BF700093
:1044B000000BF7000000BF8BFB200BFE11EE00BFCE
:1044C0009008F60BF6006F90BF6006F90BF7008FAF
:1044D00070CFC00CF10A29AAB300007B8D7009F2DD
:1044E0000FF11FD007805FB000005FB000003FE019
:1044F00000000CF600A2019EDB300000000000006E
:1045000002ADF0000006FF0000002FF0000002FFE7
:104510000007CCAFF007F409FF00FF003FF02FD0F9
:1045200001FF03FD001FF01FE002FF00BF307FF01E
:1045300001AC88EFB00000000001B98A100CD00D6A
:10454000B03FA00AF26FD88AC36F9000003FC0004E
:10455000000CF401A101AEDB2001ABBD309F67F779
:104560000BF60007EFB8300CF60000CF60000CF639
:104570000000CF60000CF60000CF60007FFD50000F
:1045800002ABAEEF30DF00CE201FD009F501FD00F9
:104590009F500BF10DD0003C8771002F20000005CB
:1045A000FDBBBA300BFFFFFF13F10019F36F1000D2
:1045B0007E008B989A200153000006FF5000000CEB
:1045C000F5000000CF5000000CF69EB100CFC08F68
:1045D000700CF706FA00CF506FB00CF506FB00CF59
:1045E000506FB00CF506FB05FFD4DFF609F400CFE1
:1045F0006001300024206FF600CF600CF600CF6021
:104600000CF600CF607FFD400009F4000CF60001BD
:1046100040000022007FF7000CF7000BF7000BF7BB
:10462000000BF7000BF7000BF7000BF7051BF56FFE
:104630009BF22DBC500363000007FF5000000CF5F7
:10464000000000CF5000000CF55EFB10CF50C20000
:104650000CF5930000CFAF80000CFBFF1000CF578C
:10466000F9000CF50EF307FFD37FE5048208FF4045
:104670000DF400DF400DF400DF400DF400DF400DCD
:10468000F400DF400DF408FFC26AD68EE708CE9032
:1046900001DFD40DFB30BF600AFA009FA007F900CC
:1046A000AF7009F8007FA00AF7009F8007FA00AFFB
:1046B0007009F8007FA00AF7009F8007FA07FFE45F
:1046C0006FFE55EFF60000000005BE5AFC201EFCF0
:1046D00016FA00DF603FD00DF403FE00DF403FE03C
:1046E0000DF403FE00DF403FE07FFC3CFF90008BB9
:1046F0007A9100BF100EC03FC000AF56FA0008F814
:104700006FA0008F84FC000AF50CF100ED0019A6E3
:1047100099106AD7ACB201EFD00EE00CF900AF509F
:10472000CF6008F70CF6008F80CF7009F50CFB0006
:10473000EE00CFA9BB200CF5000000CF5000000C0C
:10474000F6000007FFD300000000000100009A8A75
:104750004E000BF107FE002FB003FE005FA001FE2C
:10476000005FA001FE003FC003FE000CF20AFE0045
:1047700001BDB8FE00000003FE00000003FE0000C3
:104780000003FE0000002CFF906AD6DE11EFDDF47E
:104790000DF72500DF50000DF50000DF50000DF58E
:1047A0000007FFD30000000009A9C57F00769F80A5
:1047B000012FFD5002AFF64005FB8500E85B9AA192
:1047C00000930000D30007F3006FFA900FF3000F7F
:1047D000F3000FF3000FF3000FF3000EF51005EEDA
:1047E000A102520025106FF60BFF200BF600FF1000
:1047F0000BF600FF100BF600FF100BF600FF100A7F
:10480000F602FF1008FB19FF1001CFD3DFB0000044
:104810000000009FFC28FC10CF600B0006FB04503A
:10482000001FF0800000BF58000006FC6000001F61
:10483000F1000000BC00009FFD30E909FD20DF70A1
:104840003FD00B0007FA08FF1090003FE0ABF645A1
:104850000000EF485FA8100009FD20FE9000005FF7
:10486000D00BF7000000F8005F30007FFD37FB1031
:104870006FE0560000CF99000002FF3000000CFAF4
:104880000000066FF40003808FD107EC3BFFD39F3D
:10489000FD39FC10CF700C0005FC0270000FF172A6
:1048A0000000AF69000005FD6000000FF10000008E
:1048B0009B00000005600000429100002FE900000D
:1048C00000DD1000000FD8AFF40E10BFB00704FFDA
:1048D00020000EF700008FD00002FF40260BFA00E8
:1048E000874FFB9BF602CB30AF300BF300CF300C81
:1048F000F200CF100E900AB0000EC000CF200CF3D3
:1049000000CF300BF3008F300079304F54F54F5407
:10491000F54F54F54F54F54F54F54F54F54F54F5AA
:104920004F502AC20001FB0001FD0001FE0000FE05
:104930000000FE00009F10000BD000AF0000FE0042
:1049400001FE0001FE0001FD0001FA002981003E88
:10495000C506836DF5000010000000002000000077
:104960000006FB01FF5000000009FA04FC000000F3
:10497000000DF108F3000820001F900DC5557FF4CD
:10498000006FB03D01413A6300CFC09207F81000BC
:1049900003DFC22207F700000A2FC00EFAF89100C9
:1049A000111FC01FA7F77E40001FC04E17F71FF151
:1049B000001FC0A507F70DF5001FC17007F708E13C
:1049C000001FC10009F70000001FB004DFF600005F
:1049D000000000004EB10000000DA2000000000029
:1049E0000000FF3003444DB200002FD0000000EF64
:1049F000E10005FA1300005D500004AF99FB00AE22
:104A000040000009F36F900DF3010000CF08F5009E
:104A1000DF1AE3000FB0BF555EF5553002F70FD037
:104A200000DF1000002BC9F7000DF100000002FFAD
:104A3000B100DF100000007ECFA00DF10000005D8E
:104A400022FD12EF10000016000216FFF000000019
:104A50000000000AE6000000000000000000000066
:104A600000000000000000000000500500000000F1
:104A700000000005030B01001100D0080605010627
:104A80002000B00A0B0B00005D00A007080F00FE1D
:104A90009900500E0E0D00FFF400000C0C0B0000EE
:104AA00036017004030501063E01A005050F01FD56
:104AB0006401A005050F00FD8A01500808090001E6
:104AC000AE01A00A08080102CE010005030501FDA0
:104AD000D601A00A08030104E2010005030301FF57
:104AE000E7017008080F00FC23020008080C00FF13
:104AF00053020008060C010077020008080B0000B2
:104B0000A3020008080B0000CF020008080B0000F9
:104B1000FB020008080B000027030008080B000038
:104B200053030008080B00007F030008080B000077
:104B3000AB030008080B0000D703000503080100C1
:104B4000E3030005030B01FDF403A00A08090101BA
:104B50001804A00A090401032A04A00A0809010193
:104B60004E04D005060B00006F04D00E0D0B0100A3
:104B7000B704D00B0C0D00000505200B0B0B00003B
:104B80004205D00B0B0B01007F05200D0C0B000024
:104B9000C105500A0A0B0000F80580090A0B000045
:104BA0002F06700C0C0B00007106500D0D0B000051
:104BB000B906D005060B0000DA068005080FFEFCDA
:104BC0001607D00B0C0B00005807A0090A0B0000B9
:104BD0008F07D00E0F0B0000E207000D0D0B000039
:104BE0002A08800D0C0B01006C08500A0A0B00000B
:104BF000A308800D0C0C01FFEB08500C0C0B0000FF
:104C00002D090009090B00005F09A00B0B0B000028
:104C10009C09500C0D0B0000E409000C0C0B00006B
:104C2000260A0010100B00007E0AD00C0D0B0000AD
:104C3000C60A000C0C0B0000080B000C0A0B01004C
:104C40003F0BD005040F02FC5D0B7008080A000042
:104C5000850BD005040F00FCA30B500506060005CC
:104C6000B50B0008080100FDB90B50050606FF074B
:104C7000CB0BA007080900FFEF0B2009090D00006E
:104C80002A0CD007080800004A0C2009090E00FF72
:104C9000890CA00708080000A90C2005070B0000DC
:104CA000D00CD008090C00FC060D0009090C00000E
:104CB0003C0DA004050B0000580D7004060FFEFC0F
:104CC000850DA008090C0000BB0D5004050C000068
:104CD000D90DD00E0F080000150E2009090900009B
:104CE0003E0E200909080000620E2009090C00FC94
:104CF000980E20090A0D00FCD90E50060708000086
:104D0000F50E000606090000100F8005060B0000D6
:104D1000310F20090A0A00FF630F5008090800003C
:104D2000870F700C0D080000BB0F70080908000009
:104D3000DF0F5008090C00FC1510200808080000BF
:104D400035105006050F01FC5B100009030F03FD31
:104D500072105006060F00FC9F1050080603010455
:104D6000A8100010101000FE28110010111000FDF6
:104D700000001D0A200000005F000100000000008C
:104D80000000000000000200604F00001E0A6000EA
:104D9000704D05080000000002000300B03805084F
:104DA000604A0508744D0508000000000000020874
:104DB000EC020024A5D30208E5D202081200040088
:104DC00000FD01009C4D05080000000000000000EF
:104DD00004000008000000000000000200010000C4
:104DE00010000000000000000000000030313233ED
:104DF000343536373839414243444546403058000F
:104E00003031323334353637383961626364656640
:104E100040307800000000004FBB610567ACDD3F0B
:104E2000182D4454FB21E93F9BF681D20B73EF3FD1
:104E3000182D4454FB21F93FE2652F227F2B7A3C49
:104E4000075C143326A6813CBDCBF07A8807703C02
:104E5000075C143326A6913CC4EB98999999C9BF75
:104E6000711623FEC671BCBF6D9A74AFF2B0B3BFAA
:104E70009AFDDE522DDEADBF2F6C6A2C44B4A2BF6A
:104E80000D5555555555D53FFF8300922449C23FD6
:104E90006E204CC5CD45B73F513DD0A0660DB13F0A
:104EA000EB0D76244B7BA93F11DA22E33AAD903F1C
:104EB0004C5555555555A53F7751C1166CC156BF38
:104EC0009015CB19A001FA3EAD529C804F7E92BE48
:104ED000C4B1B4BD9EEE213ED43888BEE9FAA8BD67
:104EE000000000000000000000004054FB21F93FDA
:104EF0003163621A61B4D03D0000601A61B4D03DE4
:104F00007370032E8A19A33B0000002E8A19A33B5D
:104F1000C14920259A837B39000000000000000071
:104F20006E83F9A22915444ED15727FCC0DD34F514
:104F3000999562DB4190433CAB6351FE61C5BBDE9A
:104F40003A6E24B7E0D24D42EA2E49061C92D109AE
:104F50001CEB1DFE3EA729B1F53582E88444BB2E2B
:104F600026709CE9417E5FB439D69139F439538378
:104F70008B5F849C3B28F9BDFF97F81F0F9805DED7
:104F80008B112FEF1F6D0A5ACF7E366DB709CB27D5
:104F9000663F464F2DEA5F9EC7BA27757BF1E5EB6A
:104FA000F739073DEA92528AB15FFB6B085D8D1FAE
:104FB000000000006E83F9A22915444ED15727FC4A
:104FC000C0DD34F5999562DB4190433CAB6351FE03
:104FD000A6F810111111813FD561C119A0012ABF96
:104FE0007DFEB157E31DC73EEB9C2B8AE6E55ABE1A
:104FF0007CD5CF5A3AD9E53D303132333435363766
:1050000038396162636465667870003031323334F8
:105010003536373839414243444546585000000040
:1050200002400000000000A0000000000540000059
:10503000000000C8000000000C4000000000409C80
:1050400000000000194000000020BCBE000000006D
:1050500034400000BFC91B8E00000004B5400000B2
:10506000504BCFD06607E2CF010000006C4100003A
:105070003E8251AADFEEA73401000000D9420000B1
:10508000DCB5A0E23A301F97FFFFFFFFB4450000F8
:10509000FD25A0C8E9A3C14FFFFFFFFFFF3F0000B0
:1050A0000000008000000000FF3F000000000080C2
:1050B0000000000043686173736973426F6172643A
:1050C0005461736B000000004D794775695461733A
:1050D0006B00000064656661756C745461736B00ED
:1050E0004B65795461736B00536100005765000094
:1050F000546800004D6F00004672000053750000B8
:10510000547500004A756E65000000004D617263C1
:1051100068000000417072696C00000044656365BE
:105120006D6265720000000053657074656D6265A4
:10513000720000004E6F76656D62657200000000BF
:105140004F63746F62657200417567757374000018
:105150004D6179004A756C79000000004A616E75F6
:1051600061727900466562727561727900000000B3
:10517000323032330A323032320A323032310A328D
:105180003032300A323031390A323031380A323076
:1051900031370A323031360A323031350A32303165
:1051A000340A323031330A323031320A323031315E
:1051B0000A323031300A323030390A323030380A6F
:1051C000323030370A323030360A323030350A3237
:1051D0003030340A323030330A323030320A323032
:1051E00030310A323030300A313939390A313939FF
:1051F000380A313939370A313939360A31393935CE
:105200000A313939340A313939330A313939320AF4
:10521000313939310A313939300A313938390A31BD
:105220003938380A313938370A313938360A31399C
:1052300038350A313938340A313938330A31393896
:10524000320A313938310A313938300A313937398F
:105250000A313937380A313937370A313937360A9E
:10526000313937350A313937340A313937330A3170
:105270003937320A313937310A313937300A313961
:1052800036390A313936380A313936370A31393642
:10529000360A313936350A313936340A313936333E
:1052A0000A313936320A313936310A313936300A63
:1052B000313935390A313935380A313935370A311A
:1052C0003935360A313935350A313935340A31390B
:1052D00035330A313935320A313935310A31393508
:1052E000300A313934390A313934380A31393437EE
:1052F0000A313934360A313934350A313934340A0D
:10530000313934330A313934320A313934310A31DE
:105310003934300A313933390A313933380A3139BD
:1053200033370A313933360A313933350A313933B3
:10533000340A313933330A313933320A31393331AE
:105340000A313933300A313932390A313932380ABF
:10535000313932370A313932360A313932350A3188
:105360003932340A313932330A313932320A313979
:1053700032310A313932300A313931390A31393171
:10538000380A313931370A313931360A3139313554
:105390000A313931340A313931330A313931320A7B
:1053A000313931310A313931300A313930390A3144
:1053B0003930380A313930370A313930360A313923
:1053C00030350A313930340A313930330A31393025
:1053D000320A31393031000030310A30320A30338C
:1053E0000A30340A30350A30360A30370A30380A83
:1053F00030390A31300A31310A3132000A000000F6
:1054000020000000210000002200000031230000E5
:1054100023000000240000002500000027000000F9
:1054200028000000290000002A0000002B000000D6
:105430002C0000002B2F2D002D0000002E0000005E
:105440002F0000003000000031000000320000009A
:10545000330000003400000035000000360000007A
:105460003700000038000000390000003A0000005A
:105470003B0000003C0000003D0000003E0000003A
:105480003F0000004000000041000000420000001A
:10549000414243004300000044000000450000007A
:1054A00046000000470000004800000049000000DE
:1054B0004A0000004B0000004C0000004D000000BE
:1054C0004E0000004F00000050000000510000009E
:1054D000520000005300000054000000550000007E
:1054E000560000005700000058000000590000005E
:1054F0005A0000005B0000005C0000005D0000003E
:105500005F00000061000000620000006162630053
:1055100063000000640000006500000066000000F9
:1055200067000000690000006A0000006B000000D6
:105530006D0000006E0000006F00000070000000B1
:105540007100000072000000730000007400000091
:105550007500000076000000770000007800000071
:10556000790000007A0000007B0000007D00000050
:10557000EF808C00EF819300EF819400EF959A000B
:10558000EF849C00EFA2A2000000000042746E3184
:105590000000000042746E320000000042746E335E
:1055A0000000000042746E340000000042746E354A
:1055B000000000001057050800000024C804000087
:1055C000D402000838590508C8040024683F0100C7
:1055D00030030008000000000000F07FFFFFFFFF25
:1055E000FFFFEF7F1C00000043000000F8FFFFFFFB
:1055F0000C0000000E0000000F0000002E00000054
:105600001001000043000000F8FFFFFF0040404091
:105610004040404040404141414141404040404085
:105620004040404040404040404040404005020231
:1056300002020202020202020202020202202020F0
:10564000202020202020200202020202020290904C
:10565000909090901010101010101010101010104A
:10566000101010101010101002020202020288889E
:1056700088888888080808080808080808080808AA
:105680000808080808080808020202024000000092
:10569000000000000000000000000000000000000A
:1056A00000000000000000000000000000000000FA
:1056B00000000000000000000000000000000000EA
:1056C00000000000000000000000000000000000DA
:1056D00000000000000000000000000000000000CA
:1056E00000000000000000000000000000000000BA
:1056F00000000000000000000000000000000000AA
:105700000000000000000000000000000000000099
:10571000011C16643D04080C120C121812321614E7
:105720004204081012101A200C16544804081412CF
:10573000141A3C041E044D04081822124812641E58
:10574000246904082022128012962B24B4301220DF
:1057500032402BE4CB48121832301EB4DD04080A64
:105760003832281E8CEC0408085432101E7CF204D7
:1057700008066C820C3C90D00304312920420114AD
:10578000C012C0C48025C002202D3939016A1EFC18
:10579000500508F404111D510508EC081AF0041A0C
:1057A000F8041AE8041A5C141A64041A0C041A1493
:1057B000041A50041A04041A54041A48041A280437
:1057C0001A40041A34041A1C041ED8530508700821
:1057D0006112FF1F5CF904085CFA041AFB041AFC4E
:1057E0000429109904411A0C201A0C201A0C201AB2
:1057F000B0043910990401640617D4C3B2A16F181C
:1058000012B9BB030895B8030839B9030811BA03E4
:105810000859101A850C1AC1041AE9041E8C550582
:105820000894041A9C041EFC530508A4081AAC042E
:105830001A88044118167193516518733A40058708
:105840001744A4A95A409D137B681F101E5FD218ED
:10585000ADA3101E33164D6727101E3946B247A858
:1058600010011A1AA01C33F041223F2A7008016D62
:105870001AAA01C113FF7F6A80040114021F531387
:10588000152F1B08110413CD2E1B0839081A6904A3
:105890001E71030108B9041AC9041AF5041E35045F
:1058A00001083D081A810441131201140202021674
:1058B000408304405726020102030114050F0C1C0B
:1058C0000107101721071A040309041A03130A0613
:1058D00029271A403711137DFE140879FC1308C7D5
:1058E000495C1B4DFD8012FB1B082F14C11AF118D7
:1058F0001AAD041A39301A9D081C0902437B112580
:10590000C03209041B01020B1305241610010524E3
:1059100001180901042402020524069015058203DA
:10592000081C100904B1320A2E0705010240072A9B
:085930008107248101820000BF
:040000050800029954
:00000001FF
