/*******************************************************************************
 * Size: 64 px
 * Bpp: 1
 * Opts: --bpp 1 --size 64 --font C:/Users/Arjen/SquareLine/assets/方正大标宋简体.ttf -o C:/Users/Arjen/SquareLine/assets\ui_font_FontTitle.c --format lvgl -r 0x20-0x7f --symbols 智慧医疗平台 --no-compress --no-prefilter
 ******************************************************************************/

#include "../ui.h"

#ifndef UI_FONT_FONTTITLE
#define UI_FONT_FONTTITLE 1
#endif

#if UI_FONT_FONTTITLE

/*-----------------
 *    BITMAPS
 *----------------*/

/*Store the image of the glyphs*/
static LV_ATTRIBUTE_LARGE_CONST const uint8_t glyph_bitmap[] = {
    /* U+0020 " " */
    0x0,

    /* U+0021 "!" */
    0x1f, 0xc7, 0xfe, 0xff, 0xff, 0xff, 0xff, 0xff,
    0xff, 0xff, 0xf7, 0xff, 0x7f, 0xe7, 0xfe, 0x7f,
    0xe3, 0xfc, 0x3f, 0xc3, 0xfc, 0x3f, 0x81, 0xf8,
    0x1f, 0x81, 0xf8, 0x1f, 0x80, 0xf0, 0xf, 0x0,
    0xf0, 0xf, 0x0, 0xf0, 0xf, 0x0, 0xe0, 0x6,
    0x0, 0x60, 0x6, 0x0, 0x60, 0x6, 0x0, 0x60,
    0x6, 0x0, 0x60, 0x0, 0x0, 0x0, 0x0, 0x0,
    0x0, 0x0, 0x0, 0x0, 0x3f, 0x7, 0xfc, 0xff,
    0xef, 0xfe, 0xff, 0xef, 0xfe, 0x7f, 0xe7, 0xfc,
    0x1f, 0x80,

    /* U+0022 "\"" */
    0x3e, 0x1, 0xe3, 0xf8, 0x1f, 0x9f, 0xc1, 0xfc,
    0xfe, 0xf, 0xe7, 0xf0, 0x7f, 0x3f, 0x83, 0xf9,
    0xfc, 0xf, 0xc7, 0xe0, 0x7e, 0x3e, 0x3, 0xf1,
    0xf0, 0x1f, 0x8f, 0x80, 0xf8, 0x7c, 0x7, 0xc3,
    0xe0, 0x1e, 0xf, 0x0, 0xf0, 0x70, 0x7, 0x83,
    0x80, 0x38, 0x1c, 0x1, 0xc0, 0xe0, 0x6, 0x2,
    0x0, 0x0,

    /* U+0023 "#" */
    0x0, 0x3, 0x80, 0x3, 0x80, 0x0, 0xf, 0x0,
    0x7, 0x0, 0x0, 0x1e, 0x0, 0xe, 0x0, 0x0,
    0x3c, 0x0, 0x3c, 0x0, 0x0, 0x70, 0x0, 0x78,
    0x0, 0x0, 0xe0, 0x0, 0xe0, 0x0, 0x1, 0xc0,
    0x1, 0xc0, 0x0, 0x7, 0x80, 0x3, 0x80, 0x0,
    0xf, 0x0, 0x7, 0x0, 0x0, 0x1c, 0x0, 0x1e,
    0x0, 0x0, 0x38, 0x0, 0x38, 0x0, 0x0, 0x70,
    0x0, 0x70, 0x0, 0x1, 0xe0, 0x0, 0xe0, 0x0,
    0x3, 0xc0, 0x1, 0xc0, 0xf, 0xff, 0xff, 0xff,
    0xff, 0x80, 0xe, 0x0, 0xe, 0x0, 0x0, 0x3c,
    0x0, 0x1c, 0x0, 0x0, 0x78, 0x0, 0x78, 0x0,
    0x0, 0xf0, 0x0, 0xf0, 0x0, 0x1, 0xc0, 0x1,
    0xe0, 0x0, 0x3, 0x80, 0x3, 0x80, 0x0, 0x7,
    0x0, 0x7, 0x0, 0x0, 0x1e, 0x0, 0xe, 0x0,
    0x0, 0x3c, 0x0, 0x3c, 0x0, 0x0, 0x78, 0x0,
    0x78, 0x0, 0x0, 0xe0, 0x0, 0xf0, 0x0, 0x1,
    0xc0, 0x1, 0xc0, 0x0, 0x3, 0x80, 0x3, 0x80,
    0x0, 0xf, 0x0, 0x7, 0x0, 0x0, 0x1e, 0x0,
    0x1e, 0x0, 0x3f, 0xff, 0xff, 0xff, 0xfe, 0x0,
    0x70, 0x0, 0x70, 0x0, 0x1, 0xe0, 0x0, 0xe0,
    0x0, 0x3, 0xc0, 0x3, 0xc0, 0x0, 0x7, 0x0,
    0x7, 0x80, 0x0, 0xe, 0x0, 0xe, 0x0, 0x0,
    0x1c, 0x0, 0x1c, 0x0, 0x0, 0x78, 0x0, 0x38,
    0x0, 0x0, 0xf0, 0x0, 0xf0, 0x0, 0x1, 0xc0,
    0x1, 0xe0, 0x0, 0x3, 0x80, 0x3, 0x80, 0x0,
    0xf, 0x0, 0x7, 0x0, 0x0, 0x1e, 0x0, 0xe,
    0x0, 0x0, 0x3c, 0x0, 0x3c, 0x0, 0x0, 0x70,
    0x0, 0x78, 0x0, 0x0, 0xe0, 0x0, 0xf0, 0x0,
    0x3, 0xc0, 0x1, 0xc0, 0x0, 0x7, 0x80, 0x3,
    0x80, 0x0,

    /* U+0024 "$" */
    0x0, 0x7, 0x0, 0x0, 0x0, 0x1c, 0x0, 0x0,
    0x0, 0x70, 0x0, 0x0, 0x1, 0xc0, 0x0, 0x0,
    0x7f, 0xf8, 0x0, 0xf, 0xff, 0xfc, 0x0, 0x7c,
    0x71, 0xfc, 0x3, 0xe1, 0xc3, 0xf8, 0x1f, 0x7,
    0x7, 0xe0, 0xfc, 0x1c, 0xf, 0xc3, 0xe0, 0x70,
    0x7f, 0xf, 0x81, 0xc1, 0xfc, 0x7e, 0x7, 0x7,
    0xf1, 0xf8, 0x1c, 0x1f, 0xc7, 0xe0, 0x70, 0x7f,
    0x1f, 0x81, 0xc0, 0x78, 0x7f, 0x7, 0x0, 0x1,
    0xfc, 0x1c, 0x0, 0x7, 0xf8, 0x70, 0x0, 0x1f,
    0xe1, 0xc0, 0x0, 0x3f, 0xc7, 0x0, 0x0, 0xff,
    0xdc, 0x0, 0x1, 0xff, 0xf0, 0x0, 0x7, 0xff,
    0xc0, 0x0, 0xf, 0xff, 0xe0, 0x0, 0x1f, 0xff,
    0xc0, 0x0, 0x3f, 0xff, 0xc0, 0x0, 0x3f, 0xff,
    0x80, 0x0, 0x7f, 0xff, 0x80, 0x0, 0x7f, 0xff,
    0x0, 0x0, 0x7f, 0xfe, 0x0, 0x1, 0xff, 0xf8,
    0x0, 0x7, 0x3f, 0xf0, 0x0, 0x1c, 0x7f, 0xc0,
    0x0, 0x70, 0xff, 0x80, 0x1, 0xc1, 0xfe, 0x0,
    0x7, 0x3, 0xf8, 0x0, 0x1c, 0xf, 0xe0, 0x0,
    0x70, 0x1f, 0x8f, 0x1, 0xc0, 0x7e, 0x7f, 0x7,
    0x1, 0xfb, 0xfc, 0x1c, 0x7, 0xef, 0xf0, 0x70,
    0x1f, 0xbf, 0xc1, 0xc0, 0x7c, 0xff, 0x7, 0x1,
    0xf1, 0xfc, 0x1c, 0xf, 0x87, 0xf0, 0x70, 0x7e,
    0xf, 0xe1, 0xc3, 0xf0, 0x1f, 0xc7, 0x1f, 0x80,
    0x1f, 0xff, 0xf8, 0x0, 0xf, 0xff, 0x0, 0x0,
    0x1, 0xc0, 0x0, 0x0, 0x7, 0x0, 0x0, 0x0,
    0x1c, 0x0, 0x0, 0x0, 0x70, 0x0, 0x0, 0x1,
    0xc0, 0x0, 0x0, 0x7, 0x0, 0x0,

    /* U+0025 "%" */
    0x0, 0x0, 0x0, 0x0, 0x0, 0xc0, 0x0, 0xff,
    0x0, 0x0, 0x0, 0x70, 0x1, 0xe1, 0xe0, 0x0,
    0x0, 0x78, 0x1, 0xe0, 0x7c, 0x0, 0x0, 0x78,
    0x1, 0xe0, 0x1f, 0x0, 0x0, 0x78, 0x1, 0xf0,
    0xf, 0x80, 0x0, 0x38, 0x1, 0xf8, 0x7, 0xe0,
    0x0, 0x3c, 0x0, 0xf8, 0x1, 0xf0, 0x0, 0x3c,
    0x0, 0x7c, 0x0, 0xf8, 0x0, 0x3c, 0x0, 0x7e,
    0x0, 0x7e, 0x0, 0x1c, 0x0, 0x3f, 0x0, 0x3f,
    0x0, 0x1e, 0x0, 0x1f, 0x80, 0x1f, 0x80, 0x1e,
    0x0, 0xf, 0xc0, 0xf, 0xc0, 0x1e, 0x0, 0x7,
    0xe0, 0x7, 0xe0, 0xe, 0x0, 0x3, 0xf0, 0x3,
    0xf0, 0xf, 0x0, 0x1, 0xf8, 0x1, 0xf8, 0xf,
    0x0, 0x0, 0xfc, 0x0, 0xfc, 0x7, 0x0, 0x0,
    0x7e, 0x0, 0x7e, 0x7, 0x0, 0x0, 0x3f, 0x0,
    0x3e, 0x7, 0x80, 0x0, 0xf, 0x80, 0x1f, 0x7,
    0x80, 0x0, 0x7, 0xc0, 0xf, 0x83, 0x80, 0x0,
    0x3, 0xf0, 0xf, 0x83, 0x80, 0x0, 0x0, 0xf8,
    0x7, 0xc3, 0xc0, 0x0, 0x0, 0x7c, 0x3, 0xc3,
    0xc0, 0x0, 0x0, 0x1f, 0x3, 0xc1, 0xc0, 0x7,
    0x0, 0x3, 0xc3, 0x81, 0xe0, 0x3f, 0xf0, 0x0,
    0x7f, 0x1, 0xe0, 0x3e, 0x7c, 0x0, 0x0, 0x1,
    0xe0, 0x3e, 0xf, 0x0, 0x0, 0x0, 0xe0, 0x3e,
    0x3, 0xc0, 0x0, 0x0, 0xf0, 0x1f, 0x1, 0xf0,
    0x0, 0x0, 0xf0, 0x1f, 0x0, 0xf8, 0x0, 0x0,
    0xf0, 0xf, 0x80, 0x3e, 0x0, 0x0, 0x70, 0x7,
    0xc0, 0x1f, 0x0, 0x0, 0x78, 0x7, 0xe0, 0xf,
    0x80, 0x0, 0x78, 0x3, 0xf0, 0x7, 0xe0, 0x0,
    0x78, 0x1, 0xf8, 0x3, 0xf0, 0x0, 0x38, 0x0,
    0xfc, 0x1, 0xf8, 0x0, 0x3c, 0x0, 0x7e, 0x0,
    0xfc, 0x0, 0x3c, 0x0, 0x3f, 0x0, 0x7e, 0x0,
    0x1c, 0x0, 0x1f, 0x80, 0x3f, 0x0, 0x1c, 0x0,
    0xf, 0xc0, 0x1f, 0x80, 0x1e, 0x0, 0x7, 0xe0,
    0xf, 0xc0, 0x1e, 0x0, 0x3, 0xf0, 0x7, 0xc0,
    0xe, 0x0, 0x0, 0xf8, 0x3, 0xe0, 0xe, 0x0,
    0x0, 0x7c, 0x3, 0xf0, 0xf, 0x0, 0x0, 0x1f,
    0x1, 0xf0, 0xf, 0x0, 0x0, 0xf, 0x80, 0xf8,
    0x7, 0x0, 0x0, 0x3, 0xe0, 0xf8, 0x7, 0x80,
    0x0, 0x0, 0x78, 0xf0, 0x0, 0x80, 0x0, 0x0,
    0xf, 0xe0, 0x0,

    /* U+0026 "&" */
    0x0, 0x7, 0xfe, 0x0, 0x0, 0x0, 0x0, 0xf8,
    0x1f, 0x0, 0x0, 0x0, 0xf, 0xc0, 0x1f, 0x0,
    0x0, 0x0, 0x7e, 0x0, 0x3e, 0x0, 0x0, 0x1,
    0xf0, 0x0, 0xfc, 0x0, 0x0, 0xf, 0xc0, 0x1,
    0xf0, 0x0, 0x0, 0x3f, 0x0, 0x7, 0xc0, 0x0,
    0x1, 0xfc, 0x0, 0x1f, 0x80, 0x0, 0x7, 0xf0,
    0x0, 0x7e, 0x0, 0x0, 0x1f, 0xc0, 0x1, 0xf8,
    0x0, 0x0, 0x7f, 0x0, 0x7, 0xe0, 0x0, 0x1,
    0xfe, 0x0, 0x3f, 0x80, 0x0, 0x7, 0xf8, 0x0,
    0xfc, 0x0, 0x0, 0x1f, 0xe0, 0x7, 0xf0, 0x0,
    0x0, 0x3f, 0xc0, 0x1f, 0x80, 0x0, 0x0, 0xff,
    0x80, 0xfc, 0x0, 0x0, 0x1, 0xfe, 0xf, 0xe0,
    0x0, 0x0, 0x7, 0xfc, 0x7e, 0x0, 0x0, 0x0,
    0xf, 0xff, 0xf0, 0x0, 0x0, 0x0, 0x3f, 0xff,
    0x0, 0x0, 0x0, 0x0, 0x7f, 0xe0, 0x3, 0xff,
    0xf8, 0x0, 0xff, 0xc0, 0xf, 0xff, 0xe0, 0x3,
    0xff, 0x80, 0x7, 0xfe, 0x0, 0x3f, 0xff, 0x0,
    0x7, 0xe0, 0x1, 0xef, 0xfc, 0x0, 0x1f, 0x0,
    0x1f, 0x9f, 0xf8, 0x0, 0x38, 0x0, 0xfc, 0x3f,
    0xf0, 0x0, 0xe0, 0x7, 0xe0, 0x7f, 0xe0, 0x3,
    0x80, 0x1f, 0x80, 0xff, 0xc0, 0xe, 0x0, 0xfe,
    0x1, 0xff, 0x80, 0x70, 0x7, 0xf0, 0x3, 0xff,
    0x1, 0xc0, 0x1f, 0xc0, 0xf, 0xfe, 0xe, 0x0,
    0x7f, 0x0, 0x1f, 0xfc, 0x38, 0x3, 0xfc, 0x0,
    0x3f, 0xf1, 0xc0, 0xf, 0xf0, 0x0, 0x7f, 0xe7,
    0x0, 0x3f, 0xc0, 0x0, 0xff, 0xf8, 0x0, 0xff,
    0x0, 0x1, 0xff, 0xc0, 0x3, 0xfc, 0x0, 0x7,
    0xff, 0x0, 0xf, 0xf0, 0x0, 0xf, 0xfe, 0x0,
    0x3f, 0xe0, 0x0, 0x1f, 0xfc, 0x0, 0xff, 0x80,
    0x0, 0x3f, 0xf8, 0x1, 0xff, 0x0, 0x0, 0xff,
    0xf0, 0x7, 0xfc, 0x0, 0x7, 0xff, 0xe0, 0xf,
    0xf8, 0x0, 0x7f, 0xff, 0xc0, 0x1f, 0xf8, 0xf,
    0xe7, 0xff, 0xc0, 0x3f, 0xff, 0xfe, 0xf, 0xff,
    0xe0, 0x7f, 0xff, 0xc0, 0x1f, 0xff, 0xc0, 0x3f,
    0xf0, 0x0, 0x3f, 0xff,

    /* U+0027 "'" */
    0x3c, 0x7e, 0xfe, 0xff, 0xff, 0x7e, 0x7e, 0x7e,
    0x7e, 0x7e, 0x7e, 0x3c, 0x3c, 0x3c, 0x3c, 0x3c,
    0x3c, 0x18, 0x0,

    /* U+0028 "(" */
    0x0, 0x2, 0x0, 0x6, 0x0, 0xe, 0x0, 0x3c,
    0x0, 0x38, 0x0, 0x70, 0x0, 0xf0, 0x1, 0xe0,
    0x3, 0xe0, 0x3, 0xc0, 0x7, 0xc0, 0x7, 0xc0,
    0xf, 0x80, 0xf, 0x80, 0x1f, 0x80, 0x1f, 0x80,
    0x3f, 0x0, 0x3f, 0x0, 0x3f, 0x0, 0x7f, 0x0,
    0x7f, 0x0, 0x7e, 0x0, 0x7e, 0x0, 0x7e, 0x0,
    0xfe, 0x0, 0xfe, 0x0, 0xfe, 0x0, 0xfe, 0x0,
    0xfe, 0x0, 0xfe, 0x0, 0xfe, 0x0, 0xfe, 0x0,
    0xfe, 0x0, 0xfe, 0x0, 0xfe, 0x0, 0xfe, 0x0,
    0xfe, 0x0, 0xfe, 0x0, 0x7f, 0x0, 0x7f, 0x0,
    0x7f, 0x0, 0x7f, 0x0, 0x3f, 0x0, 0x3f, 0x0,
    0x3f, 0x80, 0x1f, 0x80, 0x1f, 0x80, 0xf, 0xc0,
    0xf, 0xc0, 0x7, 0xc0, 0x7, 0xe0, 0x3, 0xe0,
    0x3, 0xf0, 0x1, 0xf0, 0x0, 0xf8, 0x0, 0x78,
    0x0, 0x3c, 0x0, 0x1c, 0x0, 0xe, 0x0, 0x7,
    0x0, 0x2,

    /* U+0029 ")" */
    0xc0, 0x0, 0xe0, 0x0, 0x70, 0x0, 0x78, 0x0,
    0x3c, 0x0, 0x1e, 0x0, 0x1f, 0x0, 0xf, 0x80,
    0xf, 0x80, 0x7, 0xc0, 0x7, 0xe0, 0x3, 0xe0,
    0x3, 0xf0, 0x3, 0xf0, 0x1, 0xf8, 0x1, 0xf8,
    0x1, 0xfc, 0x0, 0xfc, 0x0, 0xfc, 0x0, 0xfe,
    0x0, 0xfe, 0x0, 0xfe, 0x0, 0xfe, 0x0, 0x7e,
    0x0, 0x7f, 0x0, 0x7f, 0x0, 0x7f, 0x0, 0x7f,
    0x0, 0x7f, 0x0, 0x7f, 0x0, 0x7f, 0x0, 0x7f,
    0x0, 0x7f, 0x0, 0x7f, 0x0, 0x7f, 0x0, 0x7f,
    0x0, 0x7f, 0x0, 0x7e, 0x0, 0xfe, 0x0, 0xfe,
    0x0, 0xfe, 0x0, 0xfe, 0x0, 0xfc, 0x1, 0xfc,
    0x1, 0xfc, 0x1, 0xf8, 0x1, 0xf8, 0x3, 0xf0,
    0x3, 0xf0, 0x3, 0xe0, 0x7, 0xe0, 0x7, 0xc0,
    0xf, 0x80, 0xf, 0x80, 0x1f, 0x0, 0x1e, 0x0,
    0x3c, 0x0, 0x78, 0x0, 0x70, 0x0, 0xe0, 0x0,
    0x40, 0x0,

    /* U+002A "*" */
    0x0, 0x7, 0xc0, 0x0, 0x0, 0xff, 0x0, 0x0,
    0x7, 0xf8, 0x0, 0x0, 0x3f, 0xc0, 0x0, 0x1,
    0xfe, 0x0, 0x0, 0xf, 0xf0, 0x0, 0x0, 0x3f,
    0x0, 0x1, 0x1, 0xf8, 0x0, 0x1e, 0xf, 0xc1,
    0xe1, 0xf0, 0x7c, 0x1f, 0x8f, 0xc3, 0xe1, 0xfc,
    0xff, 0xf, 0x1f, 0xf7, 0xfc, 0x71, 0xff, 0xbf,
    0xf3, 0x9f, 0xfc, 0xff, 0xdd, 0xff, 0x80, 0xff,
    0xff, 0xe0, 0x0, 0xff, 0xf8, 0x0, 0x0, 0xfc,
    0x0, 0x0, 0x7, 0xf0, 0x0, 0x3, 0xff, 0xf8,
    0x1, 0xff, 0xbf, 0xf8, 0x3f, 0xfb, 0xbf, 0xfb,
    0xff, 0x9c, 0xff, 0xef, 0xf8, 0xe3, 0xff, 0x7f,
    0x87, 0xf, 0xf3, 0xf8, 0x7c, 0x3f, 0x8f, 0x83,
    0xe0, 0xfc, 0x38, 0x1f, 0x3, 0xc0, 0x0, 0xf8,
    0x0, 0x0, 0xf, 0xe0, 0x0, 0x0, 0x7f, 0x0,
    0x0, 0x3, 0xf8, 0x0, 0x0, 0x3f, 0xc0, 0x0,
    0x1, 0xfe, 0x0, 0x0, 0xf, 0xf0, 0x0, 0x0,
    0x1e, 0x0, 0x0,

    /* U+002B "+" */
    0x0, 0x7, 0x80, 0x0, 0x0, 0x3c, 0x0, 0x0,
    0x1, 0xe0, 0x0, 0x0, 0xf, 0x0, 0x0, 0x0,
    0x78, 0x0, 0x0, 0x3, 0xc0, 0x0, 0x0, 0x1e,
    0x0, 0x0, 0x0, 0xf0, 0x0, 0x0, 0x7, 0x80,
    0x0, 0x0, 0x3c, 0x0, 0x0, 0x1, 0xe0, 0x0,
    0x0, 0xf, 0x0, 0x0, 0x0, 0x78, 0x0, 0x7f,
    0xff, 0xff, 0xff, 0xff, 0xff, 0xff, 0xff, 0xff,
    0xff, 0xff, 0x0, 0x7, 0x80, 0x0, 0x0, 0x3c,
    0x0, 0x0, 0x1, 0xe0, 0x0, 0x0, 0xf, 0x0,
    0x0, 0x0, 0x78, 0x0, 0x0, 0x3, 0xc0, 0x0,
    0x0, 0x1e, 0x0, 0x0, 0x0, 0xf0, 0x0, 0x0,
    0x7, 0x80, 0x0, 0x0, 0x3c, 0x0, 0x0, 0x1,
    0xe0, 0x0, 0x0, 0xf, 0x0, 0x0, 0x0, 0x78,
    0x0, 0x0,

    /* U+002C "," */
    0x1f, 0x87, 0xfc, 0xff, 0xef, 0xff, 0xff, 0xff,
    0xff, 0xff, 0xf7, 0xff, 0x3f, 0xf0, 0xff, 0x1,
    0xe0, 0x3e, 0x3, 0xc0, 0x78, 0x1f, 0x3, 0xe0,
    0xfc, 0x6, 0x0,

    /* U+002D "-" */
    0xff, 0xff, 0xff, 0xff, 0xff, 0xff, 0xff, 0xff,
    0xff, 0xff, 0xff, 0xff, 0xff, 0xff, 0xff, 0xff,
    0xff, 0xff, 0x80,

    /* U+002E "." */
    0x1f, 0xf, 0xf1, 0xff, 0x7f, 0xff, 0xff, 0xff,
    0xff, 0xff, 0xfe, 0x7f, 0xc7, 0xf0, 0x10, 0x0,

    /* U+002F "/" */
    0x0, 0x0, 0x1, 0xc0, 0x0, 0x0, 0xf0, 0x0,
    0x0, 0x3c, 0x0, 0x0, 0xe, 0x0, 0x0, 0x7,
    0x80, 0x0, 0x1, 0xc0, 0x0, 0x0, 0xf0, 0x0,
    0x0, 0x3c, 0x0, 0x0, 0xe, 0x0, 0x0, 0x7,
    0x80, 0x0, 0x1, 0xc0, 0x0, 0x0, 0xf0, 0x0,
    0x0, 0x3c, 0x0, 0x0, 0xe, 0x0, 0x0, 0x7,
    0x80, 0x0, 0x1, 0xe0, 0x0, 0x0, 0x70, 0x0,
    0x0, 0x3c, 0x0, 0x0, 0xe, 0x0, 0x0, 0x7,
    0x80, 0x0, 0x1, 0xe0, 0x0, 0x0, 0x70, 0x0,
    0x0, 0x3c, 0x0, 0x0, 0xe, 0x0, 0x0, 0x7,
    0x80, 0x0, 0x1, 0xe0, 0x0, 0x0, 0x70, 0x0,
    0x0, 0x3c, 0x0, 0x0, 0xf, 0x0, 0x0, 0x3,
    0x80, 0x0, 0x1, 0xe0, 0x0, 0x0, 0x70, 0x0,
    0x0, 0x3c, 0x0, 0x0, 0xf, 0x0, 0x0, 0x3,
    0x80, 0x0, 0x1, 0xe0, 0x0, 0x0, 0x78, 0x0,
    0x0, 0x3c, 0x0, 0x0, 0xf, 0x0, 0x0, 0x3,
    0x80, 0x0, 0x1, 0xe0, 0x0, 0x0, 0x78, 0x0,
    0x0, 0x3c, 0x0, 0x0, 0xf, 0x0, 0x0, 0x3,
    0x80, 0x0, 0x1, 0xe0, 0x0, 0x0, 0x78, 0x0,
    0x0, 0x1c, 0x0, 0x0, 0xf, 0x0, 0x0, 0x3,
    0xc0, 0x0, 0x1, 0xe0, 0x0, 0x0, 0x78, 0x0,
    0x0, 0x1c, 0x0, 0x0, 0xf, 0x0, 0x0, 0x3,
    0xc0, 0x0, 0x1, 0xe0, 0x0, 0x0, 0x78, 0x0,
    0x0, 0x1c, 0x0, 0x0, 0xf, 0x0, 0x0, 0x3,
    0xc0, 0x0, 0x0,

    /* U+0030 "0" */
    0x0, 0x3f, 0xc0, 0x0, 0xf, 0x8f, 0x0, 0x1,
    0xf0, 0x7c, 0x0, 0x7e, 0x3, 0xe0, 0x7, 0xc0,
    0x3f, 0x0, 0xfc, 0x3, 0xf0, 0x1f, 0xc0, 0x1f,
    0x81, 0xf8, 0x1, 0xf8, 0x3f, 0x80, 0x1f, 0xc3,
    0xf8, 0x1, 0xfc, 0x3f, 0x80, 0x1f, 0xc7, 0xf8,
    0x1, 0xfe, 0x7f, 0x80, 0xf, 0xe7, 0xf0, 0x0,
    0xfe, 0x7f, 0x0, 0xf, 0xe7, 0xf0, 0x0, 0xfe,
    0xff, 0x0, 0xf, 0xff, 0xf0, 0x0, 0xff, 0xff,
    0x0, 0xf, 0xff, 0xf0, 0x0, 0xff, 0xff, 0x0,
    0xf, 0xff, 0xf0, 0x0, 0xff, 0xff, 0x0, 0xf,
    0xff, 0xf0, 0x0, 0xff, 0xff, 0x0, 0xf, 0xff,
    0xf0, 0x0, 0xff, 0xff, 0x0, 0xf, 0xff, 0xf0,
    0x0, 0xff, 0xff, 0x0, 0xf, 0xff, 0xf0, 0x0,
    0xff, 0xff, 0x0, 0xf, 0xff, 0xf0, 0x0, 0xff,
    0xff, 0x0, 0xf, 0xe7, 0xf0, 0x0, 0xfe, 0x7f,
    0x0, 0xf, 0xe7, 0xf8, 0x1, 0xfe, 0x7f, 0x80,
    0x1f, 0xe3, 0xf8, 0x1, 0xfc, 0x3f, 0x80, 0x1f,
    0xc3, 0xf8, 0x1, 0xfc, 0x1f, 0x80, 0x1f, 0x81,
    0xfc, 0x3, 0xf8, 0xf, 0xc0, 0x3f, 0x0, 0xfe,
    0x3, 0xf0, 0x7, 0xe0, 0x7e, 0x0, 0x3f, 0xf,
    0xc0, 0x1, 0xff, 0xf0, 0x0, 0x7, 0xfe, 0x0,
    0x0, 0x0, 0x0, 0x0,

    /* U+0031 "1" */
    0x0, 0x2, 0x0, 0x0, 0xf8, 0x0, 0x7f, 0xe0,
    0x1f, 0xff, 0x80, 0x7f, 0xfe, 0x1, 0xff, 0xf8,
    0x0, 0x7f, 0xe0, 0x0, 0xff, 0x80, 0x3, 0xfe,
    0x0, 0x7, 0xf8, 0x0, 0x1f, 0xe0, 0x0, 0x7f,
    0x80, 0x1, 0xfe, 0x0, 0x7, 0xf8, 0x0, 0x1f,
    0xe0, 0x0, 0x7f, 0x80, 0x1, 0xfe, 0x0, 0x7,
    0xf8, 0x0, 0x1f, 0xe0, 0x0, 0x7f, 0x80, 0x1,
    0xfe, 0x0, 0x7, 0xf8, 0x0, 0x1f, 0xe0, 0x0,
    0x7f, 0x80, 0x1, 0xfe, 0x0, 0x7, 0xf8, 0x0,
    0x1f, 0xe0, 0x0, 0x7f, 0x80, 0x1, 0xfe, 0x0,
    0x7, 0xf8, 0x0, 0x1f, 0xe0, 0x0, 0x7f, 0x80,
    0x1, 0xfe, 0x0, 0x7, 0xf8, 0x0, 0x1f, 0xe0,
    0x0, 0x7f, 0x80, 0x1, 0xfe, 0x0, 0x7, 0xf8,
    0x0, 0x1f, 0xe0, 0x0, 0x7f, 0x80, 0x1, 0xfe,
    0x0, 0x7, 0xf8, 0x0, 0x1f, 0xe0, 0x0, 0x7f,
    0x80, 0x3, 0xff, 0x0, 0xf, 0xfe, 0x0, 0x7f,
    0xfc, 0x7, 0xff, 0xfc, 0xff, 0xff, 0xfc,

    /* U+0032 "2" */
    0x0, 0x3f, 0xf0, 0x0, 0x1f, 0x7, 0xf0, 0x1,
    0xf0, 0xf, 0xc0, 0x3f, 0x0, 0x3f, 0x1, 0xf8,
    0x1, 0xfc, 0x1f, 0xc0, 0xf, 0xf1, 0xfe, 0x0,
    0x3f, 0x8f, 0xf0, 0x1, 0xfe, 0x7f, 0xc0, 0xf,
    0xf3, 0xfe, 0x0, 0x7f, 0x9f, 0xf0, 0x3, 0xfc,
    0xff, 0x0, 0x1f, 0xe7, 0xf8, 0x0, 0xff, 0x1f,
    0x0, 0x7, 0xf8, 0x0, 0x0, 0x7f, 0xc0, 0x0,
    0x3, 0xfc, 0x0, 0x0, 0x3f, 0xe0, 0x0, 0x1,
    0xff, 0x0, 0x0, 0x1f, 0xf0, 0x0, 0x1, 0xff,
    0x80, 0x0, 0xf, 0xf8, 0x0, 0x0, 0xff, 0x80,
    0x0, 0xf, 0xf8, 0x0, 0x1, 0xff, 0x80, 0x0,
    0x1f, 0xf8, 0x0, 0x1, 0xff, 0x80, 0x0, 0x1f,
    0xf0, 0x0, 0x1, 0xfe, 0x0, 0x0, 0x1f, 0xc0,
    0x0, 0x0, 0xfc, 0x0, 0x0, 0xf, 0xc0, 0x0,
    0x0, 0xf8, 0x0, 0x0, 0xf, 0x80, 0x0, 0x30,
    0x78, 0x0, 0x1, 0x87, 0xc0, 0x0, 0xc, 0x3c,
    0x0, 0x0, 0xe3, 0xc0, 0x0, 0x7, 0x1e, 0x0,
    0x0, 0x78, 0xe0, 0x0, 0x3, 0xcf, 0x0, 0x0,
    0x7e, 0x7f, 0xff, 0xff, 0xf3, 0xff, 0xff, 0xff,
    0x1f, 0xff, 0xff, 0xf8, 0xff, 0xff, 0xff, 0xc7,
    0xff, 0xff, 0xfe, 0x3f, 0xff, 0xff, 0xf3, 0xff,
    0xff, 0xff, 0x80,

    /* U+0033 "3" */
    0x0, 0x7f, 0xf0, 0x0, 0x1f, 0x83, 0xf0, 0x3,
    0xf0, 0xf, 0xc0, 0x3f, 0x0, 0x3f, 0x81, 0xf8,
    0x1, 0xfc, 0x1f, 0xc0, 0xf, 0xf0, 0xff, 0x0,
    0x3f, 0x8f, 0xf8, 0x1, 0xfe, 0x7f, 0xc0, 0xf,
    0xf3, 0xfe, 0x0, 0x7f, 0x8f, 0xf0, 0x3, 0xfc,
    0x7f, 0x0, 0x1f, 0xe1, 0xf0, 0x0, 0xff, 0x0,
    0x0, 0x7, 0xf8, 0x0, 0x0, 0x7f, 0x80, 0x0,
    0x3, 0xfc, 0x0, 0x0, 0x1f, 0xe0, 0x0, 0x1,
    0xfe, 0x0, 0x0, 0x1f, 0xe0, 0x0, 0x1, 0xfe,
    0x0, 0x0, 0x3f, 0xc0, 0x0, 0x1f, 0xf8, 0x0,
    0x1, 0xfe, 0x0, 0x0, 0xf, 0xfc, 0x0, 0x0,
    0x1f, 0xfc, 0x0, 0x0, 0xf, 0xf8, 0x0, 0x0,
    0x1f, 0xe0, 0x0, 0x0, 0x7f, 0x80, 0x0, 0x1,
    0xfe, 0x0, 0x0, 0x7, 0xf8, 0x0, 0x0, 0x3f,
    0xc0, 0x0, 0x1, 0xfe, 0x0, 0x0, 0x7, 0xf8,
    0x0, 0x0, 0x3f, 0xc0, 0x0, 0x1, 0xfe, 0x3e,
    0x0, 0xf, 0xf7, 0xf8, 0x0, 0x7f, 0xbf, 0xe0,
    0x3, 0xfd, 0xff, 0x0, 0x1f, 0xff, 0xf8, 0x0,
    0xff, 0x7f, 0xc0, 0x7, 0xf3, 0xfc, 0x0, 0x7f,
    0x9f, 0xe0, 0x3, 0xf8, 0x7f, 0x0, 0x1f, 0xc1,
    0xfc, 0x1, 0xfc, 0x7, 0xe0, 0x1f, 0xc0, 0xf,
    0xc1, 0xf8, 0x0, 0xf, 0xfe, 0x0,

    /* U+0034 "4" */
    0x0, 0x0, 0x1f, 0x80, 0x0, 0x0, 0xfe, 0x0,
    0x0, 0x3, 0xf8, 0x0, 0x0, 0x1f, 0xe0, 0x0,
    0x0, 0xff, 0x80, 0x0, 0x3, 0xfe, 0x0, 0x0,
    0x1f, 0xf8, 0x0, 0x0, 0x7f, 0xe0, 0x0, 0x3,
    0xff, 0x80, 0x0, 0xf, 0xfe, 0x0, 0x0, 0x77,
    0xf8, 0x0, 0x3, 0xdf, 0xe0, 0x0, 0xe, 0x7f,
    0x80, 0x0, 0x79, 0xfe, 0x0, 0x1, 0xc7, 0xf8,
    0x0, 0xf, 0x1f, 0xe0, 0x0, 0x38, 0x7f, 0x80,
    0x1, 0xc1, 0xfe, 0x0, 0x7, 0x7, 0xf8, 0x0,
    0x38, 0x1f, 0xe0, 0x1, 0xe0, 0x7f, 0x80, 0x7,
    0x1, 0xfe, 0x0, 0x3c, 0x7, 0xf8, 0x0, 0xe0,
    0x1f, 0xe0, 0x7, 0x0, 0x7f, 0x80, 0x1c, 0x1,
    0xfe, 0x0, 0xe0, 0x7, 0xf8, 0x7, 0x80, 0x1f,
    0xe0, 0x1c, 0x0, 0x7f, 0x80, 0xf0, 0x1, 0xfe,
    0x3, 0x80, 0x7, 0xf8, 0x1c, 0x0, 0x1f, 0xe0,
    0x70, 0x0, 0x7f, 0x83, 0xff, 0xff, 0xff, 0xff,
    0xff, 0xff, 0xff, 0xff, 0xff, 0xff, 0xff, 0x0,
    0x0, 0x7f, 0x80, 0x0, 0x1, 0xfe, 0x0, 0x0,
    0x7, 0xf8, 0x0, 0x0, 0x1f, 0xe0, 0x0, 0x0,
    0x7f, 0x80, 0x0, 0x1, 0xfe, 0x0, 0x0, 0x7,
    0xf8, 0x0, 0x0, 0x1f, 0xe0, 0x0, 0x0, 0x7f,
    0x80, 0x0, 0x3, 0xff, 0x0, 0x0, 0x1f, 0xfe,
    0x0, 0x1, 0xff, 0xff,

    /* U+0035 "5" */
    0xf, 0xff, 0xff, 0xc0, 0xff, 0xff, 0xfc, 0xf,
    0xff, 0xff, 0xc0, 0xff, 0xff, 0xfc, 0xf, 0xff,
    0xff, 0xc0, 0xff, 0xff, 0xfc, 0x1f, 0xff, 0xff,
    0xc1, 0xff, 0xff, 0xfc, 0x1c, 0x0, 0x0, 0x1,
    0xc0, 0x0, 0x0, 0x1c, 0x0, 0x0, 0x1, 0xc0,
    0x0, 0x0, 0x1c, 0x0, 0x0, 0x1, 0xc0, 0x0,
    0x0, 0x1c, 0x0, 0x0, 0x1, 0xc0, 0x0, 0x0,
    0x1c, 0x0, 0x0, 0x1, 0xc0, 0x0, 0x0, 0x1c,
    0xf, 0xf0, 0x1, 0x87, 0xff, 0xc0, 0x39, 0xff,
    0xff, 0x3, 0xbc, 0x1f, 0xf8, 0x3f, 0x0, 0x7f,
    0xc3, 0xe0, 0x3, 0xfc, 0x3c, 0x0, 0x3f, 0xe3,
    0xc0, 0x1, 0xfe, 0x38, 0x0, 0x1f, 0xe0, 0x0,
    0x1, 0xff, 0x0, 0x0, 0xf, 0xf0, 0x0, 0x0,
    0xff, 0x0, 0x0, 0xf, 0xf0, 0x0, 0x0, 0xff,
    0x0, 0x0, 0xf, 0xf0, 0x0, 0x0, 0xff, 0x0,
    0x0, 0xf, 0xf1, 0xe0, 0x0, 0xff, 0x7f, 0x80,
    0xf, 0xf7, 0xfc, 0x0, 0xff, 0x7f, 0xc0, 0xf,
    0xe7, 0xfc, 0x1, 0xfe, 0x7f, 0xc0, 0x1f, 0xe7,
    0xf8, 0x1, 0xfc, 0x7f, 0x80, 0x3f, 0xc3, 0xf8,
    0x3, 0xf8, 0x3f, 0xc0, 0x7f, 0x0, 0xff, 0x3f,
    0xe0, 0x7, 0xff, 0xf8, 0x0, 0xf, 0xfc, 0x0,

    /* U+0036 "6" */
    0x0, 0x1f, 0xf0, 0x0, 0xf, 0xf, 0xc0, 0x7,
    0xc0, 0xfc, 0x1, 0xf0, 0xf, 0xc0, 0x7c, 0x3,
    0xfc, 0x1f, 0x80, 0x7f, 0x83, 0xf0, 0xf, 0xf0,
    0xfc, 0x1, 0xfe, 0x1f, 0x80, 0x3f, 0xc7, 0xf0,
    0x7, 0xf0, 0xfe, 0x0, 0x3c, 0x1f, 0xc0, 0x0,
    0x7, 0xf0, 0x0, 0x0, 0xfe, 0x0, 0x0, 0x1f,
    0xc0, 0x0, 0x3, 0xf8, 0x0, 0x0, 0x7f, 0x0,
    0x0, 0x1f, 0xe0, 0xf8, 0x3, 0xfc, 0x7f, 0xc0,
    0x7f, 0xbf, 0xfe, 0xf, 0xff, 0x1f, 0xe1, 0xff,
    0x80, 0xfe, 0x3f, 0xf0, 0x1f, 0xc7, 0xfc, 0x1,
    0xfc, 0xff, 0x80, 0x3f, 0x9f, 0xf0, 0x7, 0xfb,
    0xfc, 0x0, 0x7f, 0x7f, 0x80, 0xf, 0xef, 0xf0,
    0x1, 0xff, 0xfe, 0x0, 0x3f, 0xff, 0xc0, 0x7,
    0xff, 0xf8, 0x0, 0xff, 0xff, 0x0, 0x1f, 0xef,
    0xe0, 0x3, 0xfd, 0xfc, 0x0, 0x7f, 0xbf, 0x80,
    0xf, 0xf7, 0xf0, 0x1, 0xfe, 0xfe, 0x0, 0x3f,
    0xcf, 0xc0, 0x7, 0xf1, 0xfc, 0x0, 0xfe, 0x3f,
    0x80, 0x3f, 0xc3, 0xf0, 0x7, 0xf0, 0x3e, 0x0,
    0xfe, 0x7, 0xe0, 0x1f, 0x80, 0x7c, 0x7, 0xe0,
    0x7, 0xc1, 0xf8, 0x0, 0x3c, 0x7e, 0x0, 0x1,
    0xfe, 0x0,

    /* U+0037 "7" */
    0x7f, 0xff, 0xff, 0xf7, 0xff, 0xff, 0xff, 0x7f,
    0xff, 0xff, 0xf7, 0xff, 0xff, 0xff, 0x7f, 0xff,
    0xff, 0xf7, 0xff, 0xff, 0xfe, 0x7f, 0xff, 0xff,
    0xe7, 0xc0, 0x0, 0x1c, 0x78, 0x0, 0x3, 0x8f,
    0x0, 0x0, 0x38, 0xe0, 0x0, 0x7, 0xe, 0x0,
    0x0, 0x70, 0xe0, 0x0, 0xe, 0xc, 0x0, 0x1,
    0xe0, 0xc0, 0x0, 0x1c, 0x4, 0x0, 0x3, 0xc0,
    0x0, 0x0, 0x38, 0x0, 0x0, 0x7, 0x80, 0x0,
    0x0, 0x70, 0x0, 0x0, 0xf, 0x0, 0x0, 0x1,
    0xf0, 0x0, 0x0, 0x1e, 0x0, 0x0, 0x3, 0xe0,
    0x0, 0x0, 0x3e, 0x0, 0x0, 0x7, 0xc0, 0x0,
    0x0, 0x7c, 0x0, 0x0, 0xf, 0xc0, 0x0, 0x0,
    0xf8, 0x0, 0x0, 0xf, 0x80, 0x0, 0x1, 0xf8,
    0x0, 0x0, 0x1f, 0x80, 0x0, 0x3, 0xf0, 0x0,
    0x0, 0x3f, 0x0, 0x0, 0x7, 0xf0, 0x0, 0x0,
    0x7f, 0x0, 0x0, 0x7, 0xf0, 0x0, 0x0, 0xfe,
    0x0, 0x0, 0xf, 0xe0, 0x0, 0x0, 0xfe, 0x0,
    0x0, 0xf, 0xe0, 0x0, 0x1, 0xfe, 0x0, 0x0,
    0x1f, 0xe0, 0x0, 0x1, 0xfe, 0x0, 0x0, 0x1f,
    0xe0, 0x0, 0x1, 0xfe, 0x0, 0x0, 0x1f, 0xe0,
    0x0, 0x1, 0xfe, 0x0, 0x0, 0xf, 0xc0, 0x0,
    0x0, 0x20, 0x0, 0x0,

    /* U+0038 "8" */
    0x0, 0x7f, 0xc0, 0x0, 0x3e, 0xf, 0x80, 0x7,
    0xc0, 0x3c, 0x0, 0xf8, 0x3, 0xf0, 0x1f, 0x80,
    0x1f, 0x3, 0xf0, 0x1, 0xf8, 0x3f, 0x0, 0xf,
    0x83, 0xf0, 0x0, 0xfc, 0x7f, 0x0, 0xf, 0xc7,
    0xf0, 0x0, 0xfc, 0x7f, 0x0, 0xf, 0xc7, 0xf0,
    0x0, 0xfc, 0x7f, 0x80, 0xf, 0xc7, 0xf8, 0x0,
    0xfc, 0x7f, 0xc0, 0x1f, 0x87, 0xfc, 0x1, 0xf8,
    0x3f, 0xe0, 0x1f, 0x3, 0xff, 0x3, 0xf0, 0x3f,
    0xf8, 0x3e, 0x1, 0xff, 0xe7, 0xc0, 0xf, 0xff,
    0xf0, 0x0, 0xff, 0xfc, 0x0, 0x7, 0xff, 0xf0,
    0x0, 0x3f, 0xff, 0x80, 0x0, 0xff, 0xfc, 0x0,
    0xf, 0xff, 0xe0, 0x3, 0xff, 0xff, 0x0, 0x7c,
    0xff, 0xf8, 0xf, 0x83, 0xff, 0xc1, 0xf0, 0x1f,
    0xfc, 0x3f, 0x0, 0xff, 0xe7, 0xe0, 0x7, 0xfe,
    0x7e, 0x0, 0x3f, 0xf7, 0xc0, 0x1, 0xff, 0xfc,
    0x0, 0xf, 0xff, 0xc0, 0x0, 0xff, 0xfc, 0x0,
    0xf, 0xff, 0xc0, 0x0, 0x7f, 0xfc, 0x0, 0x7,
    0xff, 0xc0, 0x0, 0x7f, 0xfc, 0x0, 0x7, 0xef,
    0xc0, 0x0, 0x7e, 0x7c, 0x0, 0x7, 0xe7, 0xe0,
    0x0, 0x7c, 0x3e, 0x0, 0xf, 0x83, 0xf0, 0x0,
    0xf0, 0xf, 0x80, 0x1e, 0x0, 0x7e, 0x7, 0xc0,
    0x0, 0xff, 0xc0, 0x0,

    /* U+0039 "9" */
    0x0, 0x7f, 0x0, 0x0, 0x7e, 0x38, 0x0, 0x1f,
    0x3, 0xc0, 0x7, 0xe0, 0x3c, 0x1, 0xf8, 0x7,
    0xc0, 0x7f, 0x0, 0x7c, 0xf, 0xe0, 0xf, 0xc3,
    0xfc, 0x1, 0xf8, 0x7f, 0x0, 0x3f, 0x8f, 0xe0,
    0x3, 0xf3, 0xfc, 0x0, 0x7e, 0x7f, 0x80, 0xf,
    0xef, 0xf0, 0x1, 0xfd, 0xfe, 0x0, 0x3f, 0xbf,
    0xc0, 0x7, 0xf7, 0xf8, 0x0, 0xfe, 0xff, 0x0,
    0x1f, 0xff, 0xe0, 0x3, 0xff, 0xfc, 0x0, 0x7f,
    0xff, 0x80, 0xf, 0xff, 0xf0, 0x1, 0xfe, 0xfe,
    0x0, 0x3f, 0xdf, 0xe0, 0xf, 0xfb, 0xfc, 0x1,
    0xff, 0x3f, 0x80, 0x3f, 0xe7, 0xf8, 0xf, 0xfc,
    0x7f, 0x1, 0xff, 0x87, 0xf0, 0xff, 0xf0, 0x7f,
    0xfd, 0xfe, 0x7, 0xfe, 0x3f, 0xc0, 0x3f, 0x7,
    0xf8, 0x0, 0x0, 0xff, 0x0, 0x0, 0x1f, 0xc0,
    0x0, 0x3, 0xf8, 0x0, 0x0, 0xff, 0x0, 0x0,
    0x1f, 0xe0, 0x0, 0x3, 0xfc, 0x3c, 0x0, 0x7f,
    0xf, 0xe0, 0xf, 0xe3, 0xfe, 0x1, 0xfc, 0x7f,
    0xc0, 0x3f, 0xf, 0xf8, 0x7, 0xe1, 0xff, 0x1,
    0xf8, 0x3f, 0xe0, 0x3f, 0x7, 0xf8, 0x7, 0xc0,
    0x7f, 0x1, 0xf0, 0x7, 0xf0, 0x3c, 0x0, 0x7f,
    0x1f, 0x0, 0x1, 0xff, 0x0, 0x0,

    /* U+003A ":" */
    0x1f, 0xf, 0xfb, 0xff, 0xff, 0xff, 0xff, 0xff,
    0xff, 0xff, 0xfe, 0x7f, 0x83, 0xe0, 0x0, 0x0,
    0x0, 0x0, 0x0, 0x0, 0x0, 0x0, 0x0, 0x0,
    0x0, 0x0, 0x0, 0x0, 0x0, 0x0, 0x0, 0x0,
    0x0, 0x1f, 0xf, 0xf9, 0xff, 0x7f, 0xff, 0xff,
    0xff, 0xff, 0xff, 0xff, 0x7f, 0xc7, 0xf0, 0x10,
    0x0,

    /* U+003B ";" */
    0x1f, 0xf, 0xf9, 0xff, 0xff, 0xff, 0xff, 0xff,
    0xff, 0xfb, 0xfe, 0x7f, 0xc3, 0xe0, 0x0, 0x0,
    0x0, 0x0, 0x0, 0x0, 0x0, 0x0, 0x0, 0x0,
    0x0, 0x0, 0x0, 0x0, 0x0, 0x0, 0x0, 0x0,
    0x0, 0x4, 0x7, 0xf1, 0xff, 0x7f, 0xff, 0xff,
    0xff, 0xff, 0xff, 0xff, 0x7f, 0xe7, 0xfc, 0xf,
    0x1, 0xe0, 0x78, 0x1e, 0x7, 0xc1, 0xe0, 0xf8,
    0xc, 0x0,

    /* U+003C "<" */
    0x0, 0x0, 0x0, 0x8, 0x0, 0x0, 0x1, 0xc0,
    0x0, 0x0, 0x3e, 0x0, 0x0, 0x7, 0xf0, 0x0,
    0x0, 0xff, 0x80, 0x0, 0x1f, 0xfc, 0x0, 0x3,
    0xff, 0x80, 0x0, 0x7f, 0xf0, 0x0, 0xf, 0xfe,
    0x0, 0x1, 0xff, 0xc0, 0x0, 0x3f, 0xf8, 0x0,
    0x7, 0xff, 0x0, 0x0, 0xff, 0xe0, 0x0, 0xf,
    0xfc, 0x0, 0x1, 0xff, 0x80, 0x0, 0x1f, 0xf0,
    0x0, 0x0, 0xfe, 0x0, 0x0, 0x7, 0xfc, 0x0,
    0x0, 0x1f, 0xf8, 0x0, 0x0, 0x3f, 0xf0, 0x0,
    0x0, 0x7f, 0xe0, 0x0, 0x0, 0xff, 0xc0, 0x0,
    0x3, 0xff, 0x80, 0x0, 0x7, 0xff, 0x0, 0x0,
    0xf, 0xfe, 0x0, 0x0, 0x1f, 0xfc, 0x0, 0x0,
    0x3f, 0xf8, 0x0, 0x0, 0x7f, 0xf0, 0x0, 0x0,
    0xff, 0x80, 0x0, 0x1, 0xfc, 0x0, 0x0, 0x3,
    0xe0, 0x0, 0x0, 0x7, 0x0, 0x0, 0x0, 0x8,

    /* U+003D "=" */
    0xff, 0xff, 0xff, 0xff, 0xff, 0xff, 0xff, 0xff,
    0xff, 0xff, 0xff, 0xff, 0x0, 0x0, 0x0, 0x0,
    0x0, 0x0, 0x0, 0x0, 0x0, 0x0, 0x0, 0x0,
    0x0, 0x0, 0x0, 0x0, 0x0, 0x0, 0x0, 0x0,
    0x0, 0x0, 0x0, 0x0, 0x0, 0x0, 0x0, 0x0,
    0x0, 0x0, 0x0, 0x0, 0x0, 0x0, 0x0, 0x0,
    0xff, 0xff, 0xff, 0xff, 0xff, 0xff, 0xff, 0xff,
    0xff, 0xff, 0xff, 0xff,

    /* U+003E ">" */
    0x80, 0x0, 0x0, 0x7, 0x0, 0x0, 0x0, 0x3e,
    0x0, 0x0, 0x1, 0xfc, 0x0, 0x0, 0xf, 0xf8,
    0x0, 0x0, 0x7f, 0xf0, 0x0, 0x0, 0xff, 0xe0,
    0x0, 0x1, 0xff, 0xc0, 0x0, 0x3, 0xff, 0x80,
    0x0, 0x7, 0xff, 0x0, 0x0, 0xf, 0xfe, 0x0,
    0x0, 0x1f, 0xfc, 0x0, 0x0, 0x3f, 0xf8, 0x0,
    0x0, 0x7f, 0xe0, 0x0, 0x0, 0xff, 0xc0, 0x0,
    0x0, 0xff, 0x0, 0x0, 0x3, 0xf8, 0x0, 0x0,
    0x7f, 0xc0, 0x0, 0xf, 0xfc, 0x0, 0x1, 0xff,
    0x80, 0x0, 0x3f, 0xf0, 0x0, 0x7, 0xfe, 0x0,
    0x0, 0xff, 0xe0, 0x0, 0x1f, 0xfc, 0x0, 0x3,
    0xff, 0x80, 0x0, 0x7f, 0xf0, 0x0, 0xf, 0xfe,
    0x0, 0x1, 0xff, 0xc0, 0x0, 0xf, 0xf8, 0x0,
    0x0, 0x7f, 0x0, 0x0, 0x3, 0xe0, 0x0, 0x0,
    0x1c, 0x0, 0x0, 0x0, 0x80, 0x0, 0x0, 0x0,

    /* U+003F "?" */
    0x3, 0xfe, 0x0, 0x3e, 0x3e, 0x1, 0xf0, 0x7e,
    0xf, 0x81, 0xfc, 0x7e, 0x7, 0xf1, 0xf8, 0xf,
    0xef, 0xe0, 0x3f, 0xbf, 0xc0, 0xff, 0xff, 0x3,
    0xff, 0xfe, 0xf, 0xff, 0xf8, 0x3f, 0xff, 0xe0,
    0xff, 0xff, 0x3, 0xfd, 0xf8, 0xf, 0xf1, 0xc0,
    0x7f, 0xc0, 0x1, 0xfe, 0x0, 0x7, 0xf8, 0x0,
    0x3f, 0xc0, 0x0, 0xff, 0x0, 0x7, 0xf8, 0x0,
    0x1f, 0xc0, 0x0, 0xfe, 0x0, 0x7, 0xf0, 0x0,
    0x1f, 0x80, 0x0, 0x7c, 0x0, 0x1, 0xe0, 0x0,
    0xf, 0x80, 0x0, 0x3c, 0x0, 0x0, 0xf0, 0x0,
    0x3, 0xc0, 0x0, 0xe, 0x0, 0x0, 0x38, 0x0,
    0x0, 0xe0, 0x0, 0x3, 0x80, 0x0, 0x0, 0x0,
    0x0, 0x0, 0x0, 0x0, 0x0, 0x0, 0x0, 0x0,
    0x0, 0x0, 0x0, 0x0, 0x3e, 0x0, 0x1, 0xfc,
    0x0, 0xf, 0xf8, 0x0, 0x3f, 0xe0, 0x0, 0xff,
    0x80, 0x3, 0xfe, 0x0, 0xf, 0xf8, 0x0, 0x1f,
    0xc0, 0x0, 0x3e, 0x0,

    /* U+0040 "@" */
    0x0, 0x0, 0x1f, 0xff, 0x0, 0x0, 0x0, 0x1,
    0xf8, 0x0, 0xf0, 0x0, 0x0, 0xf, 0xc0, 0x0,
    0x1e, 0x0, 0x0, 0x3f, 0x0, 0x0, 0x7, 0x80,
    0x0, 0x7c, 0x0, 0x0, 0x1, 0xc0, 0x1, 0xf8,
    0x0, 0x0, 0x0, 0xe0, 0x3, 0xf0, 0x0, 0x0,
    0x0, 0x70, 0x7, 0xe0, 0x0, 0xfe, 0x0, 0x38,
    0xf, 0xe0, 0x3, 0xff, 0xbf, 0x18, 0xf, 0xc0,
    0xf, 0xe1, 0xff, 0x1c, 0x1f, 0xc0, 0x1f, 0x81,
    0xff, 0xc, 0x1f, 0x80, 0x3f, 0x0, 0xfe, 0xe,
    0x3f, 0x80, 0x7e, 0x0, 0xfe, 0xe, 0x3f, 0x0,
    0xfe, 0x0, 0xfe, 0xe, 0x7f, 0x0, 0xfc, 0x0,
    0xfe, 0x6, 0x7f, 0x1, 0xfc, 0x0, 0xfc, 0x7,
    0x7f, 0x1, 0xf8, 0x1, 0xfc, 0x7, 0x7e, 0x3,
    0xf8, 0x1, 0xfc, 0x7, 0xfe, 0x3, 0xf8, 0x1,
    0xfc, 0x7, 0xfe, 0x7, 0xf0, 0x1, 0xf8, 0x7,
    0xfe, 0x7, 0xf0, 0x1, 0xf8, 0x7, 0xfe, 0x7,
    0xf0, 0x3, 0xf8, 0x7, 0xfe, 0xf, 0xf0, 0x3,
    0xf8, 0x7, 0xfe, 0xf, 0xf0, 0x3, 0xf0, 0x7,
    0xfe, 0xf, 0xe0, 0x7, 0xf0, 0x7, 0xfe, 0xf,
    0xe0, 0x7, 0xf0, 0xf, 0xfe, 0xf, 0xe0, 0x7,
    0xf0, 0xe, 0xfe, 0xf, 0xe0, 0xf, 0xe0, 0xe,
    0xfe, 0x1f, 0xe0, 0xf, 0xe0, 0xe, 0xfe, 0x1f,
    0xe0, 0x1f, 0xe0, 0x1e, 0xfe, 0xf, 0xe0, 0x1f,
    0xe0, 0x1c, 0x7f, 0xf, 0xe0, 0x3f, 0xe0, 0x3c,
    0x7f, 0xf, 0xe0, 0x7f, 0xe0, 0x78, 0x7f, 0xf,
    0xf0, 0xef, 0xc0, 0xf0, 0x3f, 0x7, 0xfb, 0xef,
    0xe3, 0xe0, 0x3f, 0x87, 0xff, 0x8f, 0xff, 0xc0,
    0x3f, 0x83, 0xff, 0x7, 0xff, 0x0, 0x1f, 0xc0,
    0xfc, 0x3, 0xf8, 0x0, 0xf, 0xc0, 0x0, 0x0,
    0x0, 0x0, 0xf, 0xe0, 0x0, 0x0, 0x0, 0x0,
    0x7, 0xf0, 0x0, 0x0, 0x0, 0x0, 0x3, 0xf8,
    0x0, 0x0, 0x0, 0x0, 0x1, 0xfc, 0x0, 0x0,
    0x0, 0xc0, 0x0, 0x7f, 0x0, 0x0, 0x3, 0xc0,
    0x0, 0x1f, 0xc0, 0x0, 0x1f, 0x80, 0x0, 0x7,
    0xf8, 0x1, 0xf8, 0x0, 0x0, 0x0, 0x3f, 0xfe,
    0x0, 0x0,

    /* U+0041 "A" */
    0x0, 0x0, 0x0, 0xc0, 0x0, 0x0, 0x0, 0x0,
    0xf, 0x80, 0x0, 0x0, 0x0, 0x0, 0x1f, 0x80,
    0x0, 0x0, 0x0, 0x0, 0x3f, 0x0, 0x0, 0x0,
    0x0, 0x0, 0xfe, 0x0, 0x0, 0x0, 0x0, 0x1,
    0xfe, 0x0, 0x0, 0x0, 0x0, 0x3, 0xfc, 0x0,
    0x0, 0x0, 0x0, 0xf, 0xf8, 0x0, 0x0, 0x0,
    0x0, 0x1f, 0xf8, 0x0, 0x0, 0x0, 0x0, 0x3f,
    0xf0, 0x0, 0x0, 0x0, 0x0, 0xff, 0xf0, 0x0,
    0x0, 0x0, 0x1, 0xff, 0xe0, 0x0, 0x0, 0x0,
    0x3, 0x7f, 0xc0, 0x0, 0x0, 0x0, 0xe, 0x7f,
    0xc0, 0x0, 0x0, 0x0, 0x1c, 0xff, 0x80, 0x0,
    0x0, 0x0, 0x71, 0xff, 0x0, 0x0, 0x0, 0x0,
    0xe1, 0xff, 0x0, 0x0, 0x0, 0x1, 0xc3, 0xfe,
    0x0, 0x0, 0x0, 0x7, 0x7, 0xfc, 0x0, 0x0,
    0x0, 0xe, 0x7, 0xfc, 0x0, 0x0, 0x0, 0x1c,
    0xf, 0xf8, 0x0, 0x0, 0x0, 0x70, 0x1f, 0xf0,
    0x0, 0x0, 0x0, 0xe0, 0x1f, 0xf0, 0x0, 0x0,
    0x1, 0x80, 0x3f, 0xe0, 0x0, 0x0, 0x7, 0x0,
    0x7f, 0xc0, 0x0, 0x0, 0xe, 0x0, 0x7f, 0xc0,
    0x0, 0x0, 0x18, 0x0, 0xff, 0x80, 0x0, 0x0,
    0x70, 0x1, 0xff, 0x0, 0x0, 0x0, 0xe0, 0x1,
    0xff, 0x0, 0x0, 0x3, 0x80, 0x3, 0xfe, 0x0,
    0x0, 0x7, 0xff, 0xff, 0xfc, 0x0, 0x0, 0xf,
    0xff, 0xff, 0xfc, 0x0, 0x0, 0x3f, 0xff, 0xff,
    0xf8, 0x0, 0x0, 0x70, 0x0, 0x1f, 0xf0, 0x0,
    0x0, 0xe0, 0x0, 0x1f, 0xf0, 0x0, 0x3, 0x80,
    0x0, 0x3f, 0xe0, 0x0, 0x7, 0x0, 0x0, 0x7f,
    0xc0, 0x0, 0xe, 0x0, 0x0, 0x7f, 0xc0, 0x0,
    0x38, 0x0, 0x0, 0xff, 0x80, 0x0, 0x70, 0x0,
    0x1, 0xff, 0x0, 0x1, 0xe0, 0x0, 0x1, 0xff,
    0x0, 0x3, 0x80, 0x0, 0x3, 0xfe, 0x0, 0x7,
    0x0, 0x0, 0x7, 0xfe, 0x0, 0x1e, 0x0, 0x0,
    0xf, 0xfc, 0x0, 0x3c, 0x0, 0x0, 0x1f, 0xfc,
    0x0, 0xf8, 0x0, 0x0, 0x7f, 0xfc, 0x7, 0xfc,
    0x0, 0x3, 0xff, 0xfc, 0x7f, 0xff, 0x0, 0x1f,
    0xff, 0xff,

    /* U+0042 "B" */
    0xff, 0xff, 0xff, 0xe0, 0x0, 0x3f, 0xf8, 0x3,
    0xfc, 0x0, 0x1f, 0xf0, 0x1, 0xfe, 0x0, 0x3f,
    0xe0, 0x1, 0xff, 0x0, 0x3f, 0xc0, 0x1, 0xff,
    0x0, 0x7f, 0x80, 0x1, 0xfe, 0x0, 0xff, 0x0,
    0x3, 0xfe, 0x1, 0xfe, 0x0, 0x3, 0xfc, 0x3,
    0xfc, 0x0, 0x7, 0xfc, 0x7, 0xf8, 0x0, 0xf,
    0xf8, 0xf, 0xf0, 0x0, 0x1f, 0xf0, 0x1f, 0xe0,
    0x0, 0x3f, 0xe0, 0x3f, 0xc0, 0x0, 0x7f, 0xc0,
    0x7f, 0x80, 0x0, 0xff, 0x80, 0xff, 0x0, 0x1,
    0xfe, 0x1, 0xfe, 0x0, 0x7, 0xfc, 0x3, 0xfc,
    0x0, 0xf, 0xf0, 0x7, 0xf8, 0x0, 0x3f, 0xc0,
    0xf, 0xf0, 0x0, 0xfe, 0x0, 0x1f, 0xe0, 0x3,
    0xf8, 0x0, 0x3f, 0xc0, 0x3f, 0x80, 0x0, 0x7f,
    0xff, 0xf8, 0x0, 0x0, 0xff, 0x0, 0x7f, 0x0,
    0x1, 0xfe, 0x0, 0x3f, 0x80, 0x3, 0xfc, 0x0,
    0x1f, 0xc0, 0x7, 0xf8, 0x0, 0x1f, 0xc0, 0xf,
    0xf0, 0x0, 0x3f, 0xc0, 0x1f, 0xe0, 0x0, 0x3f,
    0xc0, 0x3f, 0xc0, 0x0, 0x7f, 0xc0, 0x7f, 0x80,
    0x0, 0x7f, 0x80, 0xff, 0x0, 0x0, 0xff, 0x81,
    0xfe, 0x0, 0x1, 0xff, 0x3, 0xfc, 0x0, 0x3,
    0xfe, 0x7, 0xf8, 0x0, 0x7, 0xfc, 0xf, 0xf0,
    0x0, 0xf, 0xf8, 0x1f, 0xe0, 0x0, 0x1f, 0xf0,
    0x3f, 0xc0, 0x0, 0x3f, 0xe0, 0x7f, 0x80, 0x0,
    0x7f, 0x80, 0xff, 0x0, 0x1, 0xff, 0x1, 0xfe,
    0x0, 0x3, 0xfe, 0x3, 0xfc, 0x0, 0xf, 0xf8,
    0x7, 0xf8, 0x0, 0x1f, 0xe0, 0xf, 0xf0, 0x0,
    0x7f, 0x80, 0x3f, 0xe0, 0x1, 0xfe, 0x0, 0xff,
    0xc0, 0x1f, 0xf0, 0x3, 0xff, 0xff, 0xff, 0x80,
    0x3f, 0xff, 0xff, 0xf0, 0x0, 0x0,

    /* U+0043 "C" */
    0x0, 0x0, 0xff, 0xfe, 0x4, 0x0, 0xf, 0xe0,
    0x3f, 0xfc, 0x0, 0x3f, 0x0, 0xf, 0xfc, 0x0,
    0xfe, 0x0, 0x7, 0xfc, 0x1, 0xfc, 0x0, 0x3,
    0xfc, 0x3, 0xf8, 0x0, 0x1, 0xfc, 0x7, 0xf0,
    0x0, 0x0, 0xfc, 0xf, 0xf0, 0x0, 0x0, 0xfc,
    0x1f, 0xe0, 0x0, 0x0, 0x7c, 0x1f, 0xe0, 0x0,
    0x0, 0x7c, 0x3f, 0xc0, 0x0, 0x0, 0x3c, 0x3f,
    0xc0, 0x0, 0x0, 0x3c, 0x3f, 0xc0, 0x0, 0x0,
    0x1c, 0x7f, 0xc0, 0x0, 0x0, 0x1c, 0x7f, 0xc0,
    0x0, 0x0, 0x1c, 0x7f, 0x80, 0x0, 0x0, 0x0,
    0x7f, 0x80, 0x0, 0x0, 0x0, 0xff, 0x80, 0x0,
    0x0, 0x0, 0xff, 0x80, 0x0, 0x0, 0x0, 0xff,
    0x80, 0x0, 0x0, 0x0, 0xff, 0x80, 0x0, 0x0,
    0x0, 0xff, 0x80, 0x0, 0x0, 0x0, 0xff, 0x80,
    0x0, 0x0, 0x0, 0xff, 0x80, 0x0, 0x0, 0x0,
    0xff, 0x80, 0x0, 0x0, 0x0, 0xff, 0x80, 0x0,
    0x0, 0x0, 0xff, 0x80, 0x0, 0x0, 0x0, 0xff,
    0x80, 0x0, 0x0, 0x0, 0xff, 0x80, 0x0, 0x0,
    0x0, 0xff, 0x80, 0x0, 0x0, 0x0, 0xff, 0xc0,
    0x0, 0x0, 0x0, 0x7f, 0xc0, 0x0, 0x0, 0x0,
    0x7f, 0xc0, 0x0, 0x0, 0x0, 0x7f, 0xc0, 0x0,
    0x0, 0x0, 0x7f, 0xc0, 0x0, 0x0, 0x4, 0x3f,
    0xe0, 0x0, 0x0, 0x7, 0x3f, 0xe0, 0x0, 0x0,
    0xe, 0x1f, 0xf0, 0x0, 0x0, 0xe, 0x1f, 0xf0,
    0x0, 0x0, 0x1c, 0xf, 0xf8, 0x0, 0x0, 0x3c,
    0xf, 0xfc, 0x0, 0x0, 0x38, 0x7, 0xfc, 0x0,
    0x0, 0x70, 0x3, 0xff, 0x0, 0x1, 0xe0, 0x1,
    0xff, 0x80, 0x3, 0xc0, 0x0, 0xff, 0xf0, 0x1f,
    0x80, 0x0, 0x3f, 0xff, 0xfe, 0x0, 0x0, 0xf,
    0xff, 0xfc, 0x0, 0x0, 0x0, 0xff, 0xe0, 0x0,

    /* U+0044 "D" */
    0x7f, 0xff, 0xff, 0xc0, 0x0, 0x0, 0xff, 0xe0,
    0xf, 0xf0, 0x0, 0x1, 0xff, 0x0, 0xf, 0xf0,
    0x0, 0xf, 0xf8, 0x0, 0x1f, 0xe0, 0x0, 0x3f,
    0xc0, 0x0, 0x7f, 0x80, 0x1, 0xfe, 0x0, 0x1,
    0xfe, 0x0, 0xf, 0xf0, 0x0, 0x7, 0xf8, 0x0,
    0x7f, 0x80, 0x0, 0x1f, 0xe0, 0x3, 0xfc, 0x0,
    0x0, 0xff, 0x80, 0x1f, 0xe0, 0x0, 0x3, 0xfe,
    0x0, 0xff, 0x0, 0x0, 0x1f, 0xf0, 0x7, 0xf8,
    0x0, 0x0, 0xff, 0xc0, 0x3f, 0xc0, 0x0, 0x3,
    0xfe, 0x1, 0xfe, 0x0, 0x0, 0x1f, 0xf8, 0xf,
    0xf0, 0x0, 0x0, 0xff, 0xc0, 0x7f, 0x80, 0x0,
    0x7, 0xfe, 0x3, 0xfc, 0x0, 0x0, 0x1f, 0xf0,
    0x1f, 0xe0, 0x0, 0x0, 0xff, 0xc0, 0xff, 0x0,
    0x0, 0x7, 0xfe, 0x7, 0xf8, 0x0, 0x0, 0x3f,
    0xf0, 0x3f, 0xc0, 0x0, 0x1, 0xff, 0x81, 0xfe,
    0x0, 0x0, 0xf, 0xfc, 0xf, 0xf0, 0x0, 0x0,
    0x7f, 0xe0, 0x7f, 0x80, 0x0, 0x3, 0xff, 0x3,
    0xfc, 0x0, 0x0, 0x1f, 0xf8, 0x1f, 0xe0, 0x0,
    0x0, 0xff, 0xc0, 0xff, 0x0, 0x0, 0x7, 0xfe,
    0x7, 0xf8, 0x0, 0x0, 0x3f, 0xf0, 0x3f, 0xc0,
    0x0, 0x1, 0xff, 0x81, 0xfe, 0x0, 0x0, 0x1f,
    0xf8, 0xf, 0xf0, 0x0, 0x0, 0xff, 0xc0, 0x7f,
    0x80, 0x0, 0x7, 0xfe, 0x3, 0xfc, 0x0, 0x0,
    0x3f, 0xf0, 0x1f, 0xe0, 0x0, 0x1, 0xff, 0x0,
    0xff, 0x0, 0x0, 0x1f, 0xf8, 0x7, 0xf8, 0x0,
    0x0, 0xff, 0xc0, 0x3f, 0xc0, 0x0, 0xf, 0xfc,
    0x1, 0xfe, 0x0, 0x0, 0x7f, 0xc0, 0xf, 0xf0,
    0x0, 0x7, 0xfe, 0x0, 0x7f, 0x80, 0x0, 0x7f,
    0xe0, 0x3, 0xfc, 0x0, 0x7, 0xfe, 0x0, 0x3f,
    0xe0, 0x0, 0x7f, 0xe0, 0x1, 0xff, 0x0, 0xf,
    0xfe, 0x0, 0x1f, 0xf8, 0x3, 0xff, 0xc0, 0xf,
    0xff, 0xff, 0xff, 0xf8, 0x0, 0x7f, 0xff, 0xff,
    0xff, 0x0, 0x3, 0xff, 0xff, 0xff, 0x0, 0x0,
    0x0,

    /* U+0045 "E" */
    0xff, 0xff, 0xff, 0xff, 0xe0, 0xff, 0xe0, 0x1,
    0xff, 0x3, 0xff, 0x0, 0x3, 0xf8, 0xf, 0xf8,
    0x0, 0x7, 0xc0, 0x3f, 0xc0, 0x0, 0x3e, 0x1,
    0xfe, 0x0, 0x0, 0xf8, 0xf, 0xf0, 0x0, 0x3,
    0xc0, 0x7f, 0x80, 0x0, 0x1e, 0x3, 0xfc, 0x0,
    0x0, 0x70, 0x1f, 0xe0, 0x0, 0x3, 0x80, 0xff,
    0x0, 0x0, 0x1c, 0x7, 0xf8, 0x0, 0x0, 0x60,
    0x3f, 0xc0, 0x0, 0x0, 0x1, 0xfe, 0x0, 0x0,
    0x0, 0xf, 0xf0, 0x0, 0x0, 0x0, 0x7f, 0x80,
    0x1, 0xc0, 0x3, 0xfc, 0x0, 0xe, 0x0, 0x1f,
    0xe0, 0x0, 0xf0, 0x0, 0xff, 0x0, 0x7, 0x80,
    0x7, 0xf8, 0x0, 0x7c, 0x0, 0x3f, 0xc0, 0x7,
    0xe0, 0x1, 0xfe, 0x0, 0x7f, 0x0, 0xf, 0xff,
    0xff, 0xf8, 0x0, 0x7f, 0x80, 0x3f, 0xc0, 0x3,
    0xfc, 0x0, 0x7e, 0x0, 0x1f, 0xe0, 0x1, 0xf0,
    0x0, 0xff, 0x0, 0x7, 0x80, 0x7, 0xf8, 0x0,
    0x3c, 0x0, 0x3f, 0xc0, 0x0, 0xe0, 0x1, 0xfe,
    0x0, 0x7, 0x0, 0xf, 0xf0, 0x0, 0x0, 0x0,
    0x7f, 0x80, 0x0, 0x0, 0x3, 0xfc, 0x0, 0x0,
    0x0, 0x1f, 0xe0, 0x0, 0x0, 0x0, 0xff, 0x0,
    0x0, 0xe, 0x7, 0xf8, 0x0, 0x0, 0x70, 0x3f,
    0xc0, 0x0, 0x3, 0x81, 0xfe, 0x0, 0x0, 0x3c,
    0xf, 0xf0, 0x0, 0x1, 0xc0, 0x7f, 0x80, 0x0,
    0xe, 0x3, 0xfc, 0x0, 0x0, 0xf0, 0x1f, 0xe0,
    0x0, 0xf, 0x80, 0xff, 0x0, 0x0, 0x7c, 0xf,
    0xf8, 0x0, 0x7, 0xe0, 0xff, 0xc0, 0x0, 0xff,
    0xf, 0xff, 0xff, 0xff, 0xfb, 0xff, 0xff, 0xff,
    0xff, 0xc0,

    /* U+0046 "F" */
    0x7f, 0xff, 0xff, 0xff, 0xe0, 0xff, 0xc0, 0x1,
    0xfe, 0x7, 0xfc, 0x0, 0x7, 0xe0, 0x3f, 0xc0,
    0x0, 0x3e, 0x3, 0xfc, 0x0, 0x1, 0xe0, 0x3f,
    0xc0, 0x0, 0x1e, 0x3, 0xfc, 0x0, 0x0, 0xe0,
    0x3f, 0xc0, 0x0, 0xe, 0x3, 0xfc, 0x0, 0x0,
    0xf0, 0x3f, 0xc0, 0x0, 0x7, 0x3, 0xfc, 0x0,
    0x0, 0x70, 0x3f, 0xc0, 0x0, 0x4, 0x3, 0xfc,
    0x0, 0x0, 0x0, 0x3f, 0xc0, 0x0, 0x0, 0x3,
    0xfc, 0x0, 0xc, 0x0, 0x3f, 0xc0, 0x0, 0xc0,
    0x3, 0xfc, 0x0, 0x1c, 0x0, 0x3f, 0xc0, 0x1,
    0xc0, 0x3, 0xfc, 0x0, 0x1c, 0x0, 0x3f, 0xc0,
    0x3, 0xc0, 0x3, 0xfc, 0x0, 0x7c, 0x0, 0x3f,
    0xc0, 0x1f, 0xc0, 0x3, 0xff, 0xff, 0xfc, 0x0,
    0x3f, 0xc0, 0x1f, 0xc0, 0x3, 0xfc, 0x0, 0x7c,
    0x0, 0x3f, 0xc0, 0x3, 0xc0, 0x3, 0xfc, 0x0,
    0x1c, 0x0, 0x3f, 0xc0, 0x1, 0xc0, 0x3, 0xfc,
    0x0, 0xc, 0x0, 0x3f, 0xc0, 0x0, 0xc0, 0x3,
    0xfc, 0x0, 0x0, 0x0, 0x3f, 0xc0, 0x0, 0x0,
    0x3, 0xfc, 0x0, 0x0, 0x0, 0x3f, 0xc0, 0x0,
    0x0, 0x3, 0xfc, 0x0, 0x0, 0x0, 0x3f, 0xc0,
    0x0, 0x0, 0x3, 0xfc, 0x0, 0x0, 0x0, 0x3f,
    0xc0, 0x0, 0x0, 0x3, 0xfc, 0x0, 0x0, 0x0,
    0x3f, 0xc0, 0x0, 0x0, 0x3, 0xfc, 0x0, 0x0,
    0x0, 0x3f, 0xc0, 0x0, 0x0, 0x7, 0xfe, 0x0,
    0x0, 0x0, 0x7f, 0xe0, 0x0, 0x0, 0xf, 0xff,
    0x0, 0x0, 0x1, 0xff, 0xfc, 0x0, 0x0, 0xff,
    0xff, 0xf8, 0x0, 0x0,

    /* U+0047 "G" */
    0x0, 0x0, 0xff, 0xfc, 0x4, 0x0, 0x0, 0xfe,
    0x1, 0xff, 0xc0, 0x0, 0x3f, 0x80, 0x7, 0xfc,
    0x0, 0x7, 0xe0, 0x0, 0x3f, 0xc0, 0x1, 0xfc,
    0x0, 0x1, 0xfc, 0x0, 0x3f, 0x80, 0x0, 0xf,
    0xc0, 0x7, 0xf8, 0x0, 0x0, 0xfc, 0x0, 0xff,
    0x0, 0x0, 0x7, 0xc0, 0xf, 0xe0, 0x0, 0x0,
    0x3c, 0x1, 0xfe, 0x0, 0x0, 0x3, 0xc0, 0x1f,
    0xe0, 0x0, 0x0, 0x1c, 0x3, 0xfc, 0x0, 0x0,
    0x1, 0xc0, 0x3f, 0xc0, 0x0, 0x0, 0x1c, 0x7,
    0xfc, 0x0, 0x0, 0x0, 0x80, 0x7f, 0xc0, 0x0,
    0x0, 0x0, 0x7, 0xfc, 0x0, 0x0, 0x0, 0x0,
    0x7f, 0x80, 0x0, 0x0, 0x0, 0xf, 0xf8, 0x0,
    0x0, 0x0, 0x0, 0xff, 0x80, 0x0, 0x0, 0x0,
    0xf, 0xf8, 0x0, 0x0, 0x0, 0x0, 0xff, 0x80,
    0x0, 0x0, 0x0, 0xf, 0xf8, 0x0, 0x0, 0x0,
    0x0, 0xff, 0x80, 0x0, 0x0, 0x0, 0xf, 0xf8,
    0x0, 0x0, 0x0, 0x0, 0xff, 0x80, 0x0, 0x0,
    0x0, 0xf, 0xf8, 0x0, 0x0, 0x0, 0x0, 0xff,
    0x80, 0x0, 0xff, 0xff, 0xff, 0xf8, 0x0, 0xf,
    0xff, 0xff, 0xff, 0x80, 0x0, 0xf, 0xff, 0xf,
    0xf8, 0x0, 0x0, 0x7f, 0xe0, 0xff, 0x80, 0x0,
    0x3, 0xfe, 0x7, 0xf8, 0x0, 0x0, 0x3f, 0xc0,
    0x7f, 0xc0, 0x0, 0x3, 0xfc, 0x7, 0xfc, 0x0,
    0x0, 0x3f, 0xc0, 0x7f, 0xc0, 0x0, 0x3, 0xfc,
    0x3, 0xfc, 0x0, 0x0, 0x3f, 0xc0, 0x3f, 0xc0,
    0x0, 0x3, 0xfc, 0x3, 0xfe, 0x0, 0x0, 0x3f,
    0xc0, 0x1f, 0xe0, 0x0, 0x3, 0xfc, 0x1, 0xfe,
    0x0, 0x0, 0x3f, 0xc0, 0xf, 0xf0, 0x0, 0x3,
    0xfc, 0x0, 0x7f, 0x0, 0x0, 0x3f, 0xc0, 0x3,
    0xf8, 0x0, 0x3, 0xfc, 0x0, 0x1f, 0xc0, 0x0,
    0x3f, 0xc0, 0x0, 0xfe, 0x0, 0x3, 0xfc, 0x0,
    0x7, 0xf0, 0x0, 0x3f, 0xc0, 0x0, 0xf, 0xc0,
    0x3f, 0xe0, 0x0, 0x0, 0x1f, 0xfe, 0x0, 0x0,

    /* U+0048 "H" */
    0xff, 0xff, 0xf0, 0x7, 0xff, 0xff, 0x8f, 0xff,
    0xc0, 0x0, 0x7f, 0xfe, 0x1, 0xff, 0xc0, 0x0,
    0x1f, 0xfe, 0x0, 0xff, 0xc0, 0x0, 0x7, 0xfe,
    0x0, 0x3f, 0xe0, 0x0, 0x3, 0xff, 0x0, 0x1f,
    0xe0, 0x0, 0x0, 0xff, 0x0, 0xf, 0xf0, 0x0,
    0x0, 0x7f, 0x80, 0x7, 0xf8, 0x0, 0x0, 0x3f,
    0xc0, 0x3, 0xfc, 0x0, 0x0, 0x1f, 0xe0, 0x1,
    0xfe, 0x0, 0x0, 0xf, 0xf0, 0x0, 0xff, 0x0,
    0x0, 0x7, 0xf8, 0x0, 0x7f, 0x80, 0x0, 0x3,
    0xfc, 0x0, 0x3f, 0xc0, 0x0, 0x1, 0xfe, 0x0,
    0x1f, 0xe0, 0x0, 0x0, 0xff, 0x0, 0xf, 0xf0,
    0x0, 0x0, 0x7f, 0x80, 0x7, 0xf8, 0x0, 0x0,
    0x3f, 0xc0, 0x3, 0xfc, 0x0, 0x0, 0x1f, 0xe0,
    0x1, 0xfe, 0x0, 0x0, 0xf, 0xf0, 0x0, 0xff,
    0x0, 0x0, 0x7, 0xf8, 0x0, 0x7f, 0x80, 0x0,
    0x3, 0xfc, 0x0, 0x3f, 0xc0, 0x0, 0x1, 0xfe,
    0x0, 0x1f, 0xff, 0xff, 0xff, 0xff, 0x0, 0xf,
    0xf0, 0x0, 0x0, 0x7f, 0x80, 0x7, 0xf8, 0x0,
    0x0, 0x3f, 0xc0, 0x3, 0xfc, 0x0, 0x0, 0x1f,
    0xe0, 0x1, 0xfe, 0x0, 0x0, 0xf, 0xf0, 0x0,
    0xff, 0x0, 0x0, 0x7, 0xf8, 0x0, 0x7f, 0x80,
    0x0, 0x3, 0xfc, 0x0, 0x3f, 0xc0, 0x0, 0x1,
    0xfe, 0x0, 0x1f, 0xe0, 0x0, 0x0, 0xff, 0x0,
    0xf, 0xf0, 0x0, 0x0, 0x7f, 0x80, 0x7, 0xf8,
    0x0, 0x0, 0x3f, 0xc0, 0x3, 0xfc, 0x0, 0x0,
    0x1f, 0xe0, 0x1, 0xfe, 0x0, 0x0, 0xf, 0xf0,
    0x0, 0xff, 0x0, 0x0, 0x7, 0xf8, 0x0, 0x7f,
    0x80, 0x0, 0x3, 0xfc, 0x0, 0x3f, 0xc0, 0x0,
    0x1, 0xfe, 0x0, 0x1f, 0xe0, 0x0, 0x0, 0xff,
    0x0, 0xf, 0xf0, 0x0, 0x0, 0x7f, 0x80, 0x7,
    0xf8, 0x0, 0x0, 0x3f, 0xc0, 0x3, 0xfc, 0x0,
    0x0, 0x1f, 0xe0, 0x1, 0xfe, 0x0, 0x0, 0xf,
    0xf0, 0x1, 0xff, 0x80, 0x0, 0xf, 0xfc, 0x0,
    0xff, 0xc0, 0x0, 0x7, 0xfe, 0x0, 0xff, 0xf0,
    0x0, 0x7, 0xff, 0x80, 0xff, 0xff, 0x0, 0xf,
    0xff, 0xf3, 0xff, 0xff, 0xc0, 0x1f, 0xff, 0xfe,

    /* U+0049 "I" */
    0x7f, 0xff, 0xf8, 0x7f, 0xfe, 0x1, 0xff, 0xe0,
    0x7, 0xfe, 0x0, 0x3f, 0xf0, 0x0, 0xff, 0x0,
    0x7, 0xf8, 0x0, 0x3f, 0xc0, 0x1, 0xfe, 0x0,
    0xf, 0xf0, 0x0, 0x7f, 0x80, 0x3, 0xfc, 0x0,
    0x1f, 0xe0, 0x0, 0xff, 0x0, 0x7, 0xf8, 0x0,
    0x3f, 0xc0, 0x1, 0xfe, 0x0, 0xf, 0xf0, 0x0,
    0x7f, 0x80, 0x3, 0xfc, 0x0, 0x1f, 0xe0, 0x0,
    0xff, 0x0, 0x7, 0xf8, 0x0, 0x3f, 0xc0, 0x1,
    0xfe, 0x0, 0xf, 0xf0, 0x0, 0x7f, 0x80, 0x3,
    0xfc, 0x0, 0x1f, 0xe0, 0x0, 0xff, 0x0, 0x7,
    0xf8, 0x0, 0x3f, 0xc0, 0x1, 0xfe, 0x0, 0xf,
    0xf0, 0x0, 0x7f, 0x80, 0x3, 0xfc, 0x0, 0x1f,
    0xe0, 0x0, 0xff, 0x0, 0x7, 0xf8, 0x0, 0x3f,
    0xc0, 0x1, 0xfe, 0x0, 0xf, 0xf0, 0x0, 0xff,
    0x80, 0x7, 0xfe, 0x0, 0x7f, 0xf8, 0xf, 0xff,
    0xf3, 0xff, 0xff, 0xe0,

    /* U+004A "J" */
    0x0, 0x3f, 0xff, 0xfc, 0x0, 0x3f, 0xff, 0x80,
    0x0, 0x3f, 0xfc, 0x0, 0x0, 0x7f, 0xe0, 0x0,
    0x1, 0xff, 0x80, 0x0, 0x3, 0xfc, 0x0, 0x0,
    0xf, 0xf0, 0x0, 0x0, 0x3f, 0xc0, 0x0, 0x0,
    0xff, 0x0, 0x0, 0x3, 0xfc, 0x0, 0x0, 0xf,
    0xf0, 0x0, 0x0, 0x3f, 0xc0, 0x0, 0x0, 0xff,
    0x0, 0x0, 0x3, 0xfc, 0x0, 0x0, 0xf, 0xf0,
    0x0, 0x0, 0x3f, 0xc0, 0x0, 0x0, 0xff, 0x0,
    0x0, 0x3, 0xfc, 0x0, 0x0, 0xf, 0xf0, 0x0,
    0x0, 0x3f, 0xc0, 0x0, 0x0, 0xff, 0x0, 0x0,
    0x3, 0xfc, 0x0, 0x0, 0xf, 0xf0, 0x0, 0x0,
    0x3f, 0xc0, 0x0, 0x0, 0xff, 0x0, 0x0, 0x3,
    0xfc, 0x0, 0x0, 0xf, 0xf0, 0x0, 0x0, 0x3f,
    0xc0, 0x0, 0x0, 0xff, 0x0, 0x0, 0x3, 0xfc,
    0x0, 0x0, 0xf, 0xf0, 0x0, 0x0, 0x3f, 0xc0,
    0x0, 0x0, 0xff, 0x0, 0x0, 0x3, 0xfc, 0x0,
    0x0, 0xf, 0xf0, 0x0, 0x0, 0x3f, 0xc0, 0x0,
    0x0, 0xff, 0x0, 0x0, 0x3, 0xfc, 0x0, 0x0,
    0xf, 0xf0, 0x0, 0x0, 0x3f, 0xc0, 0x0, 0x0,
    0xff, 0x0, 0x0, 0x3, 0xfc, 0x0, 0x0, 0xf,
    0xf0, 0x0, 0x0, 0x3f, 0xc0, 0x0, 0x0, 0xff,
    0x0, 0x0, 0x3, 0xfc, 0x0, 0x0, 0xf, 0xf0,
    0x0, 0x0, 0x3f, 0xc0, 0x0, 0x0, 0xff, 0x0,
    0x0, 0x3, 0xfc, 0x0, 0x0, 0xf, 0xf0, 0x3,
    0x80, 0x3f, 0xc0, 0x3f, 0x80, 0xff, 0x1, 0xff,
    0x3, 0xfc, 0x7, 0xfc, 0xf, 0xe0, 0x3f, 0xf0,
    0x3f, 0x80, 0x7f, 0xc0, 0xfc, 0x1, 0xff, 0x7,
    0xf0, 0x3, 0xf8, 0x1f, 0x80, 0x7, 0xf0, 0xf8,
    0x0, 0x3, 0xff, 0x0, 0x0,

    /* U+004B "K" */
    0xff, 0xff, 0xf0, 0x1f, 0xff, 0xf0, 0x7f, 0xfe,
    0x0, 0xf, 0xfe, 0x0, 0xff, 0xf0, 0x0, 0x1f,
    0xc0, 0x1, 0xff, 0x80, 0x0, 0x7c, 0x0, 0x7,
    0xfe, 0x0, 0x1, 0xe0, 0x0, 0xf, 0xf0, 0x0,
    0xf, 0x0, 0x0, 0x3f, 0xc0, 0x0, 0x78, 0x0,
    0x0, 0xff, 0x0, 0x1, 0xc0, 0x0, 0x3, 0xfc,
    0x0, 0xe, 0x0, 0x0, 0xf, 0xf0, 0x0, 0x78,
    0x0, 0x0, 0x3f, 0xc0, 0x1, 0xc0, 0x0, 0x0,
    0xff, 0x0, 0xe, 0x0, 0x0, 0x3, 0xfc, 0x0,
    0x70, 0x0, 0x0, 0xf, 0xf0, 0x3, 0xc0, 0x0,
    0x0, 0x3f, 0xc0, 0x1e, 0x0, 0x0, 0x0, 0xff,
    0x0, 0x70, 0x0, 0x0, 0x3, 0xfc, 0x3, 0x80,
    0x0, 0x0, 0xf, 0xf0, 0x1e, 0x0, 0x0, 0x0,
    0x3f, 0xc0, 0xfc, 0x0, 0x0, 0x0, 0xff, 0x7,
    0xf0, 0x0, 0x0, 0x3, 0xfc, 0x3f, 0xe0, 0x0,
    0x0, 0xf, 0xf1, 0xff, 0x80, 0x0, 0x0, 0x3f,
    0xc7, 0xff, 0x0, 0x0, 0x0, 0xff, 0x3f, 0xfe,
    0x0, 0x0, 0x3, 0xfd, 0xdf, 0xf8, 0x0, 0x0,
    0xf, 0xfe, 0x3f, 0xf0, 0x0, 0x0, 0x3f, 0xf0,
    0xff, 0xc0, 0x0, 0x0, 0xff, 0xc1, 0xff, 0x80,
    0x0, 0x3, 0xfe, 0x3, 0xff, 0x0, 0x0, 0xf,
    0xf0, 0xf, 0xfc, 0x0, 0x0, 0x3f, 0xc0, 0x1f,
    0xf8, 0x0, 0x0, 0xff, 0x0, 0x7f, 0xe0, 0x0,
    0x3, 0xfc, 0x0, 0xff, 0xc0, 0x0, 0xf, 0xf0,
    0x1, 0xff, 0x0, 0x0, 0x3f, 0xc0, 0x7, 0xfe,
    0x0, 0x0, 0xff, 0x0, 0xf, 0xfc, 0x0, 0x3,
    0xfc, 0x0, 0x3f, 0xf0, 0x0, 0xf, 0xf0, 0x0,
    0x7f, 0xe0, 0x0, 0x3f, 0xc0, 0x0, 0xff, 0x80,
    0x0, 0xff, 0x0, 0x3, 0xff, 0x0, 0x3, 0xfc,
    0x0, 0x7, 0xfc, 0x0, 0xf, 0xf0, 0x0, 0x1f,
    0xf8, 0x0, 0x3f, 0xe0, 0x0, 0x3f, 0xf0, 0x1,
    0xff, 0x80, 0x0, 0x7f, 0xe0, 0x7, 0xff, 0x0,
    0x1, 0xff, 0xc0, 0x7f, 0xfe, 0x0, 0x3, 0xff,
    0x8f, 0xff, 0xff, 0x0, 0xf, 0xff, 0xc0,

    /* U+004C "L" */
    0xff, 0xff, 0xf0, 0x0, 0x1, 0xff, 0xf8, 0x0,
    0x0, 0xf, 0xff, 0x0, 0x0, 0x0, 0x7f, 0xe0,
    0x0, 0x0, 0x7, 0xfe, 0x0, 0x0, 0x0, 0x3f,
    0xc0, 0x0, 0x0, 0x3, 0xfc, 0x0, 0x0, 0x0,
    0x3f, 0xc0, 0x0, 0x0, 0x3, 0xfc, 0x0, 0x0,
    0x0, 0x3f, 0xc0, 0x0, 0x0, 0x3, 0xfc, 0x0,
    0x0, 0x0, 0x3f, 0xc0, 0x0, 0x0, 0x3, 0xfc,
    0x0, 0x0, 0x0, 0x3f, 0xc0, 0x0, 0x0, 0x3,
    0xfc, 0x0, 0x0, 0x0, 0x3f, 0xc0, 0x0, 0x0,
    0x3, 0xfc, 0x0, 0x0, 0x0, 0x3f, 0xc0, 0x0,
    0x0, 0x3, 0xfc, 0x0, 0x0, 0x0, 0x3f, 0xc0,
    0x0, 0x0, 0x3, 0xfc, 0x0, 0x0, 0x0, 0x3f,
    0xc0, 0x0, 0x0, 0x3, 0xfc, 0x0, 0x0, 0x0,
    0x3f, 0xc0, 0x0, 0x0, 0x3, 0xfc, 0x0, 0x0,
    0x0, 0x3f, 0xc0, 0x0, 0x0, 0x3, 0xfc, 0x0,
    0x0, 0x0, 0x3f, 0xc0, 0x0, 0x0, 0x3, 0xfc,
    0x0, 0x0, 0x0, 0x3f, 0xc0, 0x0, 0x0, 0x3,
    0xfc, 0x0, 0x0, 0x0, 0x3f, 0xc0, 0x0, 0x0,
    0x3, 0xfc, 0x0, 0x0, 0x70, 0x3f, 0xc0, 0x0,
    0x7, 0x3, 0xfc, 0x0, 0x0, 0x70, 0x3f, 0xc0,
    0x0, 0xe, 0x3, 0xfc, 0x0, 0x0, 0xe0, 0x3f,
    0xc0, 0x0, 0xe, 0x3, 0xfc, 0x0, 0x1, 0xe0,
    0x3f, 0xc0, 0x0, 0x1e, 0x3, 0xfc, 0x0, 0x3,
    0xe0, 0x3f, 0xc0, 0x0, 0x7e, 0x3, 0xfc, 0x0,
    0x7, 0xe0, 0x7f, 0xc0, 0x0, 0xfe, 0xf, 0xfc,
    0x0, 0x3f, 0xe1, 0xff, 0xff, 0x8f, 0xfc, 0xff,
    0xff, 0xff, 0xff, 0xc0,

    /* U+004D "M" */
    0x7f, 0xff, 0x0, 0x0, 0x0, 0x1f, 0xff, 0xcf,
    0xff, 0xf0, 0x0, 0x0, 0x7, 0xff, 0xf9, 0xff,
    0xfe, 0x0, 0x0, 0x0, 0xff, 0xff, 0x3, 0xff,
    0xc0, 0x0, 0x0, 0x1f, 0xfe, 0x0, 0x3f, 0xfc,
    0x0, 0x0, 0x7, 0xff, 0x80, 0x7, 0xff, 0x80,
    0x0, 0x0, 0xff, 0xe0, 0x0, 0x7f, 0xf0, 0x0,
    0x0, 0x1b, 0xfc, 0x0, 0xf, 0xff, 0x0, 0x0,
    0x7, 0x7f, 0x80, 0x1, 0xbf, 0xe0, 0x0, 0x0,
    0xef, 0xf0, 0x0, 0x37, 0xfe, 0x0, 0x0, 0x39,
    0xfe, 0x0, 0x6, 0x7f, 0xc0, 0x0, 0x7, 0x3f,
    0xc0, 0x0, 0xcf, 0xf8, 0x0, 0x0, 0xe7, 0xf8,
    0x0, 0x19, 0xff, 0x80, 0x0, 0x38, 0xff, 0x0,
    0x3, 0x1f, 0xf0, 0x0, 0x7, 0x1f, 0xe0, 0x0,
    0x63, 0xfe, 0x0, 0x0, 0xc3, 0xfc, 0x0, 0xc,
    0x7f, 0xe0, 0x0, 0x38, 0x7f, 0x80, 0x1, 0x87,
    0xfc, 0x0, 0x7, 0xf, 0xf0, 0x0, 0x30, 0xff,
    0x80, 0x1, 0xc1, 0xfe, 0x0, 0x6, 0xf, 0xf8,
    0x0, 0x38, 0x3f, 0xc0, 0x0, 0xc1, 0xff, 0x0,
    0x7, 0x7, 0xf8, 0x0, 0x18, 0x3f, 0xf0, 0x1,
    0xc0, 0xff, 0x0, 0x3, 0x3, 0xfe, 0x0, 0x38,
    0x1f, 0xe0, 0x0, 0x60, 0x7f, 0xc0, 0x6, 0x3,
    0xfc, 0x0, 0xc, 0x7, 0xfc, 0x1, 0xc0, 0x7f,
    0x80, 0x1, 0x80, 0xff, 0x80, 0x38, 0xf, 0xf0,
    0x0, 0x30, 0x1f, 0xf0, 0xe, 0x1, 0xfe, 0x0,
    0x6, 0x1, 0xff, 0x1, 0xc0, 0x3f, 0xc0, 0x0,
    0xc0, 0x3f, 0xe0, 0x30, 0x7, 0xf8, 0x0, 0x18,
    0x3, 0xfe, 0xe, 0x0, 0xff, 0x0, 0x3, 0x0,
    0x7f, 0xc1, 0xc0, 0x1f, 0xe0, 0x0, 0x60, 0xf,
    0xf8, 0x30, 0x3, 0xfc, 0x0, 0xc, 0x0, 0xff,
    0x8e, 0x0, 0x7f, 0x80, 0x1, 0x80, 0x1f, 0xf1,
    0xc0, 0xf, 0xf0, 0x0, 0x30, 0x3, 0xfe, 0x70,
    0x1, 0xfe, 0x0, 0x6, 0x0, 0x3f, 0xee, 0x0,
    0x3f, 0xc0, 0x0, 0xc0, 0x7, 0xfd, 0x80, 0x7,
    0xf8, 0x0, 0x18, 0x0, 0x7f, 0xf0, 0x0, 0xff,
    0x0, 0x3, 0x0, 0xf, 0xfe, 0x0, 0x1f, 0xe0,
    0x0, 0x60, 0x1, 0xff, 0x80, 0x3, 0xfc, 0x0,
    0xc, 0x0, 0x1f, 0xf0, 0x0, 0x7f, 0x80, 0x1,
    0x80, 0x3, 0xfe, 0x0, 0xf, 0xf0, 0x0, 0x30,
    0x0, 0x3f, 0x80, 0x1, 0xfe, 0x0, 0xf, 0x0,
    0x7, 0xf0, 0x0, 0x3f, 0xc0, 0x1, 0xe0, 0x0,
    0xfc, 0x0, 0xf, 0xfc, 0x0, 0x7e, 0x0, 0xf,
    0x80, 0x1, 0xff, 0x80, 0x1f, 0xe0, 0x1, 0xf0,
    0x0, 0x7f, 0xf8, 0x3f, 0xff, 0xc0, 0x3c, 0x0,
    0x7f, 0xff, 0xc7, 0xff, 0xf8, 0x0, 0x0, 0x1f,
    0xff, 0xff,

    /* U+004E "N" */
    0x7f, 0xfc, 0x0, 0x0, 0xff, 0xff, 0x1f, 0xfe,
    0x0, 0x0, 0x1f, 0xf8, 0x7, 0xfe, 0x0, 0x0,
    0x7, 0xe0, 0x3, 0xff, 0x0, 0x0, 0x3, 0xc0,
    0x3, 0xff, 0x80, 0x0, 0x3, 0xc0, 0x1, 0xff,
    0xc0, 0x0, 0x1, 0x80, 0x1, 0xff, 0xc0, 0x0,
    0x1, 0x80, 0x1, 0xbf, 0xe0, 0x0, 0x1, 0x80,
    0x1, 0xbf, 0xf0, 0x0, 0x1, 0x80, 0x1, 0x9f,
    0xf0, 0x0, 0x1, 0x80, 0x1, 0x8f, 0xf8, 0x0,
    0x1, 0x80, 0x1, 0x8f, 0xfc, 0x0, 0x1, 0x80,
    0x1, 0x87, 0xfc, 0x0, 0x1, 0x80, 0x1, 0x83,
    0xfe, 0x0, 0x1, 0x80, 0x1, 0x83, 0xff, 0x0,
    0x1, 0x80, 0x1, 0x81, 0xff, 0x80, 0x1, 0x80,
    0x1, 0x80, 0xff, 0x80, 0x1, 0x80, 0x1, 0x80,
    0xff, 0xc0, 0x1, 0x80, 0x1, 0x80, 0x7f, 0xe0,
    0x1, 0x80, 0x1, 0x80, 0x3f, 0xe0, 0x1, 0x80,
    0x1, 0x80, 0x1f, 0xf0, 0x1, 0x80, 0x1, 0x80,
    0x1f, 0xf8, 0x1, 0x80, 0x1, 0x80, 0xf, 0xf8,
    0x1, 0x80, 0x1, 0x80, 0x7, 0xfc, 0x1, 0x80,
    0x1, 0x80, 0x7, 0xfe, 0x1, 0x80, 0x1, 0x80,
    0x3, 0xfe, 0x1, 0x80, 0x1, 0x80, 0x1, 0xff,
    0x1, 0x80, 0x1, 0x80, 0x1, 0xff, 0x81, 0x80,
    0x1, 0x80, 0x0, 0xff, 0x81, 0x80, 0x1, 0x80,
    0x0, 0x7f, 0xc1, 0x80, 0x1, 0x80, 0x0, 0x3f,
    0xe1, 0x80, 0x1, 0x80, 0x0, 0x3f, 0xf1, 0x80,
    0x1, 0x80, 0x0, 0x1f, 0xf1, 0x80, 0x1, 0x80,
    0x0, 0xf, 0xf9, 0x80, 0x1, 0x80, 0x0, 0xf,
    0xfd, 0x80, 0x1, 0x80, 0x0, 0x7, 0xfd, 0x80,
    0x1, 0x80, 0x0, 0x3, 0xff, 0x80, 0x1, 0x80,
    0x0, 0x3, 0xff, 0x80, 0x1, 0x80, 0x0, 0x1,
    0xff, 0x80, 0x1, 0x80, 0x0, 0x0, 0xff, 0x80,
    0x1, 0x80, 0x0, 0x0, 0xff, 0x80, 0x1, 0x80,
    0x0, 0x0, 0x7f, 0x80, 0x3, 0xc0, 0x0, 0x0,
    0x3f, 0x80, 0x3, 0xc0, 0x0, 0x0, 0x1f, 0x80,
    0x7, 0xe0, 0x0, 0x0, 0x1f, 0x80, 0x3f, 0xf8,
    0x0, 0x0, 0xf, 0x80, 0xff, 0xff, 0x0, 0x0,
    0x7, 0x80,

    /* U+004F "O" */
    0x0, 0x0, 0x3f, 0xe0, 0x0, 0x0, 0x0, 0x7c,
    0xf, 0xc0, 0x0, 0x0, 0x7c, 0x0, 0x7e, 0x0,
    0x0, 0x3f, 0x0, 0x3, 0xf0, 0x0, 0xf, 0xc0,
    0x0, 0x3f, 0x0, 0x3, 0xf0, 0x0, 0x3, 0xf0,
    0x0, 0xfc, 0x0, 0x0, 0x7f, 0x0, 0x3f, 0x0,
    0x0, 0x7, 0xf0, 0xf, 0xe0, 0x0, 0x0, 0xfe,
    0x3, 0xf8, 0x0, 0x0, 0xf, 0xe0, 0x7f, 0x0,
    0x0, 0x1, 0xfc, 0x1f, 0xe0, 0x0, 0x0, 0x3f,
    0xc3, 0xf8, 0x0, 0x0, 0x3, 0xf8, 0x7f, 0x0,
    0x0, 0x0, 0x7f, 0x9f, 0xe0, 0x0, 0x0, 0xf,
    0xf3, 0xfc, 0x0, 0x0, 0x1, 0xfe, 0x7f, 0x0,
    0x0, 0x0, 0x3f, 0xcf, 0xe0, 0x0, 0x0, 0x3,
    0xff, 0xfc, 0x0, 0x0, 0x0, 0x7f, 0xff, 0x80,
    0x0, 0x0, 0xf, 0xff, 0xf0, 0x0, 0x0, 0x1,
    0xff, 0xfe, 0x0, 0x0, 0x0, 0x3f, 0xff, 0xc0,
    0x0, 0x0, 0x7, 0xff, 0xf8, 0x0, 0x0, 0x0,
    0xff, 0xff, 0x0, 0x0, 0x0, 0x1f, 0xff, 0xe0,
    0x0, 0x0, 0x3, 0xff, 0xfc, 0x0, 0x0, 0x0,
    0x7f, 0xff, 0x80, 0x0, 0x0, 0xf, 0xff, 0xf0,
    0x0, 0x0, 0x1, 0xff, 0xfe, 0x0, 0x0, 0x0,
    0x3f, 0xff, 0xc0, 0x0, 0x0, 0x7, 0xfb, 0xf8,
    0x0, 0x0, 0x0, 0xfe, 0x7f, 0x80, 0x0, 0x0,
    0x3f, 0xcf, 0xf0, 0x0, 0x0, 0x7, 0xf9, 0xfe,
    0x0, 0x0, 0x0, 0xff, 0x1f, 0xc0, 0x0, 0x0,
    0x1f, 0xc3, 0xf8, 0x0, 0x0, 0x3, 0xf8, 0x7f,
    0x80, 0x0, 0x0, 0xff, 0x7, 0xf0, 0x0, 0x0,
    0x1f, 0xc0, 0xfe, 0x0, 0x0, 0x3, 0xf0, 0xf,
    0xe0, 0x0, 0x0, 0xfe, 0x0, 0xfc, 0x0, 0x0,
    0x1f, 0x80, 0xf, 0xc0, 0x0, 0x7, 0xe0, 0x0,
    0xfc, 0x0, 0x1, 0xf8, 0x0, 0xf, 0xc0, 0x0,
    0x7e, 0x0, 0x0, 0x7c, 0x0, 0x1f, 0x0, 0x0,
    0x3, 0xf0, 0x1f, 0x80, 0x0, 0x0, 0xf, 0xff,
    0x0, 0x0,

    /* U+0050 "P" */
    0xff, 0xff, 0xff, 0xc0, 0x0, 0x7f, 0xf0, 0x3f,
    0xf0, 0x0, 0xff, 0xc0, 0xf, 0xf0, 0x1, 0xff,
    0x0, 0x1f, 0xf0, 0x7, 0xfc, 0x0, 0x3f, 0xe0,
    0xf, 0xf0, 0x0, 0x7f, 0xc0, 0x3f, 0xc0, 0x0,
    0xff, 0x80, 0xff, 0x0, 0x3, 0xfe, 0x3, 0xfc,
    0x0, 0xf, 0xf8, 0xf, 0xf0, 0x0, 0x1f, 0xf0,
    0x3f, 0xc0, 0x0, 0x7f, 0xc0, 0xff, 0x0, 0x1,
    0xff, 0x3, 0xfc, 0x0, 0x7, 0xfc, 0xf, 0xf0,
    0x0, 0x1f, 0xf0, 0x3f, 0xc0, 0x0, 0x7f, 0xc0,
    0xff, 0x0, 0x1, 0xff, 0x3, 0xfc, 0x0, 0x7,
    0xfc, 0xf, 0xf0, 0x0, 0x1f, 0xe0, 0x3f, 0xc0,
    0x0, 0xff, 0x80, 0xff, 0x0, 0x3, 0xfc, 0x3,
    0xfc, 0x0, 0xf, 0xf0, 0xf, 0xf0, 0x0, 0x7f,
    0x80, 0x3f, 0xc0, 0x3, 0xfc, 0x0, 0xff, 0x0,
    0x1f, 0xe0, 0x3, 0xfc, 0x0, 0xfe, 0x0, 0xf,
    0xf0, 0x1f, 0xe0, 0x0, 0x3f, 0xff, 0xf0, 0x0,
    0x0, 0xff, 0x0, 0x0, 0x0, 0x3, 0xfc, 0x0,
    0x0, 0x0, 0xf, 0xf0, 0x0, 0x0, 0x0, 0x3f,
    0xc0, 0x0, 0x0, 0x0, 0xff, 0x0, 0x0, 0x0,
    0x3, 0xfc, 0x0, 0x0, 0x0, 0xf, 0xf0, 0x0,
    0x0, 0x0, 0x3f, 0xc0, 0x0, 0x0, 0x0, 0xff,
    0x0, 0x0, 0x0, 0x3, 0xfc, 0x0, 0x0, 0x0,
    0xf, 0xf0, 0x0, 0x0, 0x0, 0x3f, 0xc0, 0x0,
    0x0, 0x0, 0xff, 0x0, 0x0, 0x0, 0x3, 0xfc,
    0x0, 0x0, 0x0, 0xf, 0xf0, 0x0, 0x0, 0x0,
    0x3f, 0xc0, 0x0, 0x0, 0x1, 0xff, 0x80, 0x0,
    0x0, 0xf, 0xff, 0x0, 0x0, 0x0, 0xff, 0xfe,
    0x0, 0x0, 0xf, 0xff, 0xff, 0x0, 0x0, 0x0,

    /* U+0051 "Q" */
    0x0, 0x0, 0xff, 0xe0, 0x0, 0x0, 0x0, 0x3f,
    0x81, 0xf8, 0x0, 0x0, 0x3, 0xf0, 0x1, 0xf8,
    0x0, 0x0, 0x3f, 0x80, 0x1, 0xf8, 0x0, 0x1,
    0xf8, 0x0, 0x3, 0xf0, 0x0, 0xf, 0xc0, 0x0,
    0x7, 0xe0, 0x0, 0x7f, 0x0, 0x0, 0x1f, 0xc0,
    0x3, 0xf8, 0x0, 0x0, 0x3f, 0x80, 0x1f, 0xe0,
    0x0, 0x0, 0x7e, 0x0, 0x7f, 0x0, 0x0, 0x1,
    0xfc, 0x3, 0xfc, 0x0, 0x0, 0x7, 0xf8, 0xf,
    0xe0, 0x0, 0x0, 0xf, 0xe0, 0x3f, 0x80, 0x0,
    0x0, 0x3f, 0x81, 0xfe, 0x0, 0x0, 0x0, 0xff,
    0x7, 0xf8, 0x0, 0x0, 0x3, 0xfc, 0x1f, 0xe0,
    0x0, 0x0, 0xf, 0xf0, 0x7f, 0x0, 0x0, 0x0,
    0x1f, 0xc3, 0xfc, 0x0, 0x0, 0x0, 0x7f, 0x8f,
    0xf0, 0x0, 0x0, 0x1, 0xfe, 0x3f, 0xc0, 0x0,
    0x0, 0x7, 0xf8, 0xff, 0x0, 0x0, 0x0, 0x1f,
    0xe3, 0xfc, 0x0, 0x0, 0x0, 0x7f, 0x8f, 0xf0,
    0x0, 0x0, 0x1, 0xfe, 0x3f, 0xc0, 0x0, 0x0,
    0x7, 0xf8, 0xff, 0x0, 0x0, 0x0, 0x1f, 0xe3,
    0xfc, 0x0, 0x0, 0x0, 0x7f, 0x8f, 0xf0, 0x0,
    0x0, 0x1, 0xfe, 0x3f, 0xc0, 0x0, 0x0, 0x7,
    0xf8, 0xff, 0x0, 0x0, 0x0, 0x1f, 0xe3, 0xfe,
    0x0, 0x0, 0x0, 0x7f, 0x8f, 0xf8, 0x0, 0x0,
    0x1, 0xfc, 0x1f, 0xe0, 0x3f, 0x0, 0xf, 0xf0,
    0x7f, 0x83, 0xff, 0x0, 0x3f, 0xc1, 0xfe, 0x1f,
    0xfe, 0x0, 0xff, 0x7, 0xfc, 0xff, 0xfc, 0x3,
    0xf8, 0xf, 0xf3, 0xff, 0xf8, 0xf, 0xe0, 0x3f,
    0xdc, 0x3f, 0xf0, 0x7f, 0x80, 0xff, 0x60, 0x7f,
    0xe1, 0xfc, 0x1, 0xff, 0x80, 0xff, 0xc7, 0xf0,
    0x3, 0xfc, 0x1, 0xff, 0x1f, 0x80, 0xf, 0xf0,
    0x3, 0xfe, 0xfe, 0x0, 0x1f, 0xc0, 0x7, 0xfb,
    0xf0, 0x0, 0x3f, 0x0, 0x1f, 0xff, 0x80, 0x0,
    0x7e, 0x0, 0x3f, 0xfc, 0x0, 0x0, 0xfc, 0x0,
    0xff, 0xe0, 0x0, 0x0, 0xf8, 0x1, 0xff, 0x0,
    0x0, 0x0, 0xfc, 0x3, 0xfe, 0x0, 0x0, 0x0,
    0x3f, 0xff, 0xfc, 0x0, 0x0, 0x0, 0x0, 0x1f,
    0xfc, 0x18, 0x0, 0x0, 0x0, 0x3f, 0xff, 0xe0,
    0x0, 0x0, 0x0, 0x7f, 0xff, 0x0, 0x0, 0x0,
    0x0, 0xff, 0xf0, 0x0, 0x0, 0x0, 0x0, 0xfe,
    0x0,

    /* U+0052 "R" */
    0xff, 0xff, 0xff, 0xc0, 0x0, 0x1, 0xff, 0xc0,
    0x7f, 0xc0, 0x0, 0xf, 0xfc, 0x0, 0xff, 0x0,
    0x0, 0x7f, 0xc0, 0x3, 0xf8, 0x0, 0x7, 0xfc,
    0x0, 0x1f, 0xc0, 0x0, 0x3f, 0xc0, 0x1, 0xfe,
    0x0, 0x3, 0xfc, 0x0, 0xf, 0xf0, 0x0, 0x3f,
    0xc0, 0x0, 0xff, 0x0, 0x3, 0xfc, 0x0, 0x7,
    0xf8, 0x0, 0x3f, 0xc0, 0x0, 0x7f, 0x80, 0x3,
    0xfc, 0x0, 0x7, 0xf8, 0x0, 0x3f, 0xc0, 0x0,
    0x7f, 0x80, 0x3, 0xfc, 0x0, 0x7, 0xf8, 0x0,
    0x3f, 0xc0, 0x0, 0x7f, 0x80, 0x3, 0xfc, 0x0,
    0x7, 0xf8, 0x0, 0x3f, 0xc0, 0x0, 0x7f, 0x80,
    0x3, 0xfc, 0x0, 0x7, 0xf0, 0x0, 0x3f, 0xc0,
    0x0, 0xff, 0x0, 0x3, 0xfc, 0x0, 0xf, 0xf0,
    0x0, 0x3f, 0xc0, 0x1, 0xfe, 0x0, 0x3, 0xfc,
    0x0, 0x3f, 0xc0, 0x0, 0x3f, 0xc0, 0x7, 0xf8,
    0x0, 0x3, 0xfc, 0x1, 0xff, 0x0, 0x0, 0x3f,
    0xff, 0xff, 0xc0, 0x0, 0x3, 0xfc, 0x3, 0xfc,
    0x0, 0x0, 0x3f, 0xc0, 0x3f, 0xe0, 0x0, 0x3,
    0xfc, 0x1, 0xfe, 0x0, 0x0, 0x3f, 0xc0, 0x1f,
    0xf0, 0x0, 0x3, 0xfc, 0x1, 0xff, 0x0, 0x0,
    0x3f, 0xc0, 0xf, 0xf0, 0x0, 0x3, 0xfc, 0x0,
    0xff, 0x80, 0x0, 0x3f, 0xc0, 0x7, 0xf8, 0x0,
    0x3, 0xfc, 0x0, 0x7f, 0xc0, 0x0, 0x3f, 0xc0,
    0x7, 0xfc, 0x0, 0x3, 0xfc, 0x0, 0x3f, 0xe0,
    0x0, 0x3f, 0xc0, 0x3, 0xfe, 0x0, 0x3, 0xfc,
    0x0, 0x1f, 0xf0, 0x0, 0x3f, 0xc0, 0x1, 0xff,
    0x0, 0x3, 0xfc, 0x0, 0x1f, 0xf0, 0x0, 0x3f,
    0xc0, 0x0, 0xff, 0x80, 0x3, 0xfc, 0x0, 0xf,
    0xf8, 0x0, 0x3f, 0xc0, 0x0, 0x7f, 0xc0, 0x3,
    0xfc, 0x0, 0x7, 0xfc, 0x0, 0x7f, 0xe0, 0x0,
    0x7f, 0xe0, 0xf, 0xff, 0x0, 0x3, 0xff, 0x81,
    0xff, 0xfc, 0x0, 0x3f, 0xfe, 0xff, 0xff, 0xf0,
    0x3, 0xff, 0xf0,

    /* U+0053 "S" */
    0x0, 0x3f, 0xfe, 0x18, 0x3, 0xe0, 0x3f, 0xf0,
    0x1f, 0x0, 0x1f, 0xe0, 0x7c, 0x0, 0x1f, 0xc1,
    0xf8, 0x0, 0x1f, 0x87, 0xe0, 0x0, 0x1f, 0x1f,
    0xc0, 0x0, 0x3e, 0x3f, 0x80, 0x0, 0x3c, 0x7f,
    0x0, 0x0, 0x79, 0xfe, 0x0, 0x0, 0x73, 0xfc,
    0x0, 0x0, 0xe7, 0xfc, 0x0, 0x0, 0xcf, 0xf8,
    0x0, 0x1, 0x1f, 0xf8, 0x0, 0x0, 0x3f, 0xf8,
    0x0, 0x0, 0x7f, 0xf8, 0x0, 0x0, 0xff, 0xfc,
    0x0, 0x0, 0xff, 0xfc, 0x0, 0x1, 0xff, 0xff,
    0x0, 0x1, 0xff, 0xff, 0x80, 0x3, 0xff, 0xff,
    0xc0, 0x3, 0xff, 0xff, 0xc0, 0x3, 0xff, 0xff,
    0xe0, 0x3, 0xff, 0xff, 0xe0, 0x1, 0xff, 0xff,
    0xe0, 0x1, 0xff, 0xff, 0xe0, 0x0, 0x7f, 0xff,
    0xe0, 0x0, 0x3f, 0xff, 0xe0, 0x0, 0x1f, 0xff,
    0xc0, 0x0, 0xf, 0xff, 0x80, 0x0, 0xf, 0xff,
    0x80, 0x0, 0xf, 0xff, 0x0, 0x0, 0xf, 0xfe,
    0x0, 0x0, 0xf, 0xff, 0x0, 0x0, 0xf, 0xfe,
    0x0, 0x0, 0x1f, 0xfe, 0x0, 0x0, 0x1f, 0xfc,
    0x0, 0x0, 0x3f, 0xbc, 0x0, 0x0, 0x7f, 0x78,
    0x0, 0x0, 0xfe, 0xf8, 0x0, 0x1, 0xf9, 0xf0,
    0x0, 0x3, 0xf3, 0xf0, 0x0, 0xf, 0xc7, 0xf0,
    0x0, 0x3f, 0xf, 0xf0, 0x0, 0xf8, 0x1f, 0xf8,
    0x7, 0xc0, 0x38, 0x7f, 0xfc, 0x0, 0x0,

    /* U+0054 "T" */
    0x3f, 0xff, 0xff, 0xff, 0xff, 0xcf, 0xfe, 0x1f,
    0xe3, 0xff, 0xf3, 0xfe, 0x7, 0xf8, 0x1f, 0xfd,
    0xfe, 0x1, 0xfe, 0x1, 0xff, 0x7f, 0x0, 0x7f,
    0x80, 0x3f, 0xdf, 0x80, 0x1f, 0xe0, 0x7, 0xf7,
    0xc0, 0x7, 0xf8, 0x0, 0xfd, 0xf0, 0x1, 0xfe,
    0x0, 0x3f, 0x78, 0x0, 0x7f, 0x80, 0x7, 0xde,
    0x0, 0x1f, 0xe0, 0x0, 0xf7, 0x0, 0x7, 0xf8,
    0x0, 0x3d, 0xc0, 0x1, 0xfe, 0x0, 0xf, 0x70,
    0x0, 0x7f, 0x80, 0x1, 0xd8, 0x0, 0x1f, 0xe0,
    0x0, 0x76, 0x0, 0x7, 0xf8, 0x0, 0x1f, 0x80,
    0x1, 0xfe, 0x0, 0x3, 0x0, 0x0, 0x7f, 0x80,
    0x0, 0x0, 0x0, 0x1f, 0xe0, 0x0, 0x0, 0x0,
    0x7, 0xf8, 0x0, 0x0, 0x0, 0x1, 0xfe, 0x0,
    0x0, 0x0, 0x0, 0x7f, 0x80, 0x0, 0x0, 0x0,
    0x1f, 0xe0, 0x0, 0x0, 0x0, 0x7, 0xf8, 0x0,
    0x0, 0x0, 0x1, 0xfe, 0x0, 0x0, 0x0, 0x0,
    0x7f, 0x80, 0x0, 0x0, 0x0, 0x1f, 0xe0, 0x0,
    0x0, 0x0, 0x7, 0xf8, 0x0, 0x0, 0x0, 0x1,
    0xfe, 0x0, 0x0, 0x0, 0x0, 0x7f, 0x80, 0x0,
    0x0, 0x0, 0x1f, 0xe0, 0x0, 0x0, 0x0, 0x7,
    0xf8, 0x0, 0x0, 0x0, 0x1, 0xfe, 0x0, 0x0,
    0x0, 0x0, 0x7f, 0x80, 0x0, 0x0, 0x0, 0x1f,
    0xe0, 0x0, 0x0, 0x0, 0x7, 0xf8, 0x0, 0x0,
    0x0, 0x1, 0xfe, 0x0, 0x0, 0x0, 0x0, 0x7f,
    0x80, 0x0, 0x0, 0x0, 0x1f, 0xe0, 0x0, 0x0,
    0x0, 0x7, 0xf8, 0x0, 0x0, 0x0, 0x1, 0xfe,
    0x0, 0x0, 0x0, 0x0, 0x7f, 0x80, 0x0, 0x0,
    0x0, 0x1f, 0xe0, 0x0, 0x0, 0x0, 0xf, 0xfc,
    0x0, 0x0, 0x0, 0x3, 0xff, 0x0, 0x0, 0x0,
    0x1, 0xff, 0xe0, 0x0, 0x0, 0x1, 0xff, 0xfe,
    0x0, 0x0, 0x3, 0xff, 0xff, 0xf0, 0x0,

    /* U+0055 "U" */
    0xff, 0xff, 0xf0, 0x1, 0xff, 0xfe, 0x3f, 0xff,
    0x0, 0x0, 0x7f, 0xe0, 0x3f, 0xfc, 0x0, 0x0,
    0x3f, 0x0, 0x3f, 0xf0, 0x0, 0x0, 0x3c, 0x0,
    0x7f, 0xe0, 0x0, 0x0, 0x78, 0x0, 0x7f, 0x80,
    0x0, 0x0, 0x60, 0x0, 0xff, 0x0, 0x0, 0x0,
    0xc0, 0x1, 0xfe, 0x0, 0x0, 0x1, 0x80, 0x3,
    0xfc, 0x0, 0x0, 0x3, 0x0, 0x7, 0xf8, 0x0,
    0x0, 0x6, 0x0, 0xf, 0xf0, 0x0, 0x0, 0xc,
    0x0, 0x1f, 0xe0, 0x0, 0x0, 0x18, 0x0, 0x3f,
    0xc0, 0x0, 0x0, 0x30, 0x0, 0x7f, 0x80, 0x0,
    0x0, 0x60, 0x0, 0xff, 0x0, 0x0, 0x0, 0xc0,
    0x1, 0xfe, 0x0, 0x0, 0x1, 0x80, 0x3, 0xfc,
    0x0, 0x0, 0x3, 0x0, 0x7, 0xf8, 0x0, 0x0,
    0x6, 0x0, 0xf, 0xf0, 0x0, 0x0, 0xc, 0x0,
    0x1f, 0xe0, 0x0, 0x0, 0x18, 0x0, 0x3f, 0xc0,
    0x0, 0x0, 0x30, 0x0, 0x7f, 0x80, 0x0, 0x0,
    0x60, 0x0, 0xff, 0x0, 0x0, 0x0, 0xc0, 0x1,
    0xfe, 0x0, 0x0, 0x1, 0x80, 0x3, 0xfc, 0x0,
    0x0, 0x3, 0x0, 0x7, 0xf8, 0x0, 0x0, 0x6,
    0x0, 0xf, 0xf0, 0x0, 0x0, 0xc, 0x0, 0x1f,
    0xe0, 0x0, 0x0, 0x18, 0x0, 0x3f, 0xc0, 0x0,
    0x0, 0x30, 0x0, 0x7f, 0x80, 0x0, 0x0, 0x60,
    0x0, 0xff, 0x0, 0x0, 0x0, 0xc0, 0x1, 0xfe,
    0x0, 0x0, 0x1, 0x80, 0x3, 0xfc, 0x0, 0x0,
    0x3, 0x0, 0x7, 0xf8, 0x0, 0x0, 0x6, 0x0,
    0xf, 0xf0, 0x0, 0x0, 0x18, 0x0, 0x1f, 0xf0,
    0x0, 0x0, 0x30, 0x0, 0x1f, 0xe0, 0x0, 0x0,
    0x60, 0x0, 0x3f, 0xc0, 0x0, 0x0, 0xc0, 0x0,
    0x7f, 0x80, 0x0, 0x3, 0x0, 0x0, 0xff, 0x80,
    0x0, 0x6, 0x0, 0x0, 0xff, 0x80, 0x0, 0x1c,
    0x0, 0x0, 0xff, 0x0, 0x0, 0x70, 0x0, 0x1,
    0xff, 0x0, 0x1, 0xc0, 0x0, 0x1, 0xff, 0x80,
    0x7, 0x0, 0x0, 0x1, 0xff, 0xc0, 0x3c, 0x0,
    0x0, 0x0, 0xff, 0xff, 0xf0, 0x0, 0x0, 0x0,
    0xff, 0xff, 0x80, 0x0, 0x0, 0x0, 0x1f, 0xf8,
    0x0, 0x0,

    /* U+0056 "V" */
    0xff, 0xff, 0xf8, 0x1, 0xff, 0xfe, 0x7f, 0xff,
    0xc0, 0x3, 0xff, 0xf0, 0x3f, 0xfe, 0x0, 0x0,
    0x7f, 0x0, 0x3f, 0xf8, 0x0, 0x0, 0x7c, 0x0,
    0x3f, 0xe0, 0x0, 0x0, 0x70, 0x0, 0x7f, 0xc0,
    0x0, 0x0, 0xe0, 0x0, 0x7f, 0xc0, 0x0, 0x3,
    0x80, 0x0, 0xff, 0x80, 0x0, 0x7, 0x0, 0x1,
    0xff, 0x0, 0x0, 0xe, 0x0, 0x1, 0xfe, 0x0,
    0x0, 0x18, 0x0, 0x3, 0xfe, 0x0, 0x0, 0x70,
    0x0, 0x7, 0xfc, 0x0, 0x0, 0xe0, 0x0, 0x7,
    0xf8, 0x0, 0x1, 0x80, 0x0, 0xf, 0xf8, 0x0,
    0x7, 0x0, 0x0, 0x1f, 0xf0, 0x0, 0xe, 0x0,
    0x0, 0x1f, 0xe0, 0x0, 0x18, 0x0, 0x0, 0x3f,
    0xe0, 0x0, 0x70, 0x0, 0x0, 0x7f, 0xc0, 0x0,
    0xe0, 0x0, 0x0, 0x7f, 0x80, 0x1, 0x80, 0x0,
    0x0, 0xff, 0x80, 0x7, 0x0, 0x0, 0x1, 0xff,
    0x0, 0xc, 0x0, 0x0, 0x1, 0xfe, 0x0, 0x38,
    0x0, 0x0, 0x3, 0xfe, 0x0, 0x70, 0x0, 0x0,
    0x7, 0xfc, 0x0, 0xc0, 0x0, 0x0, 0x7, 0xf8,
    0x3, 0x80, 0x0, 0x0, 0xf, 0xf8, 0x7, 0x0,
    0x0, 0x0, 0x1f, 0xf0, 0xc, 0x0, 0x0, 0x0,
    0x1f, 0xe0, 0x38, 0x0, 0x0, 0x0, 0x3f, 0xc0,
    0x70, 0x0, 0x0, 0x0, 0x7f, 0xc0, 0xc0, 0x0,
    0x0, 0x0, 0x7f, 0x83, 0x80, 0x0, 0x0, 0x0,
    0xff, 0x7, 0x0, 0x0, 0x0, 0x1, 0xff, 0xc,
    0x0, 0x0, 0x0, 0x1, 0xfe, 0x38, 0x0, 0x0,
    0x0, 0x3, 0xfc, 0x70, 0x0, 0x0, 0x0, 0x7,
    0xfc, 0xc0, 0x0, 0x0, 0x0, 0xf, 0xfb, 0x80,
    0x0, 0x0, 0x0, 0xf, 0xf7, 0x0, 0x0, 0x0,
    0x0, 0x1f, 0xfc, 0x0, 0x0, 0x0, 0x0, 0x3f,
    0xf8, 0x0, 0x0, 0x0, 0x0, 0x3f, 0xe0, 0x0,
    0x0, 0x0, 0x0, 0x7f, 0xc0, 0x0, 0x0, 0x0,
    0x0, 0xff, 0x80, 0x0, 0x0, 0x0, 0x0, 0xfe,
    0x0, 0x0, 0x0, 0x0, 0x1, 0xfc, 0x0, 0x0,
    0x0, 0x0, 0x3, 0xf8, 0x0, 0x0, 0x0, 0x0,
    0x3, 0xe0, 0x0, 0x0, 0x0, 0x0, 0x7, 0xc0,
    0x0, 0x0,

    /* U+0057 "W" */
    0xff, 0xff, 0xe0, 0x1, 0xf8, 0x1, 0xff, 0xfe,
    0x7f, 0xfe, 0x0, 0x3, 0xf0, 0x1, 0xff, 0xf0,
    0x3f, 0xf0, 0x0, 0xf, 0xe0, 0x0, 0x7f, 0x80,
    0x7f, 0xe0, 0x0, 0x1f, 0xc0, 0x0, 0x3e, 0x0,
    0x7f, 0xc0, 0x0, 0x3f, 0xc0, 0x0, 0x78, 0x0,
    0xff, 0x80, 0x0, 0xff, 0x80, 0x0, 0xf0, 0x0,
    0xff, 0x0, 0x1, 0xff, 0x0, 0x1, 0xc0, 0x1,
    0xfe, 0x0, 0x3, 0xfe, 0x0, 0x3, 0x80, 0x3,
    0xfc, 0x0, 0x7, 0xfe, 0x0, 0x6, 0x0, 0x7,
    0xfc, 0x0, 0x1f, 0xfc, 0x0, 0xc, 0x0, 0xf,
    0xf8, 0x0, 0x37, 0xf8, 0x0, 0x18, 0x0, 0xf,
    0xf0, 0x0, 0x67, 0xf8, 0x0, 0x70, 0x0, 0x1f,
    0xe0, 0x1, 0xcf, 0xf0, 0x0, 0xc0, 0x0, 0x3f,
    0xe0, 0x3, 0x1f, 0xe0, 0x1, 0x80, 0x0, 0x7f,
    0xc0, 0x6, 0x3f, 0xc0, 0x3, 0x0, 0x0, 0x7f,
    0x80, 0xc, 0x3f, 0xc0, 0xe, 0x0, 0x0, 0xff,
    0x0, 0x38, 0x7f, 0x80, 0x18, 0x0, 0x1, 0xfe,
    0x0, 0x60, 0xff, 0x0, 0x30, 0x0, 0x3, 0xfe,
    0x0, 0xc1, 0xfe, 0x0, 0xe0, 0x0, 0x3, 0xfc,
    0x3, 0x81, 0xfe, 0x1, 0xc0, 0x0, 0x7, 0xf8,
    0x6, 0x3, 0xfc, 0x3, 0x0, 0x0, 0xf, 0xf0,
    0xc, 0x7, 0xf8, 0x6, 0x0, 0x0, 0x1f, 0xf0,
    0x18, 0xf, 0xf0, 0x1c, 0x0, 0x0, 0x1f, 0xe0,
    0x70, 0xf, 0xf0, 0x30, 0x0, 0x0, 0x3f, 0xc0,
    0xc0, 0x1f, 0xe0, 0x60, 0x0, 0x0, 0x7f, 0x81,
    0x80, 0x3f, 0xc0, 0xc0, 0x0, 0x0, 0xff, 0x87,
    0x0, 0x7f, 0x83, 0x80, 0x0, 0x0, 0xff, 0xc,
    0x0, 0x7f, 0x86, 0x0, 0x0, 0x1, 0xfe, 0x18,
    0x0, 0xff, 0xc, 0x0, 0x0, 0x3, 0xfc, 0x30,
    0x1, 0xfe, 0x18, 0x0, 0x0, 0x7, 0xfc, 0xc0,
    0x1, 0xfe, 0x70, 0x0, 0x0, 0xf, 0xf9, 0x80,
    0x3, 0xfc, 0xc0, 0x0, 0x0, 0xf, 0xf3, 0x0,
    0x7, 0xf9, 0x80, 0x0, 0x0, 0x1f, 0xee, 0x0,
    0xf, 0xf3, 0x0, 0x0, 0x0, 0x3f, 0xf8, 0x0,
    0xf, 0xfe, 0x0, 0x0, 0x0, 0x7f, 0xf0, 0x0,
    0x1f, 0xf8, 0x0, 0x0, 0x0, 0x7f, 0xe0, 0x0,
    0x3f, 0xf0, 0x0, 0x0, 0x0, 0xff, 0x80, 0x0,
    0x7f, 0xe0, 0x0, 0x0, 0x1, 0xff, 0x0, 0x0,
    0x7f, 0xc0, 0x0, 0x0, 0x3, 0xfe, 0x0, 0x0,
    0xff, 0x0, 0x0, 0x0, 0x3, 0xfc, 0x0, 0x1,
    0xfe, 0x0, 0x0, 0x0, 0x7, 0xf0, 0x0, 0x3,
    0xfc, 0x0, 0x0, 0x0, 0xf, 0xe0, 0x0, 0x3,
    0xf8, 0x0, 0x0, 0x0, 0x1f, 0xc0, 0x0, 0x7,
    0xe0, 0x0, 0x0, 0x0, 0x1f, 0x0, 0x0, 0xf,
    0xc0, 0x0, 0x0, 0x0, 0x3e, 0x0, 0x0, 0x1f,
    0x80, 0x0, 0x0, 0x0, 0x7c, 0x0, 0x0, 0x1e,
    0x0, 0x0, 0x0,

    /* U+0058 "X" */
    0x7f, 0xff, 0xfc, 0xf, 0xff, 0xf8, 0x7f, 0xff,
    0x80, 0x7, 0xff, 0x0, 0x7f, 0xfc, 0x0, 0xf,
    0xf0, 0x0, 0xff, 0xf0, 0x0, 0x3f, 0x0, 0x1,
    0xff, 0xc0, 0x0, 0xf8, 0x0, 0x3, 0xff, 0x0,
    0x3, 0xc0, 0x0, 0x7, 0xfe, 0x0, 0x1e, 0x0,
    0x0, 0x1f, 0xf8, 0x0, 0x78, 0x0, 0x0, 0x3f,
    0xf0, 0x3, 0xc0, 0x0, 0x0, 0xff, 0xc0, 0xe,
    0x0, 0x0, 0x1, 0xff, 0x80, 0x78, 0x0, 0x0,
    0x3, 0xfe, 0x1, 0xc0, 0x0, 0x0, 0xf, 0xfc,
    0xe, 0x0, 0x0, 0x0, 0x1f, 0xf0, 0x38, 0x0,
    0x0, 0x0, 0x7f, 0xe1, 0xc0, 0x0, 0x0, 0x0,
    0xff, 0x8e, 0x0, 0x0, 0x0, 0x1, 0xff, 0x38,
    0x0, 0x0, 0x0, 0x7, 0xff, 0xc0, 0x0, 0x0,
    0x0, 0xf, 0xfe, 0x0, 0x0, 0x0, 0x0, 0x3f,
    0xf8, 0x0, 0x0, 0x0, 0x0, 0x7f, 0xc0, 0x0,
    0x0, 0x0, 0x0, 0xff, 0x80, 0x0, 0x0, 0x0,
    0x3, 0xfe, 0x0, 0x0, 0x0, 0x0, 0x7, 0xfc,
    0x0, 0x0, 0x0, 0x0, 0x1f, 0xf0, 0x0, 0x0,
    0x0, 0x0, 0x7f, 0xe0, 0x0, 0x0, 0x0, 0x1,
    0xff, 0xc0, 0x0, 0x0, 0x0, 0xf, 0xff, 0x0,
    0x0, 0x0, 0x0, 0x77, 0xfe, 0x0, 0x0, 0x0,
    0x1, 0xcf, 0xf8, 0x0, 0x0, 0x0, 0xe, 0x1f,
    0xf0, 0x0, 0x0, 0x0, 0x70, 0x7f, 0xc0, 0x0,
    0x0, 0x1, 0xc0, 0xff, 0x80, 0x0, 0x0, 0xe,
    0x3, 0xff, 0x0, 0x0, 0x0, 0x70, 0x7, 0xfc,
    0x0, 0x0, 0x1, 0xc0, 0x1f, 0xf8, 0x0, 0x0,
    0xe, 0x0, 0x3f, 0xe0, 0x0, 0x0, 0x70, 0x0,
    0xff, 0xc0, 0x0, 0x3, 0xc0, 0x1, 0xff, 0x80,
    0x0, 0xe, 0x0, 0x7, 0xfe, 0x0, 0x0, 0x78,
    0x0, 0xf, 0xfc, 0x0, 0x3, 0xc0, 0x0, 0x1f,
    0xf0, 0x0, 0x1e, 0x0, 0x0, 0x7f, 0xe0, 0x0,
    0xf8, 0x0, 0x1, 0xff, 0xc0, 0x7, 0xf0, 0x0,
    0x7, 0xff, 0x80, 0xff, 0xf0, 0x0, 0x3f, 0xff,
    0x8f, 0xff, 0xf8, 0x7, 0xff, 0xff, 0xc0,

    /* U+0059 "Y" */
    0xff, 0xff, 0xf0, 0x3, 0xff, 0xfc, 0xff, 0xfe,
    0x0, 0x1, 0xff, 0x80, 0xff, 0xe0, 0x0, 0x1,
    0xf8, 0x1, 0xff, 0x80, 0x0, 0x7, 0xc0, 0x3,
    0xfe, 0x0, 0x0, 0x1e, 0x0, 0x7, 0xfc, 0x0,
    0x0, 0x70, 0x0, 0x1f, 0xf0, 0x0, 0x3, 0xc0,
    0x0, 0x3f, 0xe0, 0x0, 0xe, 0x0, 0x0, 0xff,
    0x80, 0x0, 0x70, 0x0, 0x1, 0xff, 0x0, 0x1,
    0xc0, 0x0, 0x7, 0xfe, 0x0, 0xe, 0x0, 0x0,
    0xf, 0xf8, 0x0, 0x38, 0x0, 0x0, 0x1f, 0xf0,
    0x1, 0xc0, 0x0, 0x0, 0x7f, 0xc0, 0x6, 0x0,
    0x0, 0x0, 0xff, 0x80, 0x38, 0x0, 0x0, 0x3,
    0xfe, 0x0, 0xc0, 0x0, 0x0, 0x7, 0xfc, 0x7,
    0x0, 0x0, 0x0, 0x1f, 0xf0, 0x38, 0x0, 0x0,
    0x0, 0x3f, 0xe0, 0xe0, 0x0, 0x0, 0x0, 0xff,
    0xc7, 0x0, 0x0, 0x0, 0x1, 0xff, 0x1c, 0x0,
    0x0, 0x0, 0x3, 0xfe, 0xe0, 0x0, 0x0, 0x0,
    0xf, 0xfb, 0x80, 0x0, 0x0, 0x0, 0x1f, 0xfc,
    0x0, 0x0, 0x0, 0x0, 0x7f, 0xe0, 0x0, 0x0,
    0x0, 0x0, 0xff, 0x80, 0x0, 0x0, 0x0, 0x3,
    0xfe, 0x0, 0x0, 0x0, 0x0, 0x7, 0xf8, 0x0,
    0x0, 0x0, 0x0, 0x1f, 0xe0, 0x0, 0x0, 0x0,
    0x0, 0x7f, 0x80, 0x0, 0x0, 0x0, 0x1, 0xfe,
    0x0, 0x0, 0x0, 0x0, 0x7, 0xf8, 0x0, 0x0,
    0x0, 0x0, 0x1f, 0xe0, 0x0, 0x0, 0x0, 0x0,
    0x7f, 0x80, 0x0, 0x0, 0x0, 0x1, 0xfe, 0x0,
    0x0, 0x0, 0x0, 0x7, 0xf8, 0x0, 0x0, 0x0,
    0x0, 0x1f, 0xe0, 0x0, 0x0, 0x0, 0x0, 0x7f,
    0x80, 0x0, 0x0, 0x0, 0x1, 0xfe, 0x0, 0x0,
    0x0, 0x0, 0x7, 0xf8, 0x0, 0x0, 0x0, 0x0,
    0x1f, 0xe0, 0x0, 0x0, 0x0, 0x0, 0x7f, 0x80,
    0x0, 0x0, 0x0, 0x3, 0xfe, 0x0, 0x0, 0x0,
    0x0, 0xf, 0xfc, 0x0, 0x0, 0x0, 0x0, 0x7f,
    0xf0, 0x0, 0x0, 0x0, 0x7, 0xff, 0xf0, 0x0,
    0x0, 0x0, 0xff, 0xff, 0xf8, 0x0, 0x0,

    /* U+005A "Z" */
    0x1f, 0xff, 0xff, 0xff, 0xf8, 0xff, 0xc0, 0x0,
    0xff, 0xc7, 0xf8, 0x0, 0xf, 0xfc, 0x3f, 0x80,
    0x0, 0xff, 0xe1, 0xf8, 0x0, 0x7, 0xfe, 0xf,
    0x80, 0x0, 0x7f, 0xe0, 0xf8, 0x0, 0x3, 0xff,
    0x7, 0xc0, 0x0, 0x3f, 0xf0, 0x3c, 0x0, 0x3,
    0xff, 0x1, 0xe0, 0x0, 0x1f, 0xf8, 0xe, 0x0,
    0x1, 0xff, 0x80, 0x70, 0x0, 0xf, 0xfc, 0x3,
    0x80, 0x0, 0xff, 0xc0, 0x18, 0x0, 0x7, 0xfc,
    0x0, 0x0, 0x0, 0x7f, 0xe0, 0x0, 0x0, 0x7,
    0xfe, 0x0, 0x0, 0x0, 0x3f, 0xf0, 0x0, 0x0,
    0x3, 0xff, 0x0, 0x0, 0x0, 0x1f, 0xf0, 0x0,
    0x0, 0x1, 0xff, 0x80, 0x0, 0x0, 0x1f, 0xf8,
    0x0, 0x0, 0x0, 0xff, 0xc0, 0x0, 0x0, 0xf,
    0xfc, 0x0, 0x0, 0x0, 0x7f, 0xc0, 0x0, 0x0,
    0x7, 0xfe, 0x0, 0x0, 0x0, 0x7f, 0xe0, 0x0,
    0x0, 0x3, 0xff, 0x0, 0x0, 0x0, 0x3f, 0xf0,
    0x0, 0x0, 0x1, 0xff, 0x0, 0x0, 0x0, 0x1f,
    0xf8, 0x0, 0x0, 0x1, 0xff, 0x80, 0x0, 0x0,
    0xf, 0xfc, 0x0, 0x0, 0x0, 0xff, 0xc0, 0x0,
    0x0, 0x7, 0xfc, 0x0, 0x0, 0xc0, 0x7f, 0xe0,
    0x0, 0x6, 0x7, 0xfe, 0x0, 0x0, 0x30, 0x3f,
    0xf0, 0x0, 0x3, 0x83, 0xff, 0x0, 0x0, 0x1c,
    0x1f, 0xf0, 0x0, 0x1, 0xe1, 0xff, 0x80, 0x0,
    0xf, 0x1f, 0xf8, 0x0, 0x0, 0xf8, 0xff, 0x80,
    0x0, 0x7, 0xcf, 0xfc, 0x0, 0x0, 0x7e, 0x7f,
    0xc0, 0x0, 0x7, 0xf7, 0xfe, 0x0, 0x0, 0x7f,
    0xff, 0xe0, 0x0, 0xf, 0xff, 0xff, 0xff, 0xff,
    0xff, 0xe0, 0x0, 0x0, 0x0, 0x0,

    /* U+005B "[" */
    0xff, 0xff, 0xfe, 0xf, 0xf0, 0x3f, 0xc0, 0xff,
    0x3, 0xfc, 0xf, 0xf0, 0x3f, 0xc0, 0xff, 0x3,
    0xfc, 0xf, 0xf0, 0x3f, 0xc0, 0xff, 0x3, 0xfc,
    0xf, 0xf0, 0x3f, 0xc0, 0xff, 0x3, 0xfc, 0xf,
    0xf0, 0x3f, 0xc0, 0xff, 0x3, 0xfc, 0xf, 0xf0,
    0x3f, 0xc0, 0xff, 0x3, 0xfc, 0xf, 0xf0, 0x3f,
    0xc0, 0xff, 0x3, 0xfc, 0xf, 0xf0, 0x3f, 0xc0,
    0xff, 0x3, 0xfc, 0xf, 0xf0, 0x3f, 0xc0, 0xff,
    0x3, 0xfc, 0xf, 0xf0, 0x3f, 0xc0, 0xff, 0x3,
    0xfc, 0xf, 0xf0, 0x3f, 0xc0, 0xff, 0x3, 0xfc,
    0xf, 0xf0, 0x3f, 0xc0, 0xff, 0x3, 0xfc, 0xf,
    0xf0, 0x3f, 0xc0, 0xff, 0x3, 0xfc, 0xf, 0xf0,
    0x3f, 0xc0, 0xff, 0x3, 0xfe, 0xf, 0xff, 0xc0,

    /* U+005C "\\" */
    0x7c, 0x0, 0x0, 0x7, 0xe0, 0x0, 0x0, 0x3e,
    0x0, 0x0, 0x3, 0xf0, 0x0, 0x0, 0x1f, 0x0,
    0x0, 0x0, 0xf8, 0x0, 0x0, 0xf, 0x80, 0x0,
    0x0, 0x7c, 0x0, 0x0, 0x7, 0xc0, 0x0, 0x0,
    0x3e, 0x0, 0x0, 0x3, 0xe0, 0x0, 0x0, 0x1f,
    0x0, 0x0, 0x1, 0xf8, 0x0, 0x0, 0xf, 0x80,
    0x0, 0x0, 0xfc, 0x0, 0x0, 0x7, 0xc0, 0x0,
    0x0, 0x3e, 0x0, 0x0, 0x3, 0xe0, 0x0, 0x0,
    0x1f, 0x0, 0x0, 0x1, 0xf0, 0x0, 0x0, 0xf,
    0x80, 0x0, 0x0, 0xf8, 0x0, 0x0, 0x7, 0xc0,
    0x0, 0x0, 0x7e, 0x0, 0x0, 0x3, 0xe0, 0x0,
    0x0, 0x1f, 0x0, 0x0, 0x1, 0xf0, 0x0, 0x0,
    0xf, 0x80, 0x0, 0x0, 0xf8, 0x0, 0x0, 0x7,
    0xc0, 0x0, 0x0, 0x7c, 0x0, 0x0, 0x3, 0xe0,
    0x0, 0x0, 0x3e, 0x0, 0x0, 0x1, 0xf0, 0x0,
    0x0, 0x1f, 0x80, 0x0, 0x0, 0xf8, 0x0, 0x0,
    0x7, 0xc0, 0x0, 0x0, 0x7c, 0x0, 0x0, 0x3,
    0xe0, 0x0, 0x0, 0x3e,

    /* U+005D "]" */
    0xff, 0xfc, 0x1f, 0xf0, 0x3f, 0xc0, 0xff, 0x3,
    0xfc, 0xf, 0xf0, 0x3f, 0xc0, 0xff, 0x3, 0xfc,
    0xf, 0xf0, 0x3f, 0xc0, 0xff, 0x3, 0xfc, 0xf,
    0xf0, 0x3f, 0xc0, 0xff, 0x3, 0xfc, 0xf, 0xf0,
    0x3f, 0xc0, 0xff, 0x3, 0xfc, 0xf, 0xf0, 0x3f,
    0xc0, 0xff, 0x3, 0xfc, 0xf, 0xf0, 0x3f, 0xc0,
    0xff, 0x3, 0xfc, 0xf, 0xf0, 0x3f, 0xc0, 0xff,
    0x3, 0xfc, 0xf, 0xf0, 0x3f, 0xc0, 0xff, 0x3,
    0xfc, 0xf, 0xf0, 0x3f, 0xc0, 0xff, 0x3, 0xfc,
    0xf, 0xf0, 0x3f, 0xc0, 0xff, 0x3, 0xfc, 0xf,
    0xf0, 0x3f, 0xc0, 0xff, 0x3, 0xfc, 0xf, 0xf0,
    0x3f, 0xc0, 0xff, 0x3, 0xfc, 0xf, 0xf0, 0x3f,
    0xc0, 0xff, 0x3, 0xfc, 0x1f, 0xff, 0xff, 0xc0,

    /* U+005E "^" */
    0x3, 0xfe, 0x0, 0x1f, 0xf0, 0x0, 0xff, 0x80,
    0xf, 0xfe, 0x0, 0x7f, 0xf0, 0x3, 0xff, 0x80,
    0x1f, 0x7e, 0x1, 0xfb, 0xf0, 0xf, 0x8f, 0x80,
    0x7c, 0x7c, 0x7, 0xe3, 0xf0, 0x3e, 0xf, 0x81,
    0xf0, 0x7c, 0xf, 0x83, 0xe0, 0xf8, 0xf, 0x87,
    0xc0, 0x7c, 0x3e, 0x3, 0xe1, 0xe0, 0xf, 0x1f,
    0x0, 0x7c, 0xf8, 0x1, 0xe7, 0x80, 0xf, 0x3c,
    0x0, 0x7f, 0xe0, 0x1, 0xfe, 0x0, 0xf,

    /* U+005F "_" */
    0xff, 0xff, 0xff, 0xff, 0xff, 0xff, 0xff, 0xff,
    0xff, 0xff, 0xff, 0xff,

    /* U+0060 "`" */
    0x0, 0x0, 0x0, 0x0, 0x3, 0x80, 0x3, 0xe0,
    0x3, 0xf8, 0x1, 0xfe, 0x0, 0xff, 0x0, 0x7f,
    0xc0, 0x1f, 0xf0, 0x7, 0xf8, 0x0, 0xfe, 0x0,
    0x3f, 0x80, 0xf, 0xc0, 0x1, 0xf0, 0x0, 0x7c,
    0x0, 0x1e, 0x0, 0x7, 0x80, 0x0, 0xc0,

    /* U+0061 "a" */
    0x0, 0xff, 0xc0, 0x0, 0x1f, 0x87, 0xe0, 0x0,
    0xfc, 0xf, 0xc0, 0x7, 0xf0, 0x3f, 0x80, 0x3f,
    0xc0, 0xff, 0x0, 0xff, 0x1, 0xfc, 0x3, 0xfc,
    0x7, 0xf8, 0xf, 0xf8, 0x1f, 0xe0, 0x3f, 0xc0,
    0x7f, 0x80, 0xff, 0x1, 0xfe, 0x1, 0xf8, 0x7,
    0xf8, 0x0, 0x0, 0x1f, 0xe0, 0x0, 0x0, 0x7f,
    0x80, 0x0, 0x1, 0xfe, 0x0, 0x7, 0xff, 0xf8,
    0x0, 0xff, 0xdf, 0xe0, 0xf, 0xf8, 0x7f, 0x80,
    0x7f, 0x81, 0xfe, 0x3, 0xfc, 0x7, 0xf8, 0x1f,
    0xe0, 0x1f, 0xe0, 0x7f, 0x80, 0x7f, 0x83, 0xfc,
    0x1, 0xfe, 0xf, 0xf0, 0x7, 0xf8, 0x3f, 0xc0,
    0x1f, 0xe0, 0xff, 0x0, 0x7f, 0x83, 0xfc, 0x1,
    0xfe, 0xf, 0xf0, 0x7, 0xf8, 0x3f, 0xc0, 0x3f,
    0xe0, 0xff, 0x80, 0xff, 0x81, 0xfe, 0x7, 0xfe,
    0x7, 0xfc, 0x3f, 0xfc, 0xf, 0xff, 0xdf, 0xfe,
    0x1f, 0xfe, 0x7f, 0xf8, 0x1f, 0xc0, 0xfe, 0x0,
    0x0, 0x0, 0x0, 0x0,

    /* U+0062 "b" */
    0x0, 0x38, 0x0, 0x0, 0x0, 0xfe, 0x0, 0x0,
    0x3, 0xff, 0x80, 0x0, 0x3, 0xff, 0xe0, 0x0,
    0x0, 0xff, 0xf8, 0x0, 0x0, 0x7, 0xfe, 0x0,
    0x0, 0x0, 0xff, 0x80, 0x0, 0x0, 0x1f, 0xe0,
    0x0, 0x0, 0x7, 0xf8, 0x0, 0x0, 0x1, 0xfe,
    0x0, 0x0, 0x0, 0x7f, 0x80, 0x0, 0x0, 0x1f,
    0xe0, 0x0, 0x0, 0x7, 0xf8, 0x0, 0x0, 0x1,
    0xfe, 0x0, 0x0, 0x0, 0x7f, 0x83, 0xf0, 0x0,
    0x1f, 0xe3, 0xff, 0x0, 0x7, 0xf9, 0xff, 0xf0,
    0x1, 0xfe, 0xff, 0xfe, 0x0, 0x7f, 0xb8, 0x7f,
    0xc0, 0x1f, 0xfc, 0x7, 0xf8, 0x7, 0xfe, 0x1,
    0xfe, 0x1, 0xff, 0x80, 0x3f, 0xc0, 0x7f, 0xc0,
    0xf, 0xf0, 0x1f, 0xf0, 0x1, 0xfc, 0x7, 0xfc,
    0x0, 0x7f, 0x81, 0xff, 0x0, 0x1f, 0xe0, 0x7f,
    0x80, 0x7, 0xf8, 0x1f, 0xe0, 0x1, 0xfe, 0x7,
    0xf8, 0x0, 0x7f, 0x81, 0xfe, 0x0, 0x1f, 0xe0,
    0x7f, 0x80, 0x7, 0xf8, 0x1f, 0xe0, 0x1, 0xfe,
    0x7, 0xf8, 0x0, 0x7f, 0x81, 0xfe, 0x0, 0x1f,
    0xe0, 0x7f, 0x80, 0x7, 0xf8, 0x1f, 0xe0, 0x1,
    0xfe, 0x7, 0xf8, 0x0, 0x7f, 0x81, 0xfe, 0x0,
    0x1f, 0xe0, 0x7f, 0x80, 0x7, 0xf8, 0x1f, 0xe0,
    0x1, 0xfe, 0x7, 0xf8, 0x0, 0x7f, 0x1, 0xff,
    0x0, 0x1f, 0xc0, 0x7f, 0xc0, 0xf, 0xe0, 0x1f,
    0xf0, 0x3, 0xf8, 0x7, 0xfe, 0x0, 0xfc, 0x1,
    0xff, 0x80, 0x7e, 0x0, 0xf8, 0xf0, 0x3f, 0x0,
    0x3c, 0x1e, 0x1f, 0x0, 0xe, 0x1, 0xff, 0x0,
    0x0,

    /* U+0063 "c" */
    0x0, 0x1f, 0xf0, 0x0, 0x1f, 0x1f, 0xc0, 0xf,
    0xc0, 0xfc, 0x3, 0xf0, 0x1f, 0xc0, 0xfc, 0x3,
    0xfc, 0x3f, 0x80, 0xff, 0x8f, 0xe0, 0x1f, 0xf1,
    0xfc, 0x3, 0xfe, 0x7f, 0x80, 0x7f, 0xcf, 0xf0,
    0x7, 0xf1, 0xfc, 0x0, 0x3c, 0x3f, 0x80, 0x0,
    0xf, 0xf0, 0x0, 0x1, 0xfe, 0x0, 0x0, 0x3f,
    0xc0, 0x0, 0x7, 0xf8, 0x0, 0x0, 0xff, 0x0,
    0x0, 0x1f, 0xe0, 0x0, 0x3, 0xfc, 0x0, 0x0,
    0x7f, 0x80, 0x0, 0xf, 0xf0, 0x0, 0x1, 0xfe,
    0x0, 0x0, 0x3f, 0xc0, 0x0, 0x7, 0xfc, 0x0,
    0x0, 0x7f, 0x80, 0x0, 0xf, 0xf0, 0x0, 0x1,
    0xfe, 0x0, 0x3, 0x9f, 0xe0, 0x0, 0x73, 0xfc,
    0x0, 0x1c, 0x3f, 0xc0, 0x7, 0x3, 0xfc, 0x1,
    0xe0, 0x7f, 0xe0, 0xf8, 0x3, 0xff, 0xfe, 0x0,
    0x3f, 0xff, 0x0, 0x0, 0xff, 0x80, 0x0,

    /* U+0064 "d" */
    0x0, 0x0, 0x0, 0x8, 0x0, 0x0, 0x1, 0xfc,
    0x0, 0x0, 0x1f, 0xfe, 0x0, 0x0, 0x1f, 0xff,
    0x0, 0x0, 0xf, 0xff, 0x80, 0x0, 0x0, 0xff,
    0xc0, 0x0, 0x0, 0x3f, 0xe0, 0x0, 0x0, 0x1f,
    0xf0, 0x0, 0x0, 0x7, 0xf8, 0x0, 0x0, 0x3,
    0xfc, 0x0, 0x0, 0x1, 0xfe, 0x0, 0x0, 0x0,
    0xff, 0x0, 0x0, 0x0, 0x7f, 0x80, 0x0, 0x0,
    0x3f, 0xc0, 0x0, 0x0, 0x1f, 0xe0, 0x0, 0x3f,
    0xf, 0xf0, 0x0, 0xff, 0xe7, 0xf8, 0x1, 0xff,
    0xff, 0xfc, 0x1, 0xfc, 0x3f, 0xfe, 0x1, 0xfc,
    0x7, 0xff, 0x1, 0xfc, 0x1, 0xff, 0x81, 0xfe,
    0x0, 0xff, 0xc0, 0xfe, 0x0, 0x3f, 0xe0, 0xff,
    0x0, 0x1f, 0xf0, 0x7f, 0x80, 0xf, 0xf8, 0x3f,
    0xc0, 0x7, 0xfc, 0x1f, 0xc0, 0x1, 0xfe, 0x1f,
    0xe0, 0x0, 0xff, 0xf, 0xf0, 0x0, 0x7f, 0x87,
    0xf8, 0x0, 0x3f, 0xc3, 0xfc, 0x0, 0x1f, 0xe1,
    0xfe, 0x0, 0xf, 0xf0, 0xff, 0x0, 0x7, 0xf8,
    0x7f, 0x80, 0x3, 0xfc, 0x3f, 0xc0, 0x1, 0xfe,
    0x1f, 0xe0, 0x0, 0xff, 0xf, 0xf0, 0x0, 0x7f,
    0x87, 0xf8, 0x0, 0x3f, 0xc3, 0xfc, 0x0, 0x1f,
    0xe0, 0xfe, 0x0, 0xf, 0xf0, 0x7f, 0x80, 0xf,
    0xf8, 0x3f, 0xc0, 0x7, 0xfc, 0x1f, 0xe0, 0x3,
    0xfe, 0x7, 0xf0, 0x1, 0xff, 0x3, 0xfc, 0x1,
    0xff, 0x80, 0xfe, 0x0, 0xff, 0xc0, 0x3f, 0x80,
    0xff, 0xf0, 0xf, 0xe0, 0xf7, 0xfc, 0x3, 0xff,
    0xf3, 0xff, 0x80, 0x3f, 0xc0, 0x0, 0x0,

    /* U+0065 "e" */
    0x0, 0x3f, 0xc0, 0x0, 0x1f, 0xf, 0x80, 0x7,
    0xe0, 0x7c, 0x0, 0xfc, 0x7, 0xe0, 0x1f, 0xc0,
    0x3f, 0x1, 0xf8, 0x3, 0xf8, 0x3f, 0x80, 0x3f,
    0x83, 0xf8, 0x3, 0xfc, 0x7f, 0x80, 0x1f, 0xc7,
    0xf8, 0x1, 0xfc, 0x7f, 0x80, 0x1f, 0xe7, 0xf8,
    0x1, 0xfe, 0xff, 0x80, 0x1f, 0xef, 0xf8, 0x1,
    0xfe, 0xff, 0x80, 0x1f, 0xef, 0xff, 0xff, 0xfe,
    0xff, 0x0, 0x0, 0xf, 0xf0, 0x0, 0x0, 0xff,
    0x0, 0x0, 0xf, 0xf0, 0x0, 0x0, 0xff, 0x0,
    0x0, 0xf, 0xf0, 0x0, 0x0, 0xff, 0x0, 0x0,
    0xf, 0xf8, 0x0, 0x0, 0x7f, 0x80, 0x0, 0x7,
    0xf8, 0x0, 0x4, 0x7f, 0xc0, 0x0, 0x73, 0xfc,
    0x0, 0xe, 0x3f, 0xe0, 0x1, 0xc1, 0xfe, 0x0,
    0x3c, 0xf, 0xf0, 0x7, 0x80, 0xff, 0xc1, 0xf0,
    0x3, 0xff, 0xfe, 0x0, 0x1f, 0xff, 0x80, 0x0,
    0x3f, 0xe0, 0x0,

    /* U+0066 "f" */
    0x0, 0xf, 0xf8, 0x0, 0x1f, 0x1f, 0x80, 0xf,
    0xc3, 0xf0, 0x7, 0xe0, 0xfe, 0x3, 0xf8, 0x7f,
    0x80, 0xfe, 0x1f, 0xf0, 0x7f, 0x87, 0xf8, 0x1f,
    0xe1, 0xfe, 0x7, 0xf8, 0x3f, 0x1, 0xfe, 0x1,
    0x0, 0x7f, 0x80, 0x0, 0x1f, 0xe0, 0x0, 0x7,
    0xf8, 0x0, 0x1, 0xfe, 0x0, 0x0, 0x7f, 0x80,
    0x3, 0xff, 0xff, 0xe0, 0x7, 0xf8, 0x0, 0x1,
    0xfe, 0x0, 0x0, 0x7f, 0x80, 0x0, 0x1f, 0xe0,
    0x0, 0x7, 0xf8, 0x0, 0x1, 0xfe, 0x0, 0x0,
    0x7f, 0x80, 0x0, 0x1f, 0xe0, 0x0, 0x7, 0xf8,
    0x0, 0x1, 0xfe, 0x0, 0x0, 0x7f, 0x80, 0x0,
    0x1f, 0xe0, 0x0, 0x7, 0xf8, 0x0, 0x1, 0xfe,
    0x0, 0x0, 0x7f, 0x80, 0x0, 0x1f, 0xe0, 0x0,
    0x7, 0xf8, 0x0, 0x1, 0xfe, 0x0, 0x0, 0x7f,
    0x80, 0x0, 0x1f, 0xe0, 0x0, 0x7, 0xf8, 0x0,
    0x1, 0xfe, 0x0, 0x0, 0x7f, 0x80, 0x0, 0x1f,
    0xe0, 0x0, 0x7, 0xf8, 0x0, 0x1, 0xfe, 0x0,
    0x0, 0x7f, 0x80, 0x0, 0x3f, 0xf0, 0x0, 0x1f,
    0xfc, 0x0, 0x3f, 0xff, 0xf0, 0xf, 0xff, 0xfc,
    0x3, 0xff, 0xff, 0x0,

    /* U+0067 "g" */
    0x0, 0x3f, 0xf3, 0xfe, 0x1, 0xf8, 0x7f, 0xfe,
    0x7, 0xe0, 0x3f, 0x9e, 0xf, 0xe0, 0x1f, 0xc6,
    0x1f, 0xc0, 0x1f, 0xc0, 0x3f, 0xc0, 0x1f, 0xe0,
    0x3f, 0x80, 0xf, 0xe0, 0x7f, 0x80, 0xf, 0xf0,
    0x7f, 0x80, 0xf, 0xf0, 0x7f, 0x80, 0xf, 0xf0,
    0x7f, 0x80, 0xf, 0xf0, 0x7f, 0x80, 0xf, 0xf0,
    0x7f, 0x80, 0xf, 0xf0, 0x7f, 0x80, 0xf, 0xf0,
    0x7f, 0x80, 0xf, 0xf0, 0x3f, 0x80, 0xf, 0xe0,
    0x3f, 0xc0, 0x1f, 0xe0, 0x3f, 0xc0, 0x1f, 0xc0,
    0x1f, 0xc0, 0x1f, 0x80, 0xf, 0xe0, 0x3f, 0x0,
    0x3, 0xf0, 0x7e, 0x0, 0x3, 0xff, 0xf0, 0x0,
    0xf, 0x0, 0x0, 0x0, 0x1e, 0x0, 0x0, 0x0,
    0x3c, 0x0, 0x0, 0x0, 0x7c, 0x0, 0x0, 0x0,
    0xfc, 0x0, 0x0, 0x0, 0xff, 0x0, 0x0, 0x0,
    0xff, 0xff, 0xff, 0xc0, 0xff, 0xff, 0xff, 0xf0,
    0xff, 0xff, 0xff, 0xf8, 0x7f, 0xff, 0xff, 0xfc,
    0x3f, 0xff, 0xff, 0xfc, 0xf, 0xff, 0xff, 0xfe,
    0x7, 0xff, 0xff, 0xfe, 0x1e, 0x0, 0x7, 0xfe,
    0x7e, 0x0, 0x1, 0xfe, 0x7c, 0x0, 0x0, 0x7e,
    0xfc, 0x0, 0x0, 0x7e, 0xfc, 0x0, 0x0, 0x7c,
    0xfc, 0x0, 0x0, 0x7c, 0xfc, 0x0, 0x0, 0x78,
    0x7e, 0x0, 0x0, 0xf8, 0x7e, 0x0, 0x0, 0xf0,
    0x3f, 0x80, 0x3, 0xc0, 0xf, 0xe0, 0xf, 0x0,
    0x0, 0xff, 0xf8, 0x0,

    /* U+0068 "h" */
    0x0, 0x0, 0x0, 0x0, 0x0, 0x3c, 0x0, 0x0,
    0x0, 0xff, 0x0, 0x0, 0x3, 0xff, 0xc0, 0x0,
    0x0, 0xff, 0xf0, 0x0, 0x0, 0xf, 0xfc, 0x0,
    0x0, 0x1, 0xff, 0x0, 0x0, 0x0, 0x3f, 0xc0,
    0x0, 0x0, 0xf, 0xf0, 0x0, 0x0, 0x3, 0xfc,
    0x0, 0x0, 0x0, 0xff, 0x0, 0x0, 0x0, 0x3f,
    0xc0, 0x0, 0x0, 0xf, 0xf0, 0x0, 0x0, 0x3,
    0xfc, 0x0, 0x0, 0x0, 0xff, 0x0, 0x0, 0x0,
    0x3f, 0xc0, 0xfc, 0x0, 0xf, 0xf0, 0xff, 0xc0,
    0x3, 0xfc, 0x7f, 0xf8, 0x0, 0xff, 0x3f, 0xfe,
    0x0, 0x3f, 0xdf, 0xff, 0xc0, 0xf, 0xff, 0x1f,
    0xf0, 0x3, 0xff, 0x83, 0xfe, 0x0, 0xff, 0xc0,
    0xff, 0x80, 0x3f, 0xe0, 0x1f, 0xe0, 0xf, 0xf8,
    0x7, 0xf8, 0x3, 0xfe, 0x1, 0xfe, 0x0, 0xff,
    0x0, 0x7f, 0x80, 0x3f, 0xc0, 0x1f, 0xe0, 0xf,
    0xf0, 0x7, 0xf8, 0x3, 0xfc, 0x1, 0xfe, 0x0,
    0xff, 0x0, 0x7f, 0x80, 0x3f, 0xc0, 0x1f, 0xe0,
    0xf, 0xf0, 0x7, 0xf8, 0x3, 0xfc, 0x1, 0xfe,
    0x0, 0xff, 0x0, 0x7f, 0x80, 0x3f, 0xc0, 0x1f,
    0xe0, 0xf, 0xf0, 0x7, 0xf8, 0x3, 0xfc, 0x1,
    0xfe, 0x0, 0xff, 0x0, 0x7f, 0x80, 0x3f, 0xc0,
    0x1f, 0xe0, 0xf, 0xf0, 0x7, 0xf8, 0x3, 0xfc,
    0x1, 0xfe, 0x0, 0xff, 0x0, 0x7f, 0x80, 0x3f,
    0xc0, 0x1f, 0xe0, 0xf, 0xf0, 0x7, 0xf8, 0x7,
    0xfe, 0x1, 0xff, 0x1, 0xff, 0x80, 0xff, 0xc0,
    0xff, 0xf8, 0x7f, 0xfc, 0xff, 0xff, 0x3f, 0xff,
    0xc0,

    /* U+0069 "i" */
    0x3, 0xe0, 0x1, 0xfc, 0x0, 0xff, 0x80, 0x3f,
    0xe0, 0xf, 0xf8, 0x3, 0xfe, 0x0, 0xff, 0x80,
    0x1f, 0xc0, 0x3, 0xe0, 0x0, 0x0, 0x0, 0x0,
    0x0, 0x0, 0x0, 0x0, 0x0, 0x0, 0x0, 0x0,
    0x0, 0x0, 0x1, 0xe0, 0xf, 0xf8, 0x3f, 0xfe,
    0xf, 0xff, 0x80, 0x7f, 0xe0, 0xf, 0xf8, 0x1,
    0xfe, 0x0, 0x7f, 0x80, 0x1f, 0xe0, 0x7, 0xf8,
    0x1, 0xfe, 0x0, 0x7f, 0x80, 0x1f, 0xe0, 0x7,
    0xf8, 0x1, 0xfe, 0x0, 0x7f, 0x80, 0x1f, 0xe0,
    0x7, 0xf8, 0x1, 0xfe, 0x0, 0x7f, 0x80, 0x1f,
    0xe0, 0x7, 0xf8, 0x1, 0xfe, 0x0, 0x7f, 0x80,
    0x1f, 0xe0, 0x7, 0xf8, 0x1, 0xfe, 0x0, 0x7f,
    0x80, 0x1f, 0xe0, 0xf, 0xfc, 0x3, 0xff, 0x7,
    0xff, 0xfb, 0xff, 0xff, 0xff, 0xff, 0xc0,

    /* U+006A "j" */
    0x0, 0x1, 0x0, 0x0, 0xfe, 0x0, 0xf, 0xe0,
    0x1, 0xff, 0x0, 0x1f, 0xf0, 0x1, 0xff, 0x0,
    0x1f, 0xf0, 0x1, 0xfe, 0x0, 0xf, 0xe0, 0x0,
    0x0, 0x0, 0x0, 0x0, 0x0, 0x0, 0x0, 0x0,
    0x0, 0x0, 0x0, 0x0, 0x0, 0x0, 0x0, 0x1,
    0x0, 0x3, 0xf0, 0x3, 0xff, 0x1, 0xff, 0xf0,
    0x1f, 0xff, 0x0, 0x3f, 0xf0, 0x1, 0xff, 0x0,
    0xf, 0xf0, 0x0, 0xff, 0x0, 0xf, 0xf0, 0x0,
    0xff, 0x0, 0xf, 0xf0, 0x0, 0xff, 0x0, 0xf,
    0xf0, 0x0, 0xff, 0x0, 0xf, 0xf0, 0x0, 0xff,
    0x0, 0xf, 0xf0, 0x0, 0xff, 0x0, 0xf, 0xf0,
    0x0, 0xff, 0x0, 0xf, 0xf0, 0x0, 0xff, 0x0,
    0xf, 0xf0, 0x0, 0xff, 0x0, 0xf, 0xf0, 0x0,
    0xff, 0x0, 0xf, 0xf0, 0x0, 0xff, 0x0, 0xf,
    0xf0, 0x0, 0xff, 0x0, 0xf, 0xf0, 0x0, 0xff,
    0x0, 0xf, 0xf0, 0x0, 0xff, 0x0, 0xf, 0xf0,
    0x0, 0xff, 0x0, 0xf, 0xf0, 0x0, 0xff, 0x1e,
    0xf, 0xf7, 0xf0, 0xfe, 0x7f, 0x8f, 0xe7, 0xf8,
    0xfe, 0x7f, 0x8f, 0xc7, 0xf8, 0xf8, 0x7f, 0x1f,
    0x3, 0xf9, 0xe0, 0xf, 0xf0, 0x0,

    /* U+006B "k" */
    0x0, 0x0, 0x0, 0x0, 0x0, 0x1e, 0x0, 0x0,
    0x0, 0xff, 0x80, 0x0, 0x3, 0xff, 0xe0, 0x0,
    0x0, 0xff, 0xf8, 0x0, 0x0, 0x7, 0xfe, 0x0,
    0x0, 0x0, 0xff, 0x80, 0x0, 0x0, 0x3f, 0xe0,
    0x0, 0x0, 0x7, 0xf8, 0x0, 0x0, 0x1, 0xfe,
    0x0, 0x0, 0x0, 0x7f, 0x80, 0x0, 0x0, 0x1f,
    0xe0, 0x0, 0x0, 0x7, 0xf8, 0x0, 0x0, 0x1,
    0xfe, 0x0, 0x0, 0x0, 0x7f, 0x80, 0x0, 0x0,
    0x1f, 0xe0, 0x0, 0x0, 0x7, 0xf8, 0x7f, 0xff,
    0x1, 0xfe, 0x3, 0xff, 0x0, 0x7f, 0x80, 0xfc,
    0x0, 0x1f, 0xe0, 0x3e, 0x0, 0x7, 0xf8, 0xf,
    0x0, 0x1, 0xfe, 0x7, 0x80, 0x0, 0x7f, 0x81,
    0xc0, 0x0, 0x1f, 0xe0, 0xe0, 0x0, 0x7, 0xf8,
    0x38, 0x0, 0x1, 0xfe, 0x1c, 0x0, 0x0, 0x7f,
    0x87, 0x0, 0x0, 0x1f, 0xe3, 0xc0, 0x0, 0x7,
    0xf9, 0xf8, 0x0, 0x1, 0xfe, 0x7e, 0x0, 0x0,
    0x7f, 0xbf, 0xc0, 0x0, 0x1f, 0xff, 0xf0, 0x0,
    0x7, 0xff, 0xfe, 0x0, 0x1, 0xff, 0xff, 0x80,
    0x0, 0x7f, 0xdf, 0xf0, 0x0, 0x1f, 0xf3, 0xfc,
    0x0, 0x7, 0xf8, 0xff, 0x80, 0x1, 0xfe, 0x1f,
    0xe0, 0x0, 0x7f, 0x87, 0xfc, 0x0, 0x1f, 0xe0,
    0xff, 0x0, 0x7, 0xf8, 0x3f, 0xe0, 0x1, 0xfe,
    0x7, 0xf8, 0x0, 0x7f, 0x81, 0xff, 0x0, 0x1f,
    0xe0, 0x3f, 0xc0, 0x7, 0xf8, 0xf, 0xf8, 0x3,
    0xfe, 0x1, 0xff, 0x0, 0xff, 0xc0, 0x7f, 0xe0,
    0xff, 0xfc, 0xf, 0xfe, 0xff, 0xff, 0x83, 0xff,
    0xc0,

    /* U+006C "l" */
    0x0, 0x0, 0x0, 0x78, 0x3, 0xfc, 0xf, 0xfe,
    0xf, 0xff, 0x7, 0xff, 0x80, 0x7f, 0xc0, 0x3f,
    0xe0, 0xf, 0xf0, 0x7, 0xf8, 0x3, 0xfc, 0x1,
    0xfe, 0x0, 0xff, 0x0, 0x7f, 0x80, 0x3f, 0xc0,
    0x1f, 0xe0, 0xf, 0xf0, 0x7, 0xf8, 0x3, 0xfc,
    0x1, 0xfe, 0x0, 0xff, 0x0, 0x7f, 0x80, 0x3f,
    0xc0, 0x1f, 0xe0, 0xf, 0xf0, 0x7, 0xf8, 0x3,
    0xfc, 0x1, 0xfe, 0x0, 0xff, 0x0, 0x7f, 0x80,
    0x3f, 0xc0, 0x1f, 0xe0, 0xf, 0xf0, 0x7, 0xf8,
    0x3, 0xfc, 0x1, 0xfe, 0x0, 0xff, 0x0, 0x7f,
    0x80, 0x3f, 0xc0, 0x1f, 0xe0, 0xf, 0xf0, 0x7,
    0xf8, 0x3, 0xfc, 0x1, 0xfe, 0x1, 0xff, 0x0,
    0xff, 0xc0, 0xff, 0xf1, 0xff, 0xff,

    /* U+006D "m" */
    0x0, 0x38, 0xf, 0xe0, 0x0, 0xff, 0x0, 0x0,
    0xff, 0x7, 0xff, 0x0, 0x7f, 0xf8, 0x3, 0xff,
    0xe1, 0xff, 0xf0, 0x1f, 0xff, 0x80, 0x7f, 0xfc,
    0xff, 0xff, 0xf, 0xf, 0xf8, 0xf, 0xff, 0x9e,
    0x3f, 0xe3, 0x80, 0xff, 0x80, 0x3f, 0xf7, 0x3,
    0xfe, 0x60, 0xf, 0xf0, 0x3, 0xff, 0xc0, 0x3f,
    0xd8, 0x1, 0xfe, 0x0, 0x3f, 0xf0, 0x7, 0xff,
    0x0, 0x1f, 0xe0, 0x7, 0xfe, 0x0, 0x7f, 0xc0,
    0x3, 0xfc, 0x0, 0xff, 0x80, 0xf, 0xf8, 0x0,
    0x7f, 0x80, 0x1f, 0xf0, 0x1, 0xff, 0x0, 0xf,
    0xf0, 0x3, 0xfe, 0x0, 0x3f, 0xc0, 0x1, 0xfe,
    0x0, 0x7f, 0x80, 0x7, 0xf8, 0x0, 0x3f, 0xc0,
    0xf, 0xf0, 0x0, 0xff, 0x0, 0x7, 0xf8, 0x1,
    0xfe, 0x0, 0x1f, 0xe0, 0x0, 0xff, 0x0, 0x3f,
    0xc0, 0x3, 0xfc, 0x0, 0x1f, 0xe0, 0x7, 0xf8,
    0x0, 0x7f, 0x80, 0x3, 0xfc, 0x0, 0xff, 0x0,
    0xf, 0xf0, 0x0, 0x7f, 0x80, 0x1f, 0xe0, 0x1,
    0xfe, 0x0, 0xf, 0xf0, 0x3, 0xfc, 0x0, 0x3f,
    0xc0, 0x1, 0xfe, 0x0, 0x7f, 0x80, 0x7, 0xf8,
    0x0, 0x3f, 0xc0, 0xf, 0xf0, 0x0, 0xff, 0x0,
    0x7, 0xf8, 0x1, 0xfe, 0x0, 0x1f, 0xe0, 0x0,
    0xff, 0x0, 0x3f, 0xc0, 0x3, 0xfc, 0x0, 0x1f,
    0xe0, 0x7, 0xf8, 0x0, 0x7f, 0x80, 0x3, 0xfc,
    0x0, 0xff, 0x0, 0xf, 0xf0, 0x0, 0x7f, 0x80,
    0x1f, 0xe0, 0x1, 0xfe, 0x0, 0xf, 0xf0, 0x3,
    0xfc, 0x0, 0x3f, 0xc0, 0x1, 0xfe, 0x0, 0x7f,
    0x80, 0x7, 0xf8, 0x0, 0x3f, 0xc0, 0xf, 0xf0,
    0x0, 0xff, 0x0, 0x7, 0xf8, 0x3, 0xff, 0x0,
    0x3f, 0xf0, 0x1, 0xff, 0x0, 0x7f, 0xe0, 0x7,
    0xfe, 0x0, 0x3f, 0xf0, 0x1f, 0xfe, 0x1, 0xff,
    0xf0, 0x1f, 0xff, 0x1f, 0xff, 0xf9, 0xff, 0xff,
    0x8f, 0xff, 0xfc,

    /* U+006E "n" */
    0x0, 0x0, 0x0, 0x0, 0x0, 0xf, 0x3, 0xf8,
    0x0, 0x1f, 0xf0, 0xff, 0xe0, 0xf, 0xff, 0x1f,
    0xff, 0x80, 0xff, 0xf3, 0x87, 0xf8, 0x1, 0xff,
    0x70, 0x3f, 0xc0, 0x1f, 0xfe, 0x3, 0xfc, 0x0,
    0xff, 0xc0, 0x3f, 0xe0, 0xf, 0xf8, 0x1, 0xfe,
    0x0, 0xff, 0x80, 0x1f, 0xe0, 0xf, 0xf8, 0x1,
    0xfe, 0x0, 0xff, 0x80, 0x1f, 0xe0, 0xf, 0xf0,
    0x1, 0xfe, 0x0, 0xff, 0x0, 0x1f, 0xe0, 0xf,
    0xf0, 0x1, 0xfe, 0x0, 0xff, 0x0, 0x1f, 0xe0,
    0xf, 0xf0, 0x1, 0xfe, 0x0, 0xff, 0x0, 0x1f,
    0xe0, 0xf, 0xf0, 0x1, 0xfe, 0x0, 0xff, 0x0,
    0x1f, 0xe0, 0xf, 0xf0, 0x1, 0xfe, 0x0, 0xff,
    0x0, 0x1f, 0xe0, 0xf, 0xf0, 0x1, 0xfe, 0x0,
    0xff, 0x0, 0x1f, 0xe0, 0xf, 0xf0, 0x1, 0xfe,
    0x0, 0xff, 0x0, 0x1f, 0xe0, 0xf, 0xf0, 0x1,
    0xfe, 0x0, 0xff, 0x0, 0x1f, 0xe0, 0xf, 0xf0,
    0x1, 0xfe, 0x0, 0xff, 0x0, 0x1f, 0xe0, 0xf,
    0xf0, 0x1, 0xfe, 0x0, 0xff, 0x80, 0x3f, 0xe0,
    0x1f, 0xf8, 0x3, 0xff, 0x3, 0xff, 0xc0, 0xff,
    0xf8, 0xff, 0xff, 0x3f, 0xff, 0xf0,

    /* U+006F "o" */
    0x0, 0x1f, 0xf8, 0x0, 0x0, 0xf8, 0x3f, 0x0,
    0x3, 0xf0, 0xf, 0xc0, 0x7, 0xe0, 0x7, 0xe0,
    0xf, 0xc0, 0x3, 0xf0, 0x1f, 0xc0, 0x3, 0xf8,
    0x3f, 0x80, 0x1, 0xfc, 0x3f, 0x80, 0x1, 0xfc,
    0x7f, 0x80, 0x1, 0xfe, 0x7f, 0x80, 0x1, 0xfe,
    0x7f, 0x0, 0x0, 0xfe, 0x7f, 0x0, 0x0, 0xfe,
    0xff, 0x0, 0x0, 0xff, 0xff, 0x0, 0x0, 0xff,
    0xff, 0x0, 0x0, 0xff, 0xff, 0x0, 0x0, 0xff,
    0xff, 0x0, 0x0, 0xff, 0xff, 0x0, 0x0, 0xff,
    0xff, 0x0, 0x0, 0xff, 0xff, 0x0, 0x0, 0xff,
    0xff, 0x0, 0x0, 0xff, 0xff, 0x0, 0x0, 0xff,
    0xff, 0x0, 0x0, 0xfe, 0x7f, 0x0, 0x0, 0xfe,
    0x7f, 0x80, 0x1, 0xfe, 0x7f, 0x80, 0x1, 0xfe,
    0x3f, 0x80, 0x1, 0xfc, 0x3f, 0x80, 0x1, 0xfc,
    0x1f, 0xc0, 0x3, 0xf8, 0xf, 0xc0, 0x3, 0xf0,
    0x7, 0xe0, 0x7, 0xe0, 0x3, 0xf0, 0xf, 0xc0,
    0x0, 0xf8, 0x3f, 0x0, 0x0, 0x1f, 0xf8, 0x0,

    /* U+0070 "p" */
    0x0, 0x18, 0x3f, 0x0, 0x0, 0xfe, 0x3f, 0xf8,
    0x7, 0xff, 0x9f, 0xff, 0x83, 0xff, 0xef, 0x1f,
    0xf0, 0xff, 0xff, 0x1, 0xfe, 0x7, 0xff, 0x80,
    0x3f, 0x80, 0xff, 0xe0, 0xf, 0xf0, 0x1f, 0xf0,
    0x1, 0xfc, 0x7, 0xfc, 0x0, 0x7f, 0x81, 0xff,
    0x0, 0x1f, 0xe0, 0x7f, 0xc0, 0x7, 0xf8, 0x1f,
    0xe0, 0x0, 0xff, 0x7, 0xf8, 0x0, 0x3f, 0xc1,
    0xfe, 0x0, 0xf, 0xf0, 0x7f, 0x80, 0x3, 0xfc,
    0x1f, 0xe0, 0x0, 0xff, 0x7, 0xf8, 0x0, 0x3f,
    0xc1, 0xfe, 0x0, 0xf, 0xf0, 0x7f, 0x80, 0x3,
    0xfc, 0x1f, 0xe0, 0x0, 0xff, 0x7, 0xf8, 0x0,
    0x3f, 0xc1, 0xfe, 0x0, 0xf, 0xf0, 0x7f, 0x80,
    0x3, 0xfc, 0x1f, 0xe0, 0x0, 0xfe, 0x7, 0xf8,
    0x0, 0x3f, 0x81, 0xfe, 0x0, 0x1f, 0xe0, 0x7f,
    0xc0, 0x7, 0xf0, 0x1f, 0xf0, 0x1, 0xfc, 0x7,
    0xfc, 0x0, 0x7e, 0x1, 0xff, 0x80, 0x3f, 0x80,
    0x7f, 0xe0, 0xf, 0xc0, 0x1f, 0xfc, 0x7, 0xe0,
    0x7, 0xff, 0x83, 0xe0, 0x1, 0xfe, 0x7f, 0xc0,
    0x0, 0x7f, 0x80, 0x0, 0x0, 0x1f, 0xe0, 0x0,
    0x0, 0x7, 0xf8, 0x0, 0x0, 0x1, 0xfe, 0x0,
    0x0, 0x0, 0x7f, 0x80, 0x0, 0x0, 0x1f, 0xe0,
    0x0, 0x0, 0x7, 0xf8, 0x0, 0x0, 0x1, 0xfe,
    0x0, 0x0, 0x0, 0x7f, 0x80, 0x0, 0x0, 0x1f,
    0xe0, 0x0, 0x0, 0xf, 0xf8, 0x0, 0x0, 0x3,
    0xff, 0x0, 0x0, 0x3, 0xff, 0xe0, 0x0, 0x3,
    0xff, 0xfe, 0x0, 0x0,

    /* U+0071 "q" */
    0x0, 0x0, 0x0, 0x10, 0x0, 0x1f, 0xf0, 0xe,
    0x0, 0x1f, 0x7, 0x87, 0x80, 0x1f, 0x80, 0xfb,
    0xe0, 0xf, 0xc0, 0x1f, 0xf8, 0x7, 0xf0, 0x7,
    0xfe, 0x1, 0xf8, 0x0, 0xff, 0x80, 0xfe, 0x0,
    0x3f, 0xe0, 0x3f, 0x80, 0xf, 0xf8, 0x1f, 0xe0,
    0x3, 0xfe, 0x7, 0xf0, 0x0, 0x7f, 0x81, 0xfc,
    0x0, 0x1f, 0xe0, 0xff, 0x0, 0x7, 0xf8, 0x3f,
    0xc0, 0x1, 0xfe, 0xf, 0xf0, 0x0, 0x7f, 0x83,
    0xfc, 0x0, 0x1f, 0xe0, 0xff, 0x0, 0x7, 0xf8,
    0x3f, 0xc0, 0x1, 0xfe, 0xf, 0xf0, 0x0, 0x7f,
    0x83, 0xfc, 0x0, 0x1f, 0xe0, 0xff, 0x0, 0x7,
    0xf8, 0x3f, 0xc0, 0x1, 0xfe, 0xf, 0xf0, 0x0,
    0x7f, 0x83, 0xfc, 0x0, 0x1f, 0xe0, 0x7f, 0x0,
    0xf, 0xf8, 0x1f, 0xe0, 0x3, 0xfe, 0x7, 0xf8,
    0x0, 0xff, 0x81, 0xfe, 0x0, 0x3f, 0xe0, 0x3f,
    0xc0, 0x1f, 0xf8, 0xf, 0xf0, 0x7, 0xfe, 0x1,
    0xfe, 0x3, 0xff, 0x80, 0x3f, 0xc3, 0xff, 0xe0,
    0x7, 0xff, 0xf7, 0xf8, 0x0, 0xff, 0xf9, 0xfe,
    0x0, 0x7, 0xf0, 0x7f, 0x80, 0x0, 0x0, 0x1f,
    0xe0, 0x0, 0x0, 0x7, 0xf8, 0x0, 0x0, 0x1,
    0xfe, 0x0, 0x0, 0x0, 0x7f, 0x80, 0x0, 0x0,
    0x1f, 0xe0, 0x0, 0x0, 0x7, 0xf8, 0x0, 0x0,
    0x1, 0xfe, 0x0, 0x0, 0x0, 0x7f, 0x80, 0x0,
    0x0, 0x1f, 0xe0, 0x0, 0x0, 0xf, 0xfc, 0x0,
    0x0, 0x3, 0xff, 0x0, 0x0, 0x7, 0xff, 0xf0,
    0x0, 0x3, 0xff, 0xff,

    /* U+0072 "r" */
    0x0, 0x38, 0x3c, 0x7, 0xf8, 0xfe, 0xff, 0xf9,
    0xff, 0xff, 0xfb, 0xff, 0x7f, 0xfb, 0xff, 0x1f,
    0xff, 0xff, 0xf, 0xfe, 0xff, 0xf, 0xfc, 0xff,
    0xf, 0xf8, 0x7e, 0xf, 0xf8, 0x3c, 0xf, 0xf8,
    0x0, 0xf, 0xf0, 0x0, 0xf, 0xf0, 0x0, 0xf,
    0xf0, 0x0, 0xf, 0xf0, 0x0, 0xf, 0xf0, 0x0,
    0xf, 0xf0, 0x0, 0xf, 0xf0, 0x0, 0xf, 0xf0,
    0x0, 0xf, 0xf0, 0x0, 0xf, 0xf0, 0x0, 0xf,
    0xf0, 0x0, 0xf, 0xf0, 0x0, 0xf, 0xf0, 0x0,
    0xf, 0xf0, 0x0, 0xf, 0xf0, 0x0, 0xf, 0xf0,
    0x0, 0xf, 0xf0, 0x0, 0xf, 0xf0, 0x0, 0xf,
    0xf0, 0x0, 0xf, 0xf8, 0x0, 0x1f, 0xf8, 0x0,
    0x3f, 0xfe, 0x0, 0xff, 0xff, 0x80,

    /* U+0073 "s" */
    0x3, 0xff, 0xe0, 0x78, 0x3f, 0x7, 0x80, 0xf8,
    0x78, 0x3, 0xc7, 0xc0, 0x1e, 0x3e, 0x0, 0x73,
    0xf0, 0x3, 0x9f, 0x80, 0xc, 0xfe, 0x0, 0x67,
    0xf8, 0x0, 0x3f, 0xe0, 0x1, 0xff, 0x80, 0xf,
    0xff, 0x0, 0x3f, 0xfe, 0x1, 0xff, 0xfc, 0xf,
    0xff, 0xf0, 0x3f, 0xff, 0xc0, 0xff, 0xff, 0x3,
    0xff, 0xfc, 0xf, 0xff, 0xe0, 0x1f, 0xff, 0x80,
    0x3f, 0xfc, 0x0, 0xff, 0xe0, 0x3, 0xff, 0xc0,
    0xf, 0xfe, 0x0, 0x3f, 0xf0, 0x0, 0xff, 0xc0,
    0x7, 0xfe, 0x0, 0x3f, 0x78, 0x1, 0xfb, 0xc0,
    0xf, 0x9f, 0x0, 0xf8, 0xfc, 0xf, 0x84, 0x7f,
    0xe0, 0x0,

    /* U+0074 "t" */
    0x0, 0xe0, 0x0, 0x7, 0x0, 0x0, 0x38, 0x0,
    0x1, 0xc0, 0x0, 0x1e, 0x0, 0x0, 0xf0, 0x0,
    0x7, 0x80, 0x0, 0x7c, 0x0, 0x7, 0xe0, 0x0,
    0x3f, 0x0, 0x7, 0xf8, 0x1, 0xff, 0xff, 0xc1,
    0xfe, 0x0, 0xf, 0xf0, 0x0, 0x7f, 0x80, 0x3,
    0xfc, 0x0, 0x1f, 0xe0, 0x0, 0xff, 0x0, 0x7,
    0xf8, 0x0, 0x3f, 0xc0, 0x1, 0xfe, 0x0, 0xf,
    0xf0, 0x0, 0x7f, 0x80, 0x3, 0xfc, 0x0, 0x1f,
    0xe0, 0x0, 0xff, 0x0, 0x7, 0xf8, 0x0, 0x3f,
    0xc0, 0x1, 0xfe, 0x0, 0xf, 0xf0, 0x0, 0x7f,
    0x80, 0x3, 0xfc, 0x0, 0x1f, 0xe0, 0x0, 0xff,
    0x0, 0x7, 0xf8, 0x0, 0x3f, 0xc0, 0x1, 0xfe,
    0x0, 0xf, 0xf0, 0x0, 0x7f, 0xc0, 0x3, 0xfe,
    0x0, 0xf, 0xf8, 0x70, 0x7f, 0xff, 0xc1, 0xff,
    0xf8, 0x7, 0xff, 0x80, 0xf, 0xe0, 0x0,

    /* U+0075 "u" */
    0x0, 0x70, 0x0, 0x7, 0x3, 0xfe, 0x0, 0x3f,
    0xe3, 0xff, 0xc0, 0x7f, 0xf8, 0x7f, 0xf8, 0xf,
    0xff, 0x3, 0xff, 0x0, 0x7f, 0xe0, 0x3f, 0xe0,
    0x7, 0xfc, 0x3, 0xfc, 0x0, 0x7f, 0x80, 0x7f,
    0x80, 0xf, 0xf0, 0xf, 0xf0, 0x1, 0xfe, 0x1,
    0xfe, 0x0, 0x3f, 0xc0, 0x3f, 0xc0, 0x7, 0xf8,
    0x7, 0xf8, 0x0, 0xff, 0x0, 0xff, 0x0, 0x1f,
    0xe0, 0x1f, 0xe0, 0x3, 0xfc, 0x3, 0xfc, 0x0,
    0x7f, 0x80, 0x7f, 0x80, 0xf, 0xf0, 0xf, 0xf0,
    0x1, 0xfe, 0x1, 0xfe, 0x0, 0x3f, 0xc0, 0x3f,
    0xc0, 0x7, 0xf8, 0x7, 0xf8, 0x0, 0xff, 0x0,
    0xff, 0x0, 0x1f, 0xe0, 0x1f, 0xe0, 0x3, 0xfc,
    0x3, 0xfc, 0x0, 0x7f, 0x80, 0x7f, 0x80, 0xf,
    0xf0, 0xf, 0xf0, 0x1, 0xfe, 0x1, 0xfe, 0x0,
    0x7f, 0xc0, 0x3f, 0xc0, 0xf, 0xf8, 0x7, 0xf8,
    0x1, 0xff, 0x0, 0xff, 0x80, 0x7f, 0xe0, 0xf,
    0xf0, 0x1f, 0xfc, 0x1, 0xff, 0x87, 0x7f, 0xc0,
    0x1f, 0xff, 0xef, 0xfc, 0x3, 0xff, 0xf8, 0xff,
    0xe0, 0x3f, 0xfc, 0x0, 0x0, 0x1, 0xfe, 0x0,
    0x0, 0x0,

    /* U+0076 "v" */
    0xff, 0xff, 0x8f, 0xff, 0x3f, 0xfc, 0x1, 0xfe,
    0x1f, 0xf8, 0x0, 0xf8, 0xf, 0xf8, 0x0, 0xf0,
    0xf, 0xf8, 0x0, 0xe0, 0x7, 0xfc, 0x1, 0xc0,
    0x7, 0xfc, 0x1, 0xc0, 0x7, 0xfc, 0x1, 0x80,
    0x3, 0xfc, 0x1, 0x80, 0x3, 0xfe, 0x3, 0x80,
    0x3, 0xfe, 0x3, 0x0, 0x1, 0xfe, 0x3, 0x0,
    0x1, 0xff, 0x3, 0x0, 0x1, 0xff, 0x7, 0x0,
    0x0, 0xff, 0x6, 0x0, 0x0, 0xff, 0x6, 0x0,
    0x0, 0xff, 0x8e, 0x0, 0x0, 0x7f, 0x8c, 0x0,
    0x0, 0x7f, 0x8c, 0x0, 0x0, 0x7f, 0xcc, 0x0,
    0x0, 0x3f, 0xdc, 0x0, 0x0, 0x3f, 0xd8, 0x0,
    0x0, 0x3f, 0xd8, 0x0, 0x0, 0x1f, 0xf8, 0x0,
    0x0, 0x1f, 0xf0, 0x0, 0x0, 0x1f, 0xf0, 0x0,
    0x0, 0xf, 0xf0, 0x0, 0x0, 0xf, 0xe0, 0x0,
    0x0, 0xf, 0xe0, 0x0, 0x0, 0x7, 0xe0, 0x0,
    0x0, 0x7, 0xe0, 0x0, 0x0, 0x7, 0xc0, 0x0,

    /* U+0077 "w" */
    0xff, 0xff, 0x80, 0xf8, 0x1f, 0xff, 0x7f, 0xfc,
    0x0, 0xf8, 0x3, 0xfc, 0x1f, 0xf8, 0x0, 0xf8,
    0x0, 0xf0, 0x1f, 0xf8, 0x1, 0xfc, 0x0, 0xf0,
    0xf, 0xf8, 0x1, 0xfc, 0x0, 0xe0, 0xf, 0xf8,
    0x1, 0xfc, 0x0, 0xe0, 0xf, 0xf8, 0x3, 0xfe,
    0x0, 0xc0, 0x7, 0xfc, 0x3, 0xfe, 0x0, 0xc0,
    0x7, 0xfc, 0x3, 0xfe, 0x1, 0xc0, 0x7, 0xfc,
    0x7, 0xfe, 0x1, 0xc0, 0x3, 0xfc, 0x7, 0xff,
    0x1, 0x80, 0x3, 0xfe, 0x6, 0xff, 0x3, 0x80,
    0x3, 0xfe, 0xe, 0xff, 0x3, 0x80, 0x3, 0xfe,
    0xe, 0x7f, 0x83, 0x0, 0x1, 0xfe, 0xc, 0x7f,
    0x83, 0x0, 0x1, 0xfe, 0x1c, 0x7f, 0x87, 0x0,
    0x1, 0xff, 0x1c, 0x7f, 0x87, 0x0, 0x0, 0xff,
    0x18, 0x3f, 0xc6, 0x0, 0x0, 0xff, 0x38, 0x3f,
    0xc6, 0x0, 0x0, 0xff, 0x38, 0x3f, 0xce, 0x0,
    0x0, 0xff, 0xb8, 0x1f, 0xcc, 0x0, 0x0, 0x7f,
    0xf0, 0x1f, 0xec, 0x0, 0x0, 0x7f, 0xf0, 0x1f,
    0xfc, 0x0, 0x0, 0x7f, 0xf0, 0xf, 0xfc, 0x0,
    0x0, 0x3f, 0xe0, 0xf, 0xf8, 0x0, 0x0, 0x3f,
    0xe0, 0xf, 0xf8, 0x0, 0x0, 0x3f, 0xe0, 0x7,
    0xf8, 0x0, 0x0, 0x1f, 0xc0, 0x7, 0xf8, 0x0,
    0x0, 0x1f, 0xc0, 0x7, 0xf0, 0x0, 0x0, 0x1f,
    0xc0, 0x3, 0xf0, 0x0, 0x0, 0x1f, 0x80, 0x3,
    0xf0, 0x0, 0x0, 0xf, 0x80, 0x3, 0xe0, 0x0,

    /* U+0078 "x" */
    0x7f, 0xff, 0x8f, 0xff, 0xf, 0xff, 0x0, 0xfc,
    0x3, 0xff, 0x0, 0x38, 0x0, 0xff, 0x80, 0x38,
    0x0, 0x3f, 0xe0, 0x1c, 0x0, 0x1f, 0xf0, 0x1c,
    0x0, 0x7, 0xfc, 0xc, 0x0, 0x1, 0xfe, 0xe,
    0x0, 0x0, 0xff, 0x8e, 0x0, 0x0, 0x3f, 0xc6,
    0x0, 0x0, 0x1f, 0xf7, 0x0, 0x0, 0x7, 0xfb,
    0x0, 0x0, 0x3, 0xff, 0x80, 0x0, 0x0, 0xff,
    0x80, 0x0, 0x0, 0x7f, 0xc0, 0x0, 0x0, 0x1f,
    0xf0, 0x0, 0x0, 0xf, 0xf8, 0x0, 0x0, 0x3,
    0xfe, 0x0, 0x0, 0x1, 0xff, 0x0, 0x0, 0x1,
    0xff, 0xc0, 0x0, 0x0, 0xff, 0xe0, 0x0, 0x0,
    0xff, 0xf8, 0x0, 0x0, 0xe7, 0xfc, 0x0, 0x0,
    0x73, 0xff, 0x0, 0x0, 0x70, 0xff, 0x80, 0x0,
    0x70, 0x7f, 0xe0, 0x0, 0x38, 0x1f, 0xf0, 0x0,
    0x38, 0xf, 0xfc, 0x0, 0x38, 0x3, 0xff, 0x0,
    0x3c, 0x1, 0xff, 0x80, 0x3e, 0x0, 0xff, 0xf0,
    0x3f, 0x80, 0x7f, 0xfe, 0xff, 0xf9, 0xff, 0xff,
    0x80,

    /* U+0079 "y" */
    0xff, 0xff, 0x9f, 0xff, 0x3f, 0xfe, 0x3, 0xfc,
    0x1f, 0xfc, 0x1, 0xf0, 0xf, 0xf8, 0x1, 0xe0,
    0x7, 0xf8, 0x1, 0xe0, 0x7, 0xfc, 0x1, 0xc0,
    0x7, 0xfc, 0x1, 0xc0, 0x3, 0xfc, 0x3, 0xc0,
    0x3, 0xfe, 0x3, 0x80, 0x3, 0xfe, 0x3, 0x80,
    0x1, 0xfe, 0x3, 0x80, 0x1, 0xff, 0x7, 0x0,
    0x1, 0xff, 0x7, 0x0, 0x0, 0xff, 0x7, 0x0,
    0x0, 0xff, 0xe, 0x0, 0x0, 0x7f, 0x8e, 0x0,
    0x0, 0x7f, 0x8e, 0x0, 0x0, 0x7f, 0x9c, 0x0,
    0x0, 0x3f, 0xdc, 0x0, 0x0, 0x3f, 0xdc, 0x0,
    0x0, 0x3f, 0xd8, 0x0, 0x0, 0x1f, 0xf8, 0x0,
    0x0, 0x1f, 0xf8, 0x0, 0x0, 0x1f, 0xf0, 0x0,
    0x0, 0xf, 0xf0, 0x0, 0x0, 0xf, 0xf0, 0x0,
    0x0, 0x7, 0xe0, 0x0, 0x0, 0x7, 0xe0, 0x0,
    0x0, 0x7, 0xc0, 0x0, 0x0, 0x3, 0xc0, 0x0,
    0x0, 0x3, 0xc0, 0x0, 0x0, 0x3, 0x80, 0x0,
    0x0, 0x1, 0x80, 0x0, 0x0, 0x3, 0x80, 0x0,
    0x0, 0x3, 0x0, 0x0, 0x0, 0x3, 0x0, 0x0,
    0x0, 0x7, 0x0, 0x0, 0x7, 0xc6, 0x0, 0x0,
    0xf, 0xe6, 0x0, 0x0, 0x1f, 0xee, 0x0, 0x0,
    0x1f, 0xfc, 0x0, 0x0, 0x1f, 0xfc, 0x0, 0x0,
    0x1f, 0xf8, 0x0, 0x0, 0x1f, 0xf8, 0x0, 0x0,
    0x1f, 0xf0, 0x0, 0x0, 0xf, 0xe0, 0x0, 0x0,
    0x7, 0xc0, 0x0, 0x0,

    /* U+007A "z" */
    0x7f, 0xff, 0xff, 0xef, 0xe0, 0xf, 0xfd, 0xf8,
    0x3, 0xff, 0x3e, 0x0, 0xff, 0xc7, 0xc0, 0x1f,
    0xf8, 0xf0, 0x7, 0xfe, 0x1e, 0x0, 0xff, 0xc3,
    0x80, 0x3f, 0xf0, 0x70, 0x7, 0xfe, 0xe, 0x1,
    0xff, 0x81, 0x80, 0x3f, 0xf0, 0x0, 0xf, 0xfc,
    0x0, 0x1, 0xff, 0x80, 0x0, 0x7f, 0xe0, 0x0,
    0xf, 0xf8, 0x0, 0x3, 0xff, 0x0, 0x0, 0xff,
    0xc0, 0x0, 0x1f, 0xf8, 0x0, 0x7, 0xfe, 0x0,
    0x0, 0xff, 0xc0, 0x0, 0x3f, 0xf0, 0x0, 0x7,
    0xfe, 0x0, 0x1, 0xff, 0x80, 0x18, 0x3f, 0xe0,
    0x7, 0xf, 0xfc, 0x0, 0xe1, 0xff, 0x0, 0x1c,
    0x7f, 0xe0, 0x3, 0x8f, 0xf8, 0x0, 0xf3, 0xff,
    0x0, 0x1e, 0xff, 0xc0, 0x7, 0xdf, 0xf8, 0x1,
    0xff, 0xfe, 0x0, 0x7f, 0xff, 0xff, 0xff, 0xe0,
    0x0, 0x0, 0x0,

    /* U+007B "{" */
    0x0, 0x3f, 0x80, 0x7c, 0x0, 0xfc, 0x0, 0xfe,
    0x0, 0x7f, 0x0, 0x7f, 0x80, 0x3f, 0xc0, 0x1f,
    0xe0, 0xf, 0xf0, 0x7, 0xf8, 0x3, 0xfc, 0x1,
    0xfe, 0x0, 0xff, 0x0, 0x7f, 0x80, 0x3f, 0xc0,
    0x1f, 0xe0, 0xf, 0xf0, 0x7, 0xf8, 0x3, 0xfc,
    0x1, 0xfe, 0x0, 0xff, 0x0, 0x7f, 0x80, 0x3f,
    0xc0, 0x1f, 0xc0, 0xf, 0xe0, 0x7, 0xe0, 0x7,
    0xe0, 0x3, 0xe0, 0x3, 0xe0, 0x7, 0xc0, 0x3,
    0xf0, 0x0, 0x7e, 0x0, 0x1f, 0x80, 0xf, 0xe0,
    0x3, 0xf8, 0x1, 0xfc, 0x0, 0xfe, 0x0, 0x7f,
    0x80, 0x3f, 0xc0, 0x1f, 0xe0, 0xf, 0xf0, 0x7,
    0xf8, 0x3, 0xfc, 0x1, 0xfe, 0x0, 0xff, 0x0,
    0x7f, 0x80, 0x3f, 0xc0, 0x1f, 0xe0, 0xf, 0xf0,
    0x7, 0xf8, 0x3, 0xfc, 0x1, 0xfe, 0x0, 0xff,
    0x0, 0x7f, 0x80, 0x1f, 0xc0, 0xf, 0xe0, 0x3,
    0xf0, 0x0, 0x7c, 0x0, 0xf, 0xe0,

    /* U+007C "|" */
    0xff, 0xff, 0xff, 0xff, 0xff, 0xff, 0xff, 0xff,
    0xff, 0xff, 0xff, 0xff, 0xff, 0xff, 0xff, 0xff,
    0xff, 0xff, 0xff, 0xff, 0xff, 0xff, 0xff, 0xff,
    0xff, 0xff, 0xff, 0xff, 0xff, 0xff, 0xff, 0xff,
    0xff, 0xff, 0xff, 0xff, 0xff, 0xff, 0xff, 0xff,
    0xff, 0xff, 0xff, 0xff, 0xff, 0xff, 0xff, 0xc0,

    /* U+007D "}" */
    0xfe, 0x0, 0x3, 0xe0, 0x0, 0x7e, 0x0, 0x1f,
    0xc0, 0x7, 0xf0, 0x1, 0xfe, 0x0, 0x7f, 0x80,
    0x1f, 0xe0, 0x7, 0xf8, 0x1, 0xfe, 0x0, 0x7f,
    0x80, 0x1f, 0xe0, 0x7, 0xf8, 0x1, 0xfe, 0x0,
    0x7f, 0x80, 0x1f, 0xe0, 0x7, 0xf8, 0x1, 0xfe,
    0x0, 0x7f, 0x80, 0x1f, 0xe0, 0x7, 0xf8, 0x1,
    0xfe, 0x0, 0x7f, 0x80, 0xf, 0xe0, 0x3, 0xf8,
    0x0, 0x7e, 0x0, 0x1f, 0xc0, 0x3, 0xf8, 0x0,
    0x3f, 0xc0, 0x3, 0xf0, 0x1, 0xfc, 0x1, 0xf8,
    0x0, 0xfc, 0x0, 0x7f, 0x0, 0x3f, 0x80, 0xf,
    0xe0, 0x7, 0xf8, 0x1, 0xfe, 0x0, 0x7f, 0x80,
    0x1f, 0xe0, 0x7, 0xf8, 0x1, 0xfe, 0x0, 0x7f,
    0x80, 0x1f, 0xe0, 0x7, 0xf8, 0x1, 0xfe, 0x0,
    0x7f, 0x80, 0x1f, 0xe0, 0x7, 0xf8, 0x1, 0xfe,
    0x0, 0x7f, 0x80, 0x1f, 0xe0, 0x7, 0xf8, 0x1,
    0xfe, 0x0, 0x7f, 0x0, 0x1f, 0xc0, 0x7, 0xe0,
    0x3, 0xe0, 0xf, 0xe0, 0x0,

    /* U+007E "~" */
    0x7, 0xe0, 0x3, 0x1f, 0xfe, 0x6, 0x3f, 0xff,
    0xfe, 0x3f, 0xff, 0xfc, 0x7f, 0xff, 0xfc, 0x60,
    0x3f, 0xf8, 0x40, 0x3, 0xf0,

    /* U+533B "医" */
    0x0, 0x0, 0x0, 0x0, 0x0, 0x0, 0x0, 0x0,
    0x0, 0x0, 0x0, 0x0, 0xe, 0x0, 0x10, 0x0,
    0x0, 0x0, 0x0, 0x1f, 0x0, 0x3e, 0x0, 0x0,
    0x0, 0x0, 0x3f, 0x80, 0x3f, 0x80, 0x0, 0x0,
    0x0, 0x7f, 0xe0, 0x3f, 0xe0, 0x0, 0x0, 0x0,
    0xff, 0xf0, 0x3f, 0xff, 0xff, 0xff, 0xff, 0xff,
    0xf0, 0x3f, 0xc0, 0x0, 0x0, 0x0, 0x0, 0x0,
    0x3f, 0x80, 0x0, 0x0, 0x0, 0x0, 0x0, 0x3f,
    0x80, 0x10, 0x0, 0x0, 0x0, 0x0, 0x3f, 0x80,
    0x3f, 0x80, 0x0, 0x0, 0x0, 0x3f, 0x80, 0x3f,
    0xf0, 0x0, 0x0, 0x0, 0x3f, 0x80, 0x3f, 0xf0,
    0x0, 0x0, 0x0, 0x3f, 0x80, 0x3f, 0xe0, 0x0,
    0x60, 0x0, 0x3f, 0x80, 0x3f, 0xc0, 0x0, 0xf8,
    0x0, 0x3f, 0x80, 0x3f, 0x80, 0x0, 0xfc, 0x0,
    0x3f, 0x80, 0x7f, 0x80, 0x1, 0xfe, 0x0, 0x3f,
    0x80, 0x7f, 0x0, 0x3, 0xff, 0x80, 0x3f, 0x80,
    0x7f, 0xff, 0xff, 0xff, 0x80, 0x3f, 0x80, 0x7e,
    0x3f, 0xe0, 0x0, 0x0, 0x3f, 0x80, 0xfc, 0x3f,
    0xe0, 0x0, 0x0, 0x3f, 0x80, 0xf8, 0x3f, 0xe0,
    0x0, 0x0, 0x3f, 0x80, 0xf0, 0x3f, 0xc0, 0x0,
    0x0, 0x3f, 0x81, 0xf0, 0x3f, 0xc0, 0x0, 0x0,
    0x3f, 0x81, 0xe0, 0x3f, 0xc0, 0x0, 0x0, 0x3f,
    0x81, 0xc0, 0x3f, 0xc0, 0x6, 0x0, 0x3f, 0x83,
    0x80, 0x3f, 0xc0, 0xf, 0x0, 0x3f, 0x83, 0x0,
    0x3f, 0xc0, 0x1f, 0xc0, 0x3f, 0x82, 0x0, 0x3f,
    0xc0, 0x3f, 0xe0, 0x3f, 0x84, 0x0, 0x3f, 0xc0,
    0x7f, 0xf0, 0x3f, 0x9f, 0xff, 0xff, 0xff, 0xff,
    0xf0, 0x3f, 0x80, 0x0, 0x3f, 0x80, 0x0, 0x0,
    0x3f, 0x80, 0x0, 0x3f, 0x80, 0x0, 0x0, 0x3f,
    0x80, 0x0, 0x3f, 0x80, 0x0, 0x0, 0x3f, 0x80,
    0x0, 0x7f, 0x80, 0x0, 0x0, 0x3f, 0x80, 0x0,
    0x7f, 0x80, 0x0, 0x0, 0x3f, 0x80, 0x0, 0x7f,
    0xf0, 0x0, 0x0, 0x3f, 0x80, 0x0, 0xff, 0xff,
    0x0, 0x0, 0x3f, 0x80, 0x0, 0xff, 0x3f, 0xc0,
    0x0, 0x3f, 0x80, 0x0, 0xfe, 0x1f, 0xf0, 0x0,
    0x3f, 0x80, 0x1, 0xfc, 0xf, 0xf8, 0x0, 0x3f,
    0x80, 0x3, 0xfc, 0x7, 0xfc, 0x0, 0x3f, 0x80,
    0x3, 0xf8, 0x7, 0xfc, 0x0, 0x3f, 0x80, 0x7,
    0xf0, 0x3, 0xfe, 0x0, 0x3f, 0x80, 0xf, 0xe0,
    0x3, 0xfe, 0x0, 0x3f, 0x80, 0x1f, 0xc0, 0x1,
    0xfe, 0x0, 0x3f, 0x80, 0x3f, 0x80, 0x1, 0xfe,
    0x0, 0x3f, 0x80, 0x7e, 0x0, 0x1, 0xfe, 0x0,
    0x3f, 0x81, 0xfc, 0x0, 0x0, 0xfc, 0x0, 0x3f,
    0x87, 0xe0, 0x0, 0x0, 0x78, 0xc0, 0x3f, 0x9f,
    0x0, 0x0, 0x0, 0x1, 0xf0, 0x3f, 0xf0, 0x0,
    0x0, 0x0, 0x3, 0xf8, 0x7f, 0x80, 0x0, 0x0,
    0x0, 0x7, 0xfe, 0x7f, 0x80, 0x0, 0x0, 0x0,
    0x7, 0xff, 0xff, 0xff, 0xff, 0xff, 0xff, 0xff,
    0xff, 0xff, 0xc0, 0x0, 0x0, 0x0, 0x0, 0x0,
    0x3f, 0x80, 0x0, 0x0, 0x0, 0x0, 0x0, 0x1f,
    0x0, 0x0, 0x0, 0x0, 0x0, 0x0, 0x6, 0x0,
    0x0, 0x0, 0x0, 0x0, 0x0,

    /* U+53F0 "台" */
    0x0, 0x0, 0x0, 0x0, 0x0, 0x0, 0x0, 0x0,
    0x1, 0x80, 0x0, 0x0, 0x0, 0x0, 0x0, 0x7c,
    0x0, 0x0, 0x0, 0x0, 0x0, 0xf, 0xe0, 0x0,
    0x0, 0x0, 0x0, 0x3, 0xff, 0x0, 0x0, 0x0,
    0x0, 0x0, 0xff, 0xf0, 0x0, 0x0, 0x0, 0x0,
    0x1f, 0xfe, 0x0, 0x0, 0x0, 0x0, 0x7, 0xff,
    0x80, 0x0, 0x0, 0x0, 0x1, 0xff, 0xc0, 0x0,
    0x0, 0x0, 0x0, 0x3f, 0xf0, 0x0, 0x0, 0x0,
    0x0, 0xf, 0xf8, 0x0, 0x0, 0x0, 0x0, 0x3,
    0xfe, 0x0, 0x0, 0x0, 0x0, 0x0, 0x7f, 0x80,
    0x0, 0x0, 0x0, 0x0, 0x1f, 0xc0, 0x3, 0xe0,
    0x0, 0x0, 0x7, 0xf0, 0x0, 0x1f, 0x80, 0x0,
    0x0, 0xfc, 0x0, 0x1, 0xfe, 0x0, 0x0, 0x3f,
    0x0, 0x0, 0x1f, 0xe0, 0x0, 0xf, 0xc0, 0x0,
    0x1, 0xff, 0x0, 0x3, 0xe0, 0x0, 0x0, 0x1f,
    0xf0, 0x0, 0xf8, 0x0, 0x0, 0x1, 0xff, 0x0,
    0xfe, 0x0, 0x0, 0x0, 0x3f, 0xf1, 0xff, 0xff,
    0xff, 0xff, 0xff, 0xff, 0x3f, 0xff, 0xff, 0xff,
    0xff, 0xff, 0xe3, 0xff, 0xff, 0xff, 0xff, 0xe7,
    0xfc, 0x7f, 0xff, 0xff, 0xfe, 0x0, 0xff, 0x8f,
    0xff, 0xff, 0xe0, 0x0, 0x1f, 0xf0, 0xff, 0xff,
    0x0, 0x0, 0x1, 0xfe, 0x1f, 0xf8, 0x0, 0x0,
    0x0, 0x3f, 0xc3, 0xe0, 0x0, 0x0, 0x0, 0x3,
    0xf0, 0x0, 0x0, 0x0, 0x0, 0x0, 0x38, 0x0,
    0x0, 0x0, 0x0, 0x4, 0x0, 0x0, 0x8, 0x0,
    0x0, 0x1, 0xf0, 0x0, 0x3, 0xe0, 0x0, 0x0,
    0x7f, 0x80, 0x0, 0x7f, 0x80, 0x0, 0x1f, 0xf8,
    0x0, 0xf, 0xff, 0xff, 0xff, 0xff, 0xc0, 0x1,
    0xfe, 0x0, 0x0, 0x1f, 0xf8, 0x0, 0x3f, 0xc0,
    0x0, 0x3, 0xfe, 0x0, 0x7, 0xf8, 0x0, 0x0,
    0x7f, 0x80, 0x0, 0xff, 0x0, 0x0, 0xf, 0xf0,
    0x0, 0x1f, 0xe0, 0x0, 0x1, 0xfe, 0x0, 0x3,
    0xfc, 0x0, 0x0, 0x3f, 0xc0, 0x0, 0x7f, 0x80,
    0x0, 0x7, 0xf8, 0x0, 0xf, 0xf0, 0x0, 0x0,
    0xff, 0x0, 0x1, 0xfe, 0x0, 0x0, 0x1f, 0xe0,
    0x0, 0x3f, 0xc0, 0x0, 0x3, 0xfc, 0x0, 0x7,
    0xf8, 0x0, 0x0, 0x7f, 0x80, 0x0, 0xff, 0x0,
    0x0, 0xf, 0xf0, 0x0, 0x1f, 0xe0, 0x0, 0x1,
    0xfe, 0x0, 0x3, 0xfc, 0x0, 0x0, 0x3f, 0xc0,
    0x0, 0x7f, 0x80, 0x0, 0x7, 0xf8, 0x0, 0xf,
    0xf0, 0x0, 0x0, 0xff, 0x0, 0x1, 0xff, 0xff,
    0xff, 0xff, 0xe0, 0x0, 0x3f, 0xc0, 0x0, 0x3,
    0xfc, 0x0, 0x7, 0xf8, 0x0, 0x0, 0x7f, 0x80,
    0x0, 0xff, 0x0, 0x0, 0xf, 0xf0, 0x0, 0x1f,
    0xe0, 0x0, 0x1, 0xfe, 0x0, 0x3, 0xfc, 0x0,
    0x0, 0x3f, 0xc0, 0x0, 0x7e, 0x0, 0x0, 0x3,
    0xf0, 0x0, 0x0, 0x0, 0x0, 0x0, 0x0, 0x0,
    0x0,

    /* U+5E73 "平" */
    0x0, 0x0, 0x0, 0x0, 0x0, 0x0, 0x0, 0x0,
    0x0, 0x0, 0x0, 0x0, 0x0, 0x1e, 0x0, 0x0,
    0x0, 0x0, 0x0, 0x0, 0x1, 0xf8, 0x0, 0x0,
    0x0, 0x0, 0x0, 0x0, 0x3f, 0xc0, 0x0, 0x0,
    0x0, 0x0, 0x0, 0x7, 0xfe, 0x0, 0x7f, 0xff,
    0xff, 0xff, 0xff, 0xff, 0xf0, 0x0, 0x0, 0x0,
    0x3f, 0xe0, 0x0, 0x0, 0x0, 0x0, 0x0, 0x3,
    0xfc, 0x0, 0x0, 0x0, 0x0, 0x0, 0x0, 0x3f,
    0xc0, 0x0, 0x0, 0x0, 0x0, 0x0, 0x3, 0xfc,
    0x0, 0x0, 0x0, 0x0, 0x0, 0x0, 0x3f, 0xc0,
    0x18, 0x0, 0x0, 0xe, 0x0, 0x3, 0xfc, 0x3,
    0xf0, 0x0, 0x0, 0x7c, 0x0, 0x3f, 0xc0, 0x3f,
    0xc0, 0x0, 0x3, 0xf0, 0x3, 0xfc, 0x3, 0xff,
    0x0, 0x0, 0x1f, 0xc0, 0x3f, 0xc0, 0x7f, 0xf8,
    0x0, 0x0, 0xfe, 0x3, 0xfc, 0x7, 0xfe, 0x0,
    0x0, 0xf, 0xf0, 0x3f, 0xc0, 0x7f, 0xc0, 0x0,
    0x0, 0xff, 0x83, 0xfc, 0xf, 0xf8, 0x0, 0x0,
    0x7, 0xf8, 0x3f, 0xc0, 0xff, 0x0, 0x0, 0x0,
    0x7f, 0x83, 0xfc, 0x1f, 0xe0, 0x0, 0x0, 0x7,
    0xf8, 0x3f, 0xc1, 0xfc, 0x0, 0x0, 0x0, 0x7f,
    0x83, 0xfc, 0x1f, 0x0, 0x0, 0x0, 0x7, 0xf8,
    0x3f, 0xc3, 0xe0, 0x0, 0x0, 0x0, 0x7f, 0x83,
    0xfc, 0x3c, 0x0, 0x0, 0x0, 0x7, 0xf0, 0x3f,
    0xc7, 0x80, 0x0, 0x0, 0x0, 0x3e, 0x3, 0xfc,
    0x70, 0x1, 0x80, 0x0, 0x0, 0x80, 0x3f, 0xce,
    0x0, 0x3e, 0x0, 0x0, 0x0, 0x3, 0xfd, 0xc0,
    0x3, 0xf0, 0x0, 0x0, 0x0, 0x3f, 0xd8, 0x0,
    0x7f, 0x80, 0x0, 0x0, 0x3, 0xff, 0x0, 0xf,
    0xfc, 0x0, 0x0, 0x0, 0x3f, 0xe0, 0x0, 0xff,
    0xe7, 0xff, 0xff, 0xff, 0xff, 0xff, 0xff, 0xff,
    0x0, 0x0, 0x0, 0x3f, 0xc0, 0x0, 0x0, 0x0,
    0x0, 0x0, 0x3, 0xfc, 0x0, 0x0, 0x0, 0x0,
    0x0, 0x0, 0x3f, 0xc0, 0x0, 0x0, 0x0, 0x0,
    0x0, 0x3, 0xfc, 0x0, 0x0, 0x0, 0x0, 0x0,
    0x0, 0x3f, 0xc0, 0x0, 0x0, 0x0, 0x0, 0x0,
    0x3, 0xfc, 0x0, 0x0, 0x0, 0x0, 0x0, 0x0,
    0x3f, 0xc0, 0x0, 0x0, 0x0, 0x0, 0x0, 0x3,
    0xfc, 0x0, 0x0, 0x0, 0x0, 0x0, 0x0, 0x3f,
    0xc0, 0x0, 0x0, 0x0, 0x0, 0x0, 0x3, 0xfc,
    0x0, 0x0, 0x0, 0x0, 0x0, 0x0, 0x3f, 0xc0,
    0x0, 0x0, 0x0, 0x0, 0x0, 0x3, 0xfc, 0x0,
    0x0, 0x0, 0x0, 0x0, 0x0, 0x3f, 0xc0, 0x0,
    0x0, 0x0, 0x0, 0x0, 0x3, 0xfc, 0x0, 0x0,
    0x0, 0x0, 0x0, 0x0, 0x3f, 0xc0, 0x0, 0x0,
    0x0, 0x0, 0x0, 0x3, 0xfc, 0x0, 0x0, 0x0,
    0x0, 0x0, 0x0, 0x3f, 0xc0, 0x0, 0x0, 0x0,
    0x0, 0x0, 0x3, 0xfc, 0x0, 0x0, 0x0, 0x0,
    0x0, 0x0, 0x3f, 0xc0, 0x0, 0x0, 0x0, 0x0,
    0x0, 0x3, 0xfc, 0x0, 0x0, 0x0, 0x0, 0x0,
    0x0, 0x3f, 0xc0, 0x0, 0x0, 0x0, 0x0, 0x0,
    0x3, 0xfc, 0x0, 0x0, 0x0, 0x0, 0x0, 0x0,
    0x3f, 0xc0, 0x0, 0x0, 0x0, 0x0, 0x0, 0x3,
    0xfc, 0x0, 0x0, 0x0, 0x0, 0x0, 0x0, 0x3f,
    0x80, 0x0, 0x0, 0x0, 0x0, 0x0, 0x3, 0xf0,
    0x0, 0x0, 0x0,

    /* U+6167 "慧" */
    0x0, 0x0, 0x0, 0x0, 0x0, 0x0, 0x0, 0x0,
    0x3, 0xf8, 0x0, 0x3, 0xfc, 0x0, 0x0, 0x0,
    0xff, 0x0, 0x0, 0xff, 0x0, 0x0, 0x0, 0x3f,
    0x80, 0x0, 0x3f, 0xc0, 0x0, 0x0, 0xf, 0xe0,
    0x0, 0xf, 0xf0, 0x10, 0x0, 0x3, 0xf8, 0x70,
    0x3, 0xfc, 0xf, 0x0, 0x0, 0xfe, 0x1e, 0x0,
    0xff, 0x7, 0xe0, 0x0, 0x3f, 0x8f, 0xe0, 0x3f,
    0xc3, 0xfc, 0x7f, 0xff, 0xff, 0xff, 0xff, 0xff,
    0xff, 0x0, 0x3, 0xf8, 0x0, 0x3, 0xfc, 0x0,
    0x0, 0x0, 0xfe, 0x0, 0x0, 0xff, 0x0, 0x0,
    0x0, 0x3f, 0x86, 0x0, 0x3f, 0xc1, 0xc0, 0x0,
    0xf, 0xe1, 0xc0, 0xf, 0xf0, 0x78, 0x0, 0x3,
    0xf8, 0xf8, 0x3, 0xfc, 0x3f, 0x1, 0xff, 0xff,
    0xfe, 0x3f, 0xff, 0xff, 0xe0, 0x0, 0x3f, 0x80,
    0x0, 0x3f, 0xc0, 0x0, 0x0, 0xf, 0xe0, 0x0,
    0xf, 0xf0, 0x0, 0x0, 0x3, 0xf8, 0x70, 0x3,
    0xfc, 0x7, 0x0, 0x0, 0xfe, 0x1e, 0x0, 0xff,
    0x3, 0xe0, 0x0, 0x3f, 0x8f, 0xc0, 0x3f, 0xc1,
    0xfc, 0x3f, 0xff, 0xff, 0xff, 0xff, 0xff, 0xff,
    0x0, 0x3, 0xf8, 0x0, 0x3, 0xfc, 0x0, 0x0,
    0x0, 0xfe, 0x0, 0x0, 0xff, 0x0, 0x0, 0x0,
    0x3f, 0x80, 0x0, 0x3f, 0xc0, 0x0, 0x0, 0xf,
    0xe0, 0x0, 0xf, 0xf0, 0x0, 0x0, 0x3, 0xf0,
    0x0, 0x3, 0xfc, 0x0, 0x0, 0x0, 0x0, 0x0,
    0x0, 0x23, 0xc0, 0x0, 0x0, 0x0, 0x0, 0x0,
    0x1, 0xfc, 0x0, 0x0, 0xff, 0xff, 0xff, 0xff,
    0xff, 0xc0, 0x0, 0x0, 0x0, 0x0, 0x0, 0xf,
    0xf8, 0x0, 0x0, 0x0, 0x0, 0x0, 0x3, 0xfe,
    0x0, 0x0, 0x0, 0x0, 0x0, 0x0, 0xff, 0x0,
    0x0, 0x0, 0x0, 0x0, 0x0, 0x3f, 0x80, 0x0,
    0x3f, 0xff, 0xff, 0xff, 0xff, 0xe0, 0x0, 0x0,
    0x0, 0x0, 0x0, 0x3, 0xf8, 0x0, 0x0, 0x0,
    0x0, 0x0, 0x0, 0xfe, 0x0, 0x0, 0x0, 0x0,
    0x0, 0x0, 0x3f, 0x80, 0x0, 0x0, 0x0, 0x0,
    0x0, 0xf, 0xe0, 0x0, 0x0, 0x0, 0x0, 0x0,
    0x3, 0xf8, 0x0, 0xf, 0xff, 0xff, 0xff, 0xff,
    0xfe, 0x0, 0x0, 0x0, 0x0, 0xf0, 0x0, 0x3f,
    0x80, 0x0, 0x0, 0x0, 0x1e, 0x0, 0xf, 0xe0,
    0x0, 0x0, 0x0, 0x7, 0xe0, 0x3, 0xf0, 0x0,
    0x0, 0x7, 0xf0, 0xfc, 0x0, 0x7c, 0x0, 0x0,
    0x81, 0xfc, 0x3f, 0x82, 0x7, 0xe0, 0x0, 0x20,
    0x7e, 0xf, 0xe0, 0x80, 0xfe, 0x0, 0x1c, 0x1f,
    0x83, 0xf8, 0x20, 0x1f, 0xc0, 0x7, 0x7, 0xe0,
    0xfe, 0x8, 0x7, 0xf8, 0x3, 0xc1, 0xf8, 0x3f,
    0x6, 0x0, 0xff, 0x1, 0xf0, 0x7e, 0x7, 0x81,
    0xc0, 0x3f, 0xc0, 0xfc, 0x1f, 0x80, 0x0, 0xf8,
    0x7, 0xf0, 0xff, 0x7, 0xe0, 0x0, 0x7f, 0x1,
    0xfc, 0x3f, 0xc1, 0xfe, 0x0, 0x7f, 0xe0, 0x7f,
    0x1f, 0xf0, 0x7f, 0xff, 0xff, 0xf8, 0x1f, 0xc7,
    0xf8, 0x1f, 0xff, 0xff, 0xfe, 0x3, 0xe0, 0xfc,
    0x7, 0xff, 0xff, 0xff, 0x80, 0x60, 0xe, 0x0,
    0xff, 0xff, 0xff, 0xc0, 0x0, 0x0, 0x0, 0x7,
    0xff, 0xff, 0x80, 0x0, 0x0,

    /* U+667A "智" */
    0x0, 0x0, 0x0, 0x0, 0x0, 0x0, 0x0, 0x0,
    0x78, 0x0, 0x0, 0x0, 0x0, 0x0, 0x0, 0x3f,
    0x80, 0x0, 0x0, 0x0, 0x0, 0x0, 0x1f, 0xf0,
    0x0, 0x0, 0x0, 0x0, 0x0, 0xf, 0xf8, 0x0,
    0x0, 0x0, 0x0, 0x0, 0xf, 0xf0, 0x7, 0x0,
    0x0, 0x7, 0x80, 0x7, 0xf8, 0x3, 0xc1, 0xc0,
    0x7, 0xf0, 0x3, 0xf8, 0x3, 0xf8, 0xfc, 0x7,
    0xfc, 0x1, 0xfc, 0x3, 0xfe, 0x7f, 0xff, 0xff,
    0x81, 0xff, 0xff, 0xfe, 0x3f, 0xc0, 0xff, 0xc0,
    0xfc, 0xff, 0x0, 0x1f, 0xc0, 0x7f, 0xe0, 0x7c,
    0x7f, 0x80, 0xf, 0xe0, 0x3f, 0xe0, 0x3c, 0x3f,
    0xc0, 0x7, 0xf0, 0x1f, 0xe0, 0x3c, 0x1f, 0xe0,
    0x3, 0xf8, 0xf, 0xf0, 0x1e, 0xf, 0xe0, 0x61,
    0xfc, 0x7, 0xf8, 0x1e, 0xf, 0xf0, 0x78, 0xfe,
    0x3, 0xfc, 0xe, 0x7, 0xf8, 0x7f, 0x7f, 0x1,
    0xfe, 0x6, 0x3, 0xfc, 0x3f, 0xff, 0x80, 0xff,
    0x3f, 0xff, 0xff, 0xff, 0xff, 0xc0, 0x7f, 0x80,
    0x0, 0xff, 0x0, 0xf, 0xe0, 0x3f, 0xc0, 0x0,
    0x7f, 0x80, 0x7, 0xf0, 0x1f, 0xe0, 0x0, 0x3f,
    0xc0, 0x3, 0xf8, 0xf, 0xf0, 0x0, 0x1f, 0xf8,
    0x1, 0xfc, 0x7, 0xf8, 0x0, 0x1f, 0xff, 0x80,
    0xfe, 0x3, 0xfc, 0x0, 0xf, 0xe7, 0xf0, 0x7f,
    0x1, 0xfe, 0x0, 0xf, 0xe1, 0xfc, 0x3f, 0xff,
    0xff, 0x0, 0x7, 0xf0, 0xff, 0x1f, 0xc0, 0x7f,
    0x80, 0x7, 0xf0, 0x3f, 0x8f, 0xe0, 0x3f, 0xc0,
    0x7, 0xf0, 0x1f, 0xc7, 0xf0, 0x1f, 0xe0, 0x7,
    0xf0, 0xf, 0xe3, 0xf0, 0xf, 0xe0, 0x7, 0xe0,
    0x7, 0xf0, 0x40, 0x1, 0x0, 0x7, 0xe0, 0x1,
    0xf0, 0x0, 0x0, 0x0, 0x7, 0xc0, 0x0, 0x70,
    0x0, 0x30, 0x0, 0xf, 0x81, 0x80, 0x0, 0x0,
    0x3f, 0x0, 0xf, 0x1, 0xf8, 0x0, 0x0, 0x3f,
    0xc0, 0x8, 0x0, 0xff, 0xff, 0xff, 0xff, 0xf0,
    0x0, 0x0, 0x7f, 0x80, 0x0, 0x7, 0xfc, 0x0,
    0x0, 0x3f, 0xc0, 0x0, 0x3, 0xff, 0x0, 0x0,
    0x1f, 0xe0, 0x0, 0x1, 0xff, 0x0, 0x0, 0xf,
    0xf0, 0x0, 0x0, 0xff, 0x0, 0x0, 0x7, 0xf8,
    0x0, 0x0, 0x7f, 0x80, 0x0, 0x3, 0xfc, 0x0,
    0x0, 0x3f, 0xc0, 0x0, 0x1, 0xfe, 0x0, 0x0,
    0x1f, 0xe0, 0x0, 0x0, 0xff, 0x0, 0x0, 0xf,
    0xf0, 0x0, 0x0, 0x7f, 0xff, 0xff, 0xff, 0xf8,
    0x0, 0x0, 0x3f, 0xc0, 0x0, 0x3, 0xfc, 0x0,
    0x0, 0x1f, 0xe0, 0x0, 0x1, 0xfe, 0x0, 0x0,
    0xf, 0xf0, 0x0, 0x0, 0xff, 0x0, 0x0, 0x7,
    0xf8, 0x0, 0x0, 0x7f, 0x80, 0x0, 0x3, 0xfc,
    0x0, 0x0, 0x3f, 0xc0, 0x0, 0x1, 0xfe, 0x0,
    0x0, 0x1f, 0xe0, 0x0, 0x0, 0xff, 0x0, 0x0,
    0xf, 0xf0, 0x0, 0x0, 0x7f, 0x80, 0x0, 0x7,
    0xf8, 0x0, 0x0, 0x3f, 0xc0, 0x0, 0x3, 0xfc,
    0x0, 0x0, 0x1f, 0xff, 0xff, 0xff, 0xfe, 0x0,
    0x0, 0xf, 0xe0, 0x0, 0x0, 0xff, 0x0, 0x0,
    0x7, 0xf0, 0x0, 0x0, 0x7f, 0x80, 0x0, 0x1,
    0xf0, 0x0, 0x0, 0x1f, 0x0, 0x0, 0x0, 0xc0,
    0x0, 0x0, 0x0, 0x0, 0x0,

    /* U+7597 "疗" */
    0x0, 0x0, 0x0, 0x7, 0xc0, 0x0, 0x0, 0x0,
    0x0, 0x0, 0x0, 0x7f, 0xe0, 0x0, 0x0, 0x0,
    0x0, 0x0, 0x0, 0xff, 0x80, 0x0, 0x0, 0x0,
    0x0, 0x0, 0x3, 0xfe, 0x0, 0x0, 0x0, 0x0,
    0x0, 0x0, 0x1f, 0xf8, 0x0, 0xc0, 0x0, 0x0,
    0x0, 0x0, 0x7f, 0xc0, 0xf, 0x0, 0x0, 0x0,
    0x0, 0x3, 0xfe, 0x0, 0x7c, 0x0, 0x1, 0x80,
    0x0, 0x1f, 0xe0, 0x7, 0xf8, 0x0, 0xf, 0x80,
    0x0, 0xff, 0x0, 0x3f, 0xe0, 0x0, 0x7f, 0x0,
    0x3, 0xf0, 0x3, 0xff, 0x80, 0x3, 0xff, 0xff,
    0xff, 0xff, 0xff, 0xfc, 0x0, 0x1f, 0xf0, 0x0,
    0x0, 0x0, 0x0, 0x0, 0x0, 0xff, 0x0, 0x0,
    0x0, 0x0, 0x0, 0x0, 0x7, 0xf8, 0x0, 0x0,
    0x0, 0x0, 0x0, 0x0, 0x3f, 0xc0, 0x0, 0x0,
    0x0, 0x0, 0x0, 0x1, 0xfe, 0x0, 0x0, 0x0,
    0x18, 0x0, 0x70, 0xf, 0xf0, 0x0, 0x0, 0x1,
    0xf0, 0x1, 0xe0, 0x7f, 0x80, 0x0, 0x0, 0x1f,
    0xe0, 0x7, 0xc3, 0xfc, 0x0, 0x0, 0x1, 0xff,
    0x80, 0x3f, 0x1f, 0xe7, 0xff, 0xff, 0xff, 0xfe,
    0x1, 0xfc, 0xff, 0x0, 0x0, 0x0, 0x7f, 0xf8,
    0xf, 0xe7, 0xf8, 0x0, 0x0, 0x3, 0xff, 0xe0,
    0x7f, 0x3f, 0xc0, 0x0, 0x0, 0x3f, 0xff, 0x3,
    0xf9, 0xfe, 0x0, 0x0, 0x1, 0xff, 0x0, 0x1f,
    0xcf, 0xf0, 0x0, 0x0, 0x1f, 0xc0, 0x0, 0xfe,
    0x7f, 0x80, 0x0, 0x0, 0xf8, 0x0, 0x3, 0xe3,
    0xfc, 0x0, 0x0, 0xf, 0x0, 0x0, 0xc, 0x1f,
    0xe0, 0x0, 0x0, 0x70, 0x0, 0x0, 0x0, 0xff,
    0x0, 0x1, 0xff, 0x0, 0x0, 0x0, 0x7, 0xf0,
    0x0, 0xf, 0xfc, 0x0, 0x0, 0x0, 0xff, 0x80,
    0x0, 0x7f, 0xc0, 0x0, 0x0, 0x7f, 0xfc, 0x0,
    0x3, 0xfc, 0x0, 0x0, 0x3f, 0xff, 0xe0, 0x0,
    0x1f, 0xe0, 0x0, 0x7, 0xff, 0x7f, 0x0, 0x0,
    0xff, 0x0, 0x0, 0x3f, 0xf3, 0xf8, 0x0, 0x7,
    0xf8, 0x0, 0x1, 0xff, 0x1f, 0xc0, 0x0, 0x3f,
    0xc0, 0x0, 0xf, 0xf0, 0xfe, 0x0, 0x1, 0xfe,
    0x0, 0x0, 0x7f, 0xf, 0xe0, 0x0, 0xf, 0xf0,
    0x0, 0x1, 0xf0, 0x7f, 0x0, 0x0, 0x7f, 0x80,
    0x0, 0xf, 0x3, 0xf8, 0x0, 0x3, 0xfc, 0x0,
    0x0, 0x30, 0x1f, 0xc0, 0x0, 0x1f, 0xe0, 0x0,
    0x1, 0x0, 0xfc, 0x0, 0x0, 0xff, 0x0, 0x0,
    0x0, 0xf, 0xe0, 0x0, 0x7, 0xf8, 0x0, 0x0,
    0x0, 0x7f, 0x0, 0x0, 0x3f, 0xc0, 0x0, 0x0,
    0x3, 0xf0, 0x0, 0x1, 0xfe, 0x0, 0x0, 0x0,
    0x3f, 0x80, 0x0, 0xf, 0xf0, 0x0, 0x0, 0x1,
    0xf8, 0x0, 0x0, 0x7f, 0x80, 0x0, 0x0, 0xf,
    0x80, 0x0, 0x3, 0xfc, 0x0, 0x0, 0x0, 0xfc,
    0x0, 0x0, 0x1f, 0xe0, 0x0, 0x0, 0x7, 0xc0,
    0x0, 0x0, 0xff, 0x0, 0x0, 0x0, 0x7c, 0x0,
    0x0, 0x7, 0xf8, 0x0, 0x0, 0x7, 0xc0, 0x0,
    0x0, 0x7f, 0xc0, 0x0, 0x0, 0x3c, 0x0, 0x1,
    0xff, 0xfe, 0x0, 0x0, 0x3, 0xc0, 0x0, 0x7,
    0xff, 0xf0, 0x0, 0x0, 0x3c, 0x0, 0x0, 0xf,
    0xff, 0x80, 0x0, 0x1, 0x80, 0x0, 0x0, 0x3f,
    0xfc, 0x0, 0x0, 0x18, 0x0, 0x0, 0x0, 0xff,
    0xc0, 0x0, 0x1, 0x0, 0x0, 0x0, 0x7, 0xfc,
    0x0, 0x0, 0x0, 0x0, 0x0, 0x0, 0x3f, 0xc0,
    0x0, 0x0, 0x0, 0x0, 0x0, 0x0, 0x40, 0x0,
    0x0, 0x0
};


/*---------------------
 *  GLYPH DESCRIPTION
 *--------------------*/

static const lv_font_fmt_txt_glyph_dsc_t glyph_dsc[] = {
    {.bitmap_index = 0, .adv_w = 0, .box_w = 0, .box_h = 0, .ofs_x = 0, .ofs_y = 0} /* id = 0 reserved */,
    {.bitmap_index = 0, .adv_w = 340, .box_w = 1, .box_h = 1, .ofs_x = 0, .ofs_y = 0},
    {.bitmap_index = 1, .adv_w = 320, .box_w = 12, .box_h = 49, .ofs_x = 4, .ofs_y = -2},
    {.bitmap_index = 75, .adv_w = 564, .box_w = 21, .box_h = 19, .ofs_x = 7, .ofs_y = 28},
    {.bitmap_index = 125, .adv_w = 684, .box_w = 39, .box_h = 48, .ofs_x = 2, .ofs_y = -1},
    {.bitmap_index = 359, .adv_w = 488, .box_w = 30, .box_h = 57, .ofs_x = 1, .ofs_y = -6},
    {.bitmap_index = 573, .adv_w = 916, .box_w = 49, .box_h = 50, .ofs_x = 4, .ofs_y = -2},
    {.bitmap_index = 880, .adv_w = 768, .box_w = 46, .box_h = 48, .ofs_x = 2, .ofs_y = -2},
    {.bitmap_index = 1156, .adv_w = 284, .box_w = 8, .box_h = 19, .ofs_x = 5, .ofs_y = 28},
    {.bitmap_index = 1175, .adv_w = 360, .box_w = 16, .box_h = 61, .ofs_x = 5, .ofs_y = -12},
    {.bitmap_index = 1297, .adv_w = 360, .box_w = 16, .box_h = 61, .ofs_x = 1, .ofs_y = -12},
    {.bitmap_index = 1419, .adv_w = 532, .box_w = 29, .box_h = 36, .ofs_x = 2, .ofs_y = 5},
    {.bitmap_index = 1550, .adv_w = 680, .box_w = 29, .box_h = 29, .ofs_x = 7, .ofs_y = 8},
    {.bitmap_index = 1656, .adv_w = 320, .box_w = 12, .box_h = 18, .ofs_x = 4, .ofs_y = -8},
    {.bitmap_index = 1683, .adv_w = 680, .box_w = 29, .box_h = 5, .ofs_x = 7, .ofs_y = 20},
    {.bitmap_index = 1702, .adv_w = 320, .box_w = 11, .box_h = 11, .ofs_x = 4, .ofs_y = -1},
    {.bitmap_index = 1718, .adv_w = 540, .box_w = 26, .box_h = 60, .ofs_x = 4, .ofs_y = -11},
    {.bitmap_index = 1913, .adv_w = 512, .box_w = 28, .box_h = 49, .ofs_x = 2, .ofs_y = -3},
    {.bitmap_index = 2085, .adv_w = 512, .box_w = 22, .box_h = 49, .ofs_x = 5, .ofs_y = -1},
    {.bitmap_index = 2220, .adv_w = 512, .box_w = 29, .box_h = 47, .ofs_x = 1, .ofs_y = -1},
    {.bitmap_index = 2391, .adv_w = 512, .box_w = 29, .box_h = 48, .ofs_x = 1, .ofs_y = -2},
    {.bitmap_index = 2565, .adv_w = 512, .box_w = 30, .box_h = 48, .ofs_x = 1, .ofs_y = -1},
    {.bitmap_index = 2745, .adv_w = 512, .box_w = 28, .box_h = 48, .ofs_x = 1, .ofs_y = -2},
    {.bitmap_index = 2913, .adv_w = 512, .box_w = 27, .box_h = 48, .ofs_x = 3, .ofs_y = -2},
    {.bitmap_index = 3075, .adv_w = 512, .box_w = 28, .box_h = 49, .ofs_x = 2, .ofs_y = -3},
    {.bitmap_index = 3247, .adv_w = 512, .box_w = 28, .box_h = 49, .ofs_x = 2, .ofs_y = -2},
    {.bitmap_index = 3419, .adv_w = 512, .box_w = 27, .box_h = 49, .ofs_x = 2, .ofs_y = -2},
    {.bitmap_index = 3585, .adv_w = 320, .box_w = 11, .box_h = 35, .ofs_x = 4, .ofs_y = -3},
    {.bitmap_index = 3634, .adv_w = 320, .box_w = 11, .box_h = 42, .ofs_x = 4, .ofs_y = -10},
    {.bitmap_index = 3692, .adv_w = 680, .box_w = 29, .box_h = 33, .ofs_x = 6, .ofs_y = 6},
    {.bitmap_index = 3812, .adv_w = 680, .box_w = 32, .box_h = 15, .ofs_x = 5, .ofs_y = 15},
    {.bitmap_index = 3872, .adv_w = 680, .box_w = 29, .box_h = 33, .ofs_x = 6, .ofs_y = 6},
    {.bitmap_index = 3992, .adv_w = 372, .box_w = 22, .box_h = 48, .ofs_x = 1, .ofs_y = -1},
    {.bitmap_index = 4124, .adv_w = 948, .box_w = 48, .box_h = 47, .ofs_x = 6, .ofs_y = -1},
    {.bitmap_index = 4406, .adv_w = 756, .box_w = 47, .box_h = 48, .ofs_x = 1, .ofs_y = -1},
    {.bitmap_index = 4688, .adv_w = 712, .box_w = 39, .box_h = 47, .ofs_x = 2, .ofs_y = -1},
    {.bitmap_index = 4918, .adv_w = 756, .box_w = 40, .box_h = 48, .ofs_x = 4, .ofs_y = -2},
    {.bitmap_index = 5158, .adv_w = 840, .box_w = 45, .box_h = 47, .ofs_x = 2, .ofs_y = -2},
    {.bitmap_index = 5423, .adv_w = 660, .box_w = 37, .box_h = 47, .ofs_x = 0, .ofs_y = -1},
    {.bitmap_index = 5641, .adv_w = 608, .box_w = 36, .box_h = 47, .ofs_x = 0, .ofs_y = -1},
    {.bitmap_index = 5853, .adv_w = 796, .box_w = 44, .box_h = 48, .ofs_x = 4, .ofs_y = -1},
    {.bitmap_index = 6117, .adv_w = 852, .box_w = 49, .box_h = 47, .ofs_x = 2, .ofs_y = -1},
    {.bitmap_index = 6405, .adv_w = 372, .box_w = 21, .box_h = 47, .ofs_x = 1, .ofs_y = -1},
    {.bitmap_index = 6529, .adv_w = 352, .box_w = 30, .box_h = 61, .ofs_x = -8, .ofs_y = -15},
    {.bitmap_index = 6758, .adv_w = 756, .box_w = 46, .box_h = 47, .ofs_x = 1, .ofs_y = -1},
    {.bitmap_index = 7029, .adv_w = 616, .box_w = 36, .box_h = 47, .ofs_x = 1, .ofs_y = -1},
    {.bitmap_index = 7241, .adv_w = 948, .box_w = 59, .box_h = 48, .ofs_x = 1, .ofs_y = -1},
    {.bitmap_index = 7595, .adv_w = 832, .box_w = 48, .box_h = 47, .ofs_x = 2, .ofs_y = -1},
    {.bitmap_index = 7877, .adv_w = 864, .box_w = 43, .box_h = 48, .ofs_x = 5, .ofs_y = -1},
    {.bitmap_index = 8135, .adv_w = 660, .box_w = 38, .box_h = 47, .ofs_x = 1, .ofs_y = -1},
    {.bitmap_index = 8359, .adv_w = 864, .box_w = 46, .box_h = 53, .ofs_x = 4, .ofs_y = -7},
    {.bitmap_index = 8664, .adv_w = 788, .box_w = 44, .box_h = 47, .ofs_x = 2, .ofs_y = -1},
    {.bitmap_index = 8923, .adv_w = 576, .box_w = 31, .box_h = 47, .ofs_x = 2, .ofs_y = 0},
    {.bitmap_index = 9106, .adv_w = 744, .box_w = 42, .box_h = 47, .ofs_x = 1, .ofs_y = -1},
    {.bitmap_index = 9353, .adv_w = 788, .box_w = 47, .box_h = 48, .ofs_x = 1, .ofs_y = -2},
    {.bitmap_index = 9635, .adv_w = 768, .box_w = 47, .box_h = 48, .ofs_x = 1, .ofs_y = -1},
    {.bitmap_index = 9917, .adv_w = 1024, .box_w = 63, .box_h = 47, .ofs_x = 1, .ofs_y = -1},
    {.bitmap_index = 10288, .adv_w = 820, .box_w = 46, .box_h = 47, .ofs_x = 2, .ofs_y = -1},
    {.bitmap_index = 10559, .adv_w = 768, .box_w = 46, .box_h = 47, .ofs_x = 1, .ofs_y = -1},
    {.bitmap_index = 10830, .adv_w = 768, .box_w = 37, .box_h = 48, .ofs_x = 4, .ofs_y = -1},
    {.bitmap_index = 11052, .adv_w = 372, .box_w = 14, .box_h = 59, .ofs_x = 8, .ofs_y = -11},
    {.bitmap_index = 11156, .adv_w = 540, .box_w = 28, .box_h = 40, .ofs_x = 3, .ofs_y = 0},
    {.bitmap_index = 11296, .adv_w = 372, .box_w = 14, .box_h = 59, .ofs_x = 1, .ofs_y = -11},
    {.bitmap_index = 11400, .adv_w = 340, .box_w = 21, .box_h = 24, .ofs_x = 0, .ofs_y = 22},
    {.bitmap_index = 11463, .adv_w = 512, .box_w = 32, .box_h = 3, .ofs_x = 0, .ofs_y = -10},
    {.bitmap_index = 11475, .adv_w = 340, .box_w = 17, .box_h = 18, .ofs_x = -1, .ofs_y = 32},
    {.bitmap_index = 11514, .adv_w = 488, .box_w = 30, .box_h = 35, .ofs_x = 1, .ofs_y = -3},
    {.bitmap_index = 11646, .adv_w = 584, .box_w = 34, .box_h = 49, .ofs_x = 0, .ofs_y = -1},
    {.bitmap_index = 11855, .adv_w = 500, .box_w = 27, .box_h = 35, .ofs_x = 3, .ofs_y = -2},
    {.bitmap_index = 11974, .adv_w = 584, .box_w = 33, .box_h = 50, .ofs_x = 3, .ofs_y = -2},
    {.bitmap_index = 12181, .adv_w = 488, .box_w = 28, .box_h = 35, .ofs_x = 2, .ofs_y = -3},
    {.bitmap_index = 12304, .adv_w = 328, .box_w = 26, .box_h = 48, .ofs_x = 1, .ofs_y = -1},
    {.bitmap_index = 12460, .adv_w = 564, .box_w = 32, .box_h = 47, .ofs_x = 2, .ofs_y = -15},
    {.bitmap_index = 12648, .adv_w = 576, .box_w = 34, .box_h = 49, .ofs_x = 1, .ofs_y = -1},
    {.bitmap_index = 12857, .adv_w = 296, .box_w = 18, .box_h = 49, .ofs_x = 1, .ofs_y = -2},
    {.bitmap_index = 12968, .adv_w = 284, .box_w = 20, .box_h = 63, .ofs_x = -6, .ofs_y = -15},
    {.bitmap_index = 13126, .adv_w = 552, .box_w = 34, .box_h = 49, .ofs_x = 1, .ofs_y = -1},
    {.bitmap_index = 13335, .adv_w = 276, .box_w = 17, .box_h = 48, .ofs_x = 1, .ofs_y = -1},
    {.bitmap_index = 13437, .adv_w = 948, .box_w = 59, .box_h = 34, .ofs_x = 1, .ofs_y = -1},
    {.bitmap_index = 13688, .adv_w = 584, .box_w = 36, .box_h = 35, .ofs_x = 1, .ofs_y = -1},
    {.bitmap_index = 13846, .adv_w = 584, .box_w = 32, .box_h = 34, .ofs_x = 2, .ofs_y = -2},
    {.bitmap_index = 13982, .adv_w = 584, .box_w = 34, .box_h = 48, .ofs_x = 1, .ofs_y = -15},
    {.bitmap_index = 14186, .adv_w = 584, .box_w = 34, .box_h = 48, .ofs_x = 3, .ofs_y = -15},
    {.bitmap_index = 14390, .adv_w = 404, .box_w = 24, .box_h = 34, .ofs_x = 1, .ofs_y = -1},
    {.bitmap_index = 14492, .adv_w = 384, .box_w = 21, .box_h = 34, .ofs_x = 2, .ofs_y = -2},
    {.bitmap_index = 14582, .adv_w = 352, .box_w = 21, .box_h = 45, .ofs_x = 1, .ofs_y = -2},
    {.bitmap_index = 14701, .adv_w = 584, .box_w = 35, .box_h = 35, .ofs_x = 1, .ofs_y = -3},
    {.bitmap_index = 14855, .adv_w = 532, .box_w = 32, .box_h = 32, .ofs_x = 1, .ofs_y = -1},
    {.bitmap_index = 14983, .adv_w = 796, .box_w = 48, .box_h = 32, .ofs_x = 1, .ofs_y = -1},
    {.bitmap_index = 15175, .adv_w = 540, .box_w = 33, .box_h = 33, .ofs_x = 1, .ofs_y = -1},
    {.bitmap_index = 15312, .adv_w = 532, .box_w = 32, .box_h = 47, .ofs_x = 1, .ofs_y = -16},
    {.bitmap_index = 15500, .adv_w = 520, .box_w = 27, .box_h = 34, .ofs_x = 2, .ofs_y = -1},
    {.bitmap_index = 15615, .adv_w = 404, .box_w = 17, .box_h = 59, .ofs_x = 4, .ofs_y = -10},
    {.bitmap_index = 15741, .adv_w = 576, .box_w = 6, .box_h = 63, .ofs_x = 15, .ofs_y = -13},
    {.bitmap_index = 15789, .adv_w = 404, .box_w = 18, .box_h = 59, .ofs_x = 3, .ofs_y = -10},
    {.bitmap_index = 15922, .adv_w = 532, .box_w = 24, .box_h = 7, .ofs_x = 4, .ofs_y = 19},
    {.bitmap_index = 15943, .adv_w = 1024, .box_w = 56, .box_h = 59, .ofs_x = 5, .ofs_y = -7},
    {.bitmap_index = 16356, .adv_w = 1024, .box_w = 51, .box_h = 59, .ofs_x = 8, .ofs_y = -6},
    {.bitmap_index = 16733, .adv_w = 1024, .box_w = 60, .box_h = 58, .ofs_x = 2, .ofs_y = -7},
    {.bitmap_index = 17168, .adv_w = 1024, .box_w = 58, .box_h = 58, .ofs_x = 4, .ofs_y = -6},
    {.bitmap_index = 17589, .adv_w = 1024, .box_w = 57, .box_h = 59, .ofs_x = 3, .ofs_y = -7},
    {.bitmap_index = 18010, .adv_w = 1024, .box_w = 61, .box_h = 60, .ofs_x = 2, .ofs_y = -8}
};

/*---------------------
 *  CHARACTER MAPPING
 *--------------------*/

static const uint16_t unicode_list_1[] = {
    0x0, 0xb5, 0xb38, 0xe2c, 0x133f, 0x225c
};

/*Collect the unicode lists and glyph_id offsets*/
static const lv_font_fmt_txt_cmap_t cmaps[] =
{
    {
        .range_start = 32, .range_length = 95, .glyph_id_start = 1,
        .unicode_list = NULL, .glyph_id_ofs_list = NULL, .list_length = 0, .type = LV_FONT_FMT_TXT_CMAP_FORMAT0_TINY
    },
    {
        .range_start = 21307, .range_length = 8797, .glyph_id_start = 96,
        .unicode_list = unicode_list_1, .glyph_id_ofs_list = NULL, .list_length = 6, .type = LV_FONT_FMT_TXT_CMAP_SPARSE_TINY
    }
};



/*--------------------
 *  ALL CUSTOM DATA
 *--------------------*/

#if LVGL_VERSION_MAJOR == 8
/*Store all the custom data of the font*/
static  lv_font_fmt_txt_glyph_cache_t cache;
#endif

#if LVGL_VERSION_MAJOR >= 8
static const lv_font_fmt_txt_dsc_t font_dsc = {
#else
static lv_font_fmt_txt_dsc_t font_dsc = {
#endif
    .glyph_bitmap = glyph_bitmap,
    .glyph_dsc = glyph_dsc,
    .cmaps = cmaps,
    .kern_dsc = NULL,
    .kern_scale = 0,
    .cmap_num = 2,
    .bpp = 1,
    .kern_classes = 0,
    .bitmap_format = 0,
#if LVGL_VERSION_MAJOR == 8
    .cache = &cache
#endif
};



/*-----------------
 *  PUBLIC FONT
 *----------------*/

/*Initialize a public general font descriptor*/
#if LVGL_VERSION_MAJOR >= 8
const lv_font_t ui_font_FontTitle = {
#else
lv_font_t ui_font_FontTitle = {
#endif
    .get_glyph_dsc = lv_font_get_glyph_dsc_fmt_txt,    /*Function pointer to get glyph's data*/
    .get_glyph_bitmap = lv_font_get_bitmap_fmt_txt,    /*Function pointer to get glyph's bitmap*/
    .line_height = 69,          /*The maximum line height required by the font*/
    .base_line = 16,             /*Baseline measured from the bottom of the line*/
#if !(LVGL_VERSION_MAJOR == 6 && LVGL_VERSION_MINOR == 0)
    .subpx = LV_FONT_SUBPX_NONE,
#endif
#if LV_VERSION_CHECK(7, 4, 0) || LVGL_VERSION_MAJOR >= 8
    .underline_position = -14,
    .underline_thickness = 3,
#endif
    .dsc = &font_dsc,          /*The custom font data. Will be accessed by `get_glyph_bitmap/dsc` */
#if LV_VERSION_CHECK(8, 2, 0) || LVGL_VERSION_MAJOR >= 9
    .fallback = NULL,
#endif
    .user_data = NULL,
};



#endif /*#if UI_FONT_FONTTITLE*/

